class,path
A,/kaggle/input/datasets/grassknoted/asl-alphabet/asl_alphabet_train/asl_alphabet_train/A/A1114.jpg
A,/kaggle/input/datasets/grassknoted/asl-alphabet/asl_alphabet_train/asl_alphabet_train/A/A1167.jpg
A,/kaggle/input/datasets/grassknoted/asl-alphabet/asl_alphabet_train/asl_alphabet_train/A/A1179.jpg
A,/kaggle/input/datasets/grassknoted/asl-alphabet/asl_alphabet_train/asl_alphabet_train/A/A1201.jpg
A,/kaggle/input/datasets/grassknoted/asl-alphabet/asl_alphabet_train/asl_alphabet_train/A/A1222.jpg
A,/kaggle/input/datasets/grassknoted/asl-alphabet/asl_alphabet_train/asl_alphabet_train/A/A1230.jpg
A,/kaggle/input/datasets/grassknoted/asl-alphabet/asl_alphabet_train/asl_alphabet_train/A/A1241.jpg
A,/kaggle/input/datasets/grassknoted/asl-alphabet/asl_alphabet_train/asl_alphabet_train/A/A1245.jpg
A,/kaggle/input/datasets/grassknoted/asl-alphabet/asl_alphabet_train/asl_alphabet_train/A/A126.jpg
A,/kaggle/input/datasets/grassknoted/asl-alphabet/asl_alphabet_train/asl_alphabet_train/A/A1334.jpg
A,/kaggle/input/datasets/grassknoted/asl-alphabet/asl_alphabet_train/asl_alphabet_train/A/A1346.jpg
A,/kaggle/input/datasets/grassknoted/asl-alphabet/asl_alphabet_train/asl_alphabet_train/A/A1376.jpg
A,/kaggle/input/datasets/grassknoted/asl-alphabet/asl_alphabet_train/asl_alphabet_train/A/A1409.jpg
A,/kaggle/input/datasets/grassknoted/asl-alphabet/asl_alphabet_train/asl_alphabet_train/A/A143.jpg
A,/kaggle/input/datasets/grassknoted/asl-alphabet/asl_alphabet_train/asl_alphabet_train/A/A1435.jpg
A,/kaggle/input/datasets/grassknoted/asl-alphabet/asl_alphabet_train/asl_alphabet_train/A/A1479.jpg
A,/kaggle/input/datasets/grassknoted/asl-alphabet/asl_alphabet_train/asl_alphabet_train/A/A1505.jpg
A,/kaggle/input/datasets/grassknoted/asl-alphabet/asl_alphabet_train/asl_alphabet_train/A/A1515.jpg
A,/kaggle/input/datasets/grassknoted/asl-alphabet/asl_alphabet_train/asl_alphabet_train/A/A1526.jpg
A,/kaggle/input/datasets/grassknoted/asl-alphabet/asl_alphabet_train/asl_alphabet_train/A/A1599.jpg
A,/kaggle/input/datasets/grassknoted/asl-alphabet/asl_alphabet_train/asl_alphabet_train/A/A1606.jpg
A,/kaggle/input/datasets/grassknoted/asl-alphabet/asl_alphabet_train/asl_alphabet_train/A/A1644.jpg
A,/kaggle/input/datasets/grassknoted/asl-alphabet/asl_alphabet_train/asl_alphabet_train/A/A1730.jpg
A,/kaggle/input/datasets/grassknoted/asl-alphabet/asl_alphabet_train/asl_alphabet_train/A/A1776.jpg
A,/kaggle/input/datasets/grassknoted/asl-alphabet/asl_alphabet_train/asl_alphabet_train/A/A1839.jpg
A,/kaggle/input/datasets/grassknoted/asl-alphabet/asl_alphabet_train/asl_alphabet_train/A/A1869.jpg
A,/kaggle/input/datasets/grassknoted/asl-alphabet/asl_alphabet_train/asl_alphabet_train/A/A1883.jpg
A,/kaggle/input/datasets/grassknoted/asl-alphabet/asl_alphabet_train/asl_alphabet_train/A/A1938.jpg
A,/kaggle/input/datasets/grassknoted/asl-alphabet/asl_alphabet_train/asl_alphabet_train/A/A1966.jpg
A,/kaggle/input/datasets/grassknoted/asl-alphabet/asl_alphabet_train/asl_alphabet_train/A/A1974.jpg
A,/kaggle/input/datasets/grassknoted/asl-alphabet/asl_alphabet_train/asl_alphabet_train/A/A1977.jpg
A,/kaggle/input/datasets/grassknoted/asl-alphabet/asl_alphabet_train/asl_alphabet_train/A/A1989.jpg
A,/kaggle/input/datasets/grassknoted/asl-alphabet/asl_alphabet_train/asl_alphabet_train/A/A2042.jpg
A,/kaggle/input/datasets/grassknoted/asl-alphabet/asl_alphabet_train/asl_alphabet_train/A/A2058.jpg
A,/kaggle/input/datasets/grassknoted/asl-alphabet/asl_alphabet_train/asl_alphabet_train/A/A2095.jpg
A,/kaggle/input/datasets/grassknoted/asl-alphabet/asl_alphabet_train/asl_alphabet_train/A/A213.jpg
A,/kaggle/input/datasets/grassknoted/asl-alphabet/asl_alphabet_train/asl_alphabet_train/A/A2145.jpg
A,/kaggle/input/datasets/grassknoted/asl-alphabet/asl_alphabet_train/asl_alphabet_train/A/A2168.jpg
A,/kaggle/input/datasets/grassknoted/asl-alphabet/asl_alphabet_train/asl_alphabet_train/A/A217.jpg
A,/kaggle/input/datasets/grassknoted/asl-alphabet/asl_alphabet_train/asl_alphabet_train/A/A2171.jpg
A,/kaggle/input/datasets/grassknoted/asl-alphabet/asl_alphabet_train/asl_alphabet_train/A/A2180.jpg
A,/kaggle/input/datasets/grassknoted/asl-alphabet/asl_alphabet_train/asl_alphabet_train/A/A2182.jpg
A,/kaggle/input/datasets/grassknoted/asl-alphabet/asl_alphabet_train/asl_alphabet_train/A/A2187.jpg
A,/kaggle/input/datasets/grassknoted/asl-alphabet/asl_alphabet_train/asl_alphabet_train/A/A2237.jpg
A,/kaggle/input/datasets/grassknoted/asl-alphabet/asl_alphabet_train/asl_alphabet_train/A/A2239.jpg
A,/kaggle/input/datasets/grassknoted/asl-alphabet/asl_alphabet_train/asl_alphabet_train/A/A2253.jpg
A,/kaggle/input/datasets/grassknoted/asl-alphabet/asl_alphabet_train/asl_alphabet_train/A/A2272.jpg
A,/kaggle/input/datasets/grassknoted/asl-alphabet/asl_alphabet_train/asl_alphabet_train/A/A2313.jpg
A,/kaggle/input/datasets/grassknoted/asl-alphabet/asl_alphabet_train/asl_alphabet_train/A/A2321.jpg
A,/kaggle/input/datasets/grassknoted/asl-alphabet/asl_alphabet_train/asl_alphabet_train/A/A2346.jpg
A,/kaggle/input/datasets/grassknoted/asl-alphabet/asl_alphabet_train/asl_alphabet_train/A/A2378.jpg
A,/kaggle/input/datasets/grassknoted/asl-alphabet/asl_alphabet_train/asl_alphabet_train/A/A2436.jpg
A,/kaggle/input/datasets/grassknoted/asl-alphabet/asl_alphabet_train/asl_alphabet_train/A/A2453.jpg
A,/kaggle/input/datasets/grassknoted/asl-alphabet/asl_alphabet_train/asl_alphabet_train/A/A2463.jpg
A,/kaggle/input/datasets/grassknoted/asl-alphabet/asl_alphabet_train/asl_alphabet_train/A/A2511.jpg
A,/kaggle/input/datasets/grassknoted/asl-alphabet/asl_alphabet_train/asl_alphabet_train/A/A2670.jpg
A,/kaggle/input/datasets/grassknoted/asl-alphabet/asl_alphabet_train/asl_alphabet_train/A/A2690.jpg
A,/kaggle/input/datasets/grassknoted/asl-alphabet/asl_alphabet_train/asl_alphabet_train/A/A2694.jpg
A,/kaggle/input/datasets/grassknoted/asl-alphabet/asl_alphabet_train/asl_alphabet_train/A/A2709.jpg
A,/kaggle/input/datasets/grassknoted/asl-alphabet/asl_alphabet_train/asl_alphabet_train/A/A2717.jpg
A,/kaggle/input/datasets/grassknoted/asl-alphabet/asl_alphabet_train/asl_alphabet_train/A/A2796.jpg
A,/kaggle/input/datasets/grassknoted/asl-alphabet/asl_alphabet_train/asl_alphabet_train/A/A2799.jpg
A,/kaggle/input/datasets/grassknoted/asl-alphabet/asl_alphabet_train/asl_alphabet_train/A/A2818.jpg
A,/kaggle/input/datasets/grassknoted/asl-alphabet/asl_alphabet_train/asl_alphabet_train/A/A2823.jpg
A,/kaggle/input/datasets/grassknoted/asl-alphabet/asl_alphabet_train/asl_alphabet_train/A/A2837.jpg
A,/kaggle/input/datasets/grassknoted/asl-alphabet/asl_alphabet_train/asl_alphabet_train/A/A2840.jpg
A,/kaggle/input/datasets/grassknoted/asl-alphabet/asl_alphabet_train/asl_alphabet_train/A/A2854.jpg
A,/kaggle/input/datasets/grassknoted/asl-alphabet/asl_alphabet_train/asl_alphabet_train/A/A2880.jpg
A,/kaggle/input/datasets/grassknoted/asl-alphabet/asl_alphabet_train/asl_alphabet_train/A/A2881.jpg
A,/kaggle/input/datasets/grassknoted/asl-alphabet/asl_alphabet_train/asl_alphabet_train/A/A2928.jpg
A,/kaggle/input/datasets/grassknoted/asl-alphabet/asl_alphabet_train/asl_alphabet_train/A/A2979.jpg
A,/kaggle/input/datasets/grassknoted/asl-alphabet/asl_alphabet_train/asl_alphabet_train/A/A2984.jpg
A,/kaggle/input/datasets/grassknoted/asl-alphabet/asl_alphabet_train/asl_alphabet_train/A/A2995.jpg
A,/kaggle/input/datasets/grassknoted/asl-alphabet/asl_alphabet_train/asl_alphabet_train/A/A305.jpg
A,/kaggle/input/datasets/grassknoted/asl-alphabet/asl_alphabet_train/asl_alphabet_train/A/A316.jpg
A,/kaggle/input/datasets/grassknoted/asl-alphabet/asl_alphabet_train/asl_alphabet_train/A/A32.jpg
A,/kaggle/input/datasets/grassknoted/asl-alphabet/asl_alphabet_train/asl_alphabet_train/A/A356.jpg
A,/kaggle/input/datasets/grassknoted/asl-alphabet/asl_alphabet_train/asl_alphabet_train/A/A361.jpg
A,/kaggle/input/datasets/grassknoted/asl-alphabet/asl_alphabet_train/asl_alphabet_train/A/A364.jpg
A,/kaggle/input/datasets/grassknoted/asl-alphabet/asl_alphabet_train/asl_alphabet_train/A/A365.jpg
A,/kaggle/input/datasets/grassknoted/asl-alphabet/asl_alphabet_train/asl_alphabet_train/A/A425.jpg
A,/kaggle/input/datasets/grassknoted/asl-alphabet/asl_alphabet_train/asl_alphabet_train/A/A465.jpg
A,/kaggle/input/datasets/grassknoted/asl-alphabet/asl_alphabet_train/asl_alphabet_train/A/A467.jpg
A,/kaggle/input/datasets/grassknoted/asl-alphabet/asl_alphabet_train/asl_alphabet_train/A/A487.jpg
A,/kaggle/input/datasets/grassknoted/asl-alphabet/asl_alphabet_train/asl_alphabet_train/A/A504.jpg
A,/kaggle/input/datasets/grassknoted/asl-alphabet/asl_alphabet_train/asl_alphabet_train/A/A534.jpg
A,/kaggle/input/datasets/grassknoted/asl-alphabet/asl_alphabet_train/asl_alphabet_train/A/A538.jpg
A,/kaggle/input/datasets/grassknoted/asl-alphabet/asl_alphabet_train/asl_alphabet_train/A/A544.jpg
A,/kaggle/input/datasets/grassknoted/asl-alphabet/asl_alphabet_train/asl_alphabet_train/A/A566.jpg
A,/kaggle/input/datasets/grassknoted/asl-alphabet/asl_alphabet_train/asl_alphabet_train/A/A567.jpg
A,/kaggle/input/datasets/grassknoted/asl-alphabet/asl_alphabet_train/asl_alphabet_train/A/A643.jpg
A,/kaggle/input/datasets/grassknoted/asl-alphabet/asl_alphabet_train/asl_alphabet_train/A/A668.jpg
A,/kaggle/input/datasets/grassknoted/asl-alphabet/asl_alphabet_train/asl_alphabet_train/A/A716.jpg
A,/kaggle/input/datasets/grassknoted/asl-alphabet/asl_alphabet_train/asl_alphabet_train/A/A719.jpg
A,/kaggle/input/datasets/grassknoted/asl-alphabet/asl_alphabet_train/asl_alphabet_train/A/A737.jpg
A,/kaggle/input/datasets/grassknoted/asl-alphabet/asl_alphabet_train/asl_alphabet_train/A/A757.jpg
A,/kaggle/input/datasets/grassknoted/asl-alphabet/asl_alphabet_train/asl_alphabet_train/A/A821.jpg
A,/kaggle/input/datasets/grassknoted/asl-alphabet/asl_alphabet_train/asl_alphabet_train/A/A856.jpg
A,/kaggle/input/datasets/grassknoted/asl-alphabet/asl_alphabet_train/asl_alphabet_train/A/A872.jpg
A,/kaggle/input/datasets/grassknoted/asl-alphabet/asl_alphabet_train/asl_alphabet_train/A/A88.jpg
B,/kaggle/input/datasets/grassknoted/asl-alphabet/asl_alphabet_train/asl_alphabet_train/B/B105.jpg
B,/kaggle/input/datasets/grassknoted/asl-alphabet/asl_alphabet_train/asl_alphabet_train/B/B1059.jpg
B,/kaggle/input/datasets/grassknoted/asl-alphabet/asl_alphabet_train/asl_alphabet_train/B/B1108.jpg
B,/kaggle/input/datasets/grassknoted/asl-alphabet/asl_alphabet_train/asl_alphabet_train/B/B1172.jpg
B,/kaggle/input/datasets/grassknoted/asl-alphabet/asl_alphabet_train/asl_alphabet_train/B/B1206.jpg
B,/kaggle/input/datasets/grassknoted/asl-alphabet/asl_alphabet_train/asl_alphabet_train/B/B122.jpg
B,/kaggle/input/datasets/grassknoted/asl-alphabet/asl_alphabet_train/asl_alphabet_train/B/B1221.jpg
B,/kaggle/input/datasets/grassknoted/asl-alphabet/asl_alphabet_train/asl_alphabet_train/B/B1249.jpg
B,/kaggle/input/datasets/grassknoted/asl-alphabet/asl_alphabet_train/asl_alphabet_train/B/B1251.jpg
B,/kaggle/input/datasets/grassknoted/asl-alphabet/asl_alphabet_train/asl_alphabet_train/B/B1273.jpg
B,/kaggle/input/datasets/grassknoted/asl-alphabet/asl_alphabet_train/asl_alphabet_train/B/B1333.jpg
B,/kaggle/input/datasets/grassknoted/asl-alphabet/asl_alphabet_train/asl_alphabet_train/B/B137.jpg
B,/kaggle/input/datasets/grassknoted/asl-alphabet/asl_alphabet_train/asl_alphabet_train/B/B1383.jpg
B,/kaggle/input/datasets/grassknoted/asl-alphabet/asl_alphabet_train/asl_alphabet_train/B/B1403.jpg
B,/kaggle/input/datasets/grassknoted/asl-alphabet/asl_alphabet_train/asl_alphabet_train/B/B1431.jpg
B,/kaggle/input/datasets/grassknoted/asl-alphabet/asl_alphabet_train/asl_alphabet_train/B/B1453.jpg
B,/kaggle/input/datasets/grassknoted/asl-alphabet/asl_alphabet_train/asl_alphabet_train/B/B1465.jpg
B,/kaggle/input/datasets/grassknoted/asl-alphabet/asl_alphabet_train/asl_alphabet_train/B/B1475.jpg
B,/kaggle/input/datasets/grassknoted/asl-alphabet/asl_alphabet_train/asl_alphabet_train/B/B15.jpg
B,/kaggle/input/datasets/grassknoted/asl-alphabet/asl_alphabet_train/asl_alphabet_train/B/B1530.jpg
B,/kaggle/input/datasets/grassknoted/asl-alphabet/asl_alphabet_train/asl_alphabet_train/B/B1683.jpg
B,/kaggle/input/datasets/grassknoted/asl-alphabet/asl_alphabet_train/asl_alphabet_train/B/B1689.jpg
B,/kaggle/input/datasets/grassknoted/asl-alphabet/asl_alphabet_train/asl_alphabet_train/B/B1694.jpg
B,/kaggle/input/datasets/grassknoted/asl-alphabet/asl_alphabet_train/asl_alphabet_train/B/B1713.jpg
B,/kaggle/input/datasets/grassknoted/asl-alphabet/asl_alphabet_train/asl_alphabet_train/B/B1718.jpg
B,/kaggle/input/datasets/grassknoted/asl-alphabet/asl_alphabet_train/asl_alphabet_train/B/B1739.jpg
B,/kaggle/input/datasets/grassknoted/asl-alphabet/asl_alphabet_train/asl_alphabet_train/B/B1767.jpg
B,/kaggle/input/datasets/grassknoted/asl-alphabet/asl_alphabet_train/asl_alphabet_train/B/B1788.jpg
B,/kaggle/input/datasets/grassknoted/asl-alphabet/asl_alphabet_train/asl_alphabet_train/B/B18.jpg
B,/kaggle/input/datasets/grassknoted/asl-alphabet/asl_alphabet_train/asl_alphabet_train/B/B1804.jpg
B,/kaggle/input/datasets/grassknoted/asl-alphabet/asl_alphabet_train/asl_alphabet_train/B/B1815.jpg
B,/kaggle/input/datasets/grassknoted/asl-alphabet/asl_alphabet_train/asl_alphabet_train/B/B1876.jpg
B,/kaggle/input/datasets/grassknoted/asl-alphabet/asl_alphabet_train/asl_alphabet_train/B/B1893.jpg
B,/kaggle/input/datasets/grassknoted/asl-alphabet/asl_alphabet_train/asl_alphabet_train/B/B1925.jpg
B,/kaggle/input/datasets/grassknoted/asl-alphabet/asl_alphabet_train/asl_alphabet_train/B/B1955.jpg
B,/kaggle/input/datasets/grassknoted/asl-alphabet/asl_alphabet_train/asl_alphabet_train/B/B2101.jpg
B,/kaggle/input/datasets/grassknoted/asl-alphabet/asl_alphabet_train/asl_alphabet_train/B/B2118.jpg
B,/kaggle/input/datasets/grassknoted/asl-alphabet/asl_alphabet_train/asl_alphabet_train/B/B2140.jpg
B,/kaggle/input/datasets/grassknoted/asl-alphabet/asl_alphabet_train/asl_alphabet_train/B/B2173.jpg
B,/kaggle/input/datasets/grassknoted/asl-alphabet/asl_alphabet_train/asl_alphabet_train/B/B2177.jpg
B,/kaggle/input/datasets/grassknoted/asl-alphabet/asl_alphabet_train/asl_alphabet_train/B/B2183.jpg
B,/kaggle/input/datasets/grassknoted/asl-alphabet/asl_alphabet_train/asl_alphabet_train/B/B2184.jpg
B,/kaggle/input/datasets/grassknoted/asl-alphabet/asl_alphabet_train/asl_alphabet_train/B/B2192.jpg
B,/kaggle/input/datasets/grassknoted/asl-alphabet/asl_alphabet_train/asl_alphabet_train/B/B2195.jpg
B,/kaggle/input/datasets/grassknoted/asl-alphabet/asl_alphabet_train/asl_alphabet_train/B/B2198.jpg
B,/kaggle/input/datasets/grassknoted/asl-alphabet/asl_alphabet_train/asl_alphabet_train/B/B2220.jpg
B,/kaggle/input/datasets/grassknoted/asl-alphabet/asl_alphabet_train/asl_alphabet_train/B/B2250.jpg
B,/kaggle/input/datasets/grassknoted/asl-alphabet/asl_alphabet_train/asl_alphabet_train/B/B2273.jpg
B,/kaggle/input/datasets/grassknoted/asl-alphabet/asl_alphabet_train/asl_alphabet_train/B/B2290.jpg
B,/kaggle/input/datasets/grassknoted/asl-alphabet/asl_alphabet_train/asl_alphabet_train/B/B2292.jpg
B,/kaggle/input/datasets/grassknoted/asl-alphabet/asl_alphabet_train/asl_alphabet_train/B/B230.jpg
B,/kaggle/input/datasets/grassknoted/asl-alphabet/asl_alphabet_train/asl_alphabet_train/B/B2304.jpg
B,/kaggle/input/datasets/grassknoted/asl-alphabet/asl_alphabet_train/asl_alphabet_train/B/B2310.jpg
B,/kaggle/input/datasets/grassknoted/asl-alphabet/asl_alphabet_train/asl_alphabet_train/B/B2316.jpg
B,/kaggle/input/datasets/grassknoted/asl-alphabet/asl_alphabet_train/asl_alphabet_train/B/B2402.jpg
B,/kaggle/input/datasets/grassknoted/asl-alphabet/asl_alphabet_train/asl_alphabet_train/B/B2440.jpg
B,/kaggle/input/datasets/grassknoted/asl-alphabet/asl_alphabet_train/asl_alphabet_train/B/B2458.jpg
B,/kaggle/input/datasets/grassknoted/asl-alphabet/asl_alphabet_train/asl_alphabet_train/B/B2468.jpg
B,/kaggle/input/datasets/grassknoted/asl-alphabet/asl_alphabet_train/asl_alphabet_train/B/B2525.jpg
B,/kaggle/input/datasets/grassknoted/asl-alphabet/asl_alphabet_train/asl_alphabet_train/B/B2536.jpg
B,/kaggle/input/datasets/grassknoted/asl-alphabet/asl_alphabet_train/asl_alphabet_train/B/B2546.jpg
B,/kaggle/input/datasets/grassknoted/asl-alphabet/asl_alphabet_train/asl_alphabet_train/B/B2550.jpg
B,/kaggle/input/datasets/grassknoted/asl-alphabet/asl_alphabet_train/asl_alphabet_train/B/B2565.jpg
B,/kaggle/input/datasets/grassknoted/asl-alphabet/asl_alphabet_train/asl_alphabet_train/B/B2579.jpg
B,/kaggle/input/datasets/grassknoted/asl-alphabet/asl_alphabet_train/asl_alphabet_train/B/B2635.jpg
B,/kaggle/input/datasets/grassknoted/asl-alphabet/asl_alphabet_train/asl_alphabet_train/B/B2659.jpg
B,/kaggle/input/datasets/grassknoted/asl-alphabet/asl_alphabet_train/asl_alphabet_train/B/B2666.jpg
B,/kaggle/input/datasets/grassknoted/asl-alphabet/asl_alphabet_train/asl_alphabet_train/B/B2720.jpg
B,/kaggle/input/datasets/grassknoted/asl-alphabet/asl_alphabet_train/asl_alphabet_train/B/B2752.jpg
B,/kaggle/input/datasets/grassknoted/asl-alphabet/asl_alphabet_train/asl_alphabet_train/B/B2756.jpg
B,/kaggle/input/datasets/grassknoted/asl-alphabet/asl_alphabet_train/asl_alphabet_train/B/B2800.jpg
B,/kaggle/input/datasets/grassknoted/asl-alphabet/asl_alphabet_train/asl_alphabet_train/B/B2802.jpg
B,/kaggle/input/datasets/grassknoted/asl-alphabet/asl_alphabet_train/asl_alphabet_train/B/B2828.jpg
B,/kaggle/input/datasets/grassknoted/asl-alphabet/asl_alphabet_train/asl_alphabet_train/B/B2851.jpg
B,/kaggle/input/datasets/grassknoted/asl-alphabet/asl_alphabet_train/asl_alphabet_train/B/B2879.jpg
B,/kaggle/input/datasets/grassknoted/asl-alphabet/asl_alphabet_train/asl_alphabet_train/B/B29.jpg
B,/kaggle/input/datasets/grassknoted/asl-alphabet/asl_alphabet_train/asl_alphabet_train/B/B2900.jpg
B,/kaggle/input/datasets/grassknoted/asl-alphabet/asl_alphabet_train/asl_alphabet_train/B/B2932.jpg
B,/kaggle/input/datasets/grassknoted/asl-alphabet/asl_alphabet_train/asl_alphabet_train/B/B3.jpg
B,/kaggle/input/datasets/grassknoted/asl-alphabet/asl_alphabet_train/asl_alphabet_train/B/B301.jpg
B,/kaggle/input/datasets/grassknoted/asl-alphabet/asl_alphabet_train/asl_alphabet_train/B/B308.jpg
B,/kaggle/input/datasets/grassknoted/asl-alphabet/asl_alphabet_train/asl_alphabet_train/B/B338.jpg
B,/kaggle/input/datasets/grassknoted/asl-alphabet/asl_alphabet_train/asl_alphabet_train/B/B368.jpg
B,/kaggle/input/datasets/grassknoted/asl-alphabet/asl_alphabet_train/asl_alphabet_train/B/B388.jpg
B,/kaggle/input/datasets/grassknoted/asl-alphabet/asl_alphabet_train/asl_alphabet_train/B/B397.jpg
B,/kaggle/input/datasets/grassknoted/asl-alphabet/asl_alphabet_train/asl_alphabet_train/B/B413.jpg
B,/kaggle/input/datasets/grassknoted/asl-alphabet/asl_alphabet_train/asl_alphabet_train/B/B429.jpg
B,/kaggle/input/datasets/grassknoted/asl-alphabet/asl_alphabet_train/asl_alphabet_train/B/B473.jpg
B,/kaggle/input/datasets/grassknoted/asl-alphabet/asl_alphabet_train/asl_alphabet_train/B/B56.jpg
B,/kaggle/input/datasets/grassknoted/asl-alphabet/asl_alphabet_train/asl_alphabet_train/B/B591.jpg
B,/kaggle/input/datasets/grassknoted/asl-alphabet/asl_alphabet_train/asl_alphabet_train/B/B671.jpg
B,/kaggle/input/datasets/grassknoted/asl-alphabet/asl_alphabet_train/asl_alphabet_train/B/B672.jpg
B,/kaggle/input/datasets/grassknoted/asl-alphabet/asl_alphabet_train/asl_alphabet_train/B/B767.jpg
B,/kaggle/input/datasets/grassknoted/asl-alphabet/asl_alphabet_train/asl_alphabet_train/B/B81.jpg
B,/kaggle/input/datasets/grassknoted/asl-alphabet/asl_alphabet_train/asl_alphabet_train/B/B82.jpg
B,/kaggle/input/datasets/grassknoted/asl-alphabet/asl_alphabet_train/asl_alphabet_train/B/B836.jpg
B,/kaggle/input/datasets/grassknoted/asl-alphabet/asl_alphabet_train/asl_alphabet_train/B/B865.jpg
B,/kaggle/input/datasets/grassknoted/asl-alphabet/asl_alphabet_train/asl_alphabet_train/B/B869.jpg
B,/kaggle/input/datasets/grassknoted/asl-alphabet/asl_alphabet_train/asl_alphabet_train/B/B940.jpg
B,/kaggle/input/datasets/grassknoted/asl-alphabet/asl_alphabet_train/asl_alphabet_train/B/B962.jpg
C,/kaggle/input/datasets/grassknoted/asl-alphabet/asl_alphabet_train/asl_alphabet_train/C/C1015.jpg
C,/kaggle/input/datasets/grassknoted/asl-alphabet/asl_alphabet_train/asl_alphabet_train/C/C1034.jpg
C,/kaggle/input/datasets/grassknoted/asl-alphabet/asl_alphabet_train/asl_alphabet_train/C/C1045.jpg
C,/kaggle/input/datasets/grassknoted/asl-alphabet/asl_alphabet_train/asl_alphabet_train/C/C1046.jpg
C,/kaggle/input/datasets/grassknoted/asl-alphabet/asl_alphabet_train/asl_alphabet_train/C/C1064.jpg
C,/kaggle/input/datasets/grassknoted/asl-alphabet/asl_alphabet_train/asl_alphabet_train/C/C1211.jpg
C,/kaggle/input/datasets/grassknoted/asl-alphabet/asl_alphabet_train/asl_alphabet_train/C/C1220.jpg
C,/kaggle/input/datasets/grassknoted/asl-alphabet/asl_alphabet_train/asl_alphabet_train/C/C1280.jpg
C,/kaggle/input/datasets/grassknoted/asl-alphabet/asl_alphabet_train/asl_alphabet_train/C/C1291.jpg
C,/kaggle/input/datasets/grassknoted/asl-alphabet/asl_alphabet_train/asl_alphabet_train/C/C1318.jpg
C,/kaggle/input/datasets/grassknoted/asl-alphabet/asl_alphabet_train/asl_alphabet_train/C/C1319.jpg
C,/kaggle/input/datasets/grassknoted/asl-alphabet/asl_alphabet_train/asl_alphabet_train/C/C1325.jpg
C,/kaggle/input/datasets/grassknoted/asl-alphabet/asl_alphabet_train/asl_alphabet_train/C/C1344.jpg
C,/kaggle/input/datasets/grassknoted/asl-alphabet/asl_alphabet_train/asl_alphabet_train/C/C1349.jpg
C,/kaggle/input/datasets/grassknoted/asl-alphabet/asl_alphabet_train/asl_alphabet_train/C/C1372.jpg
C,/kaggle/input/datasets/grassknoted/asl-alphabet/asl_alphabet_train/asl_alphabet_train/C/C1375.jpg
C,/kaggle/input/datasets/grassknoted/asl-alphabet/asl_alphabet_train/asl_alphabet_train/C/C1393.jpg
C,/kaggle/input/datasets/grassknoted/asl-alphabet/asl_alphabet_train/asl_alphabet_train/C/C1441.jpg
C,/kaggle/input/datasets/grassknoted/asl-alphabet/asl_alphabet_train/asl_alphabet_train/C/C1455.jpg
C,/kaggle/input/datasets/grassknoted/asl-alphabet/asl_alphabet_train/asl_alphabet_train/C/C1484.jpg
C,/kaggle/input/datasets/grassknoted/asl-alphabet/asl_alphabet_train/asl_alphabet_train/C/C1524.jpg
C,/kaggle/input/datasets/grassknoted/asl-alphabet/asl_alphabet_train/asl_alphabet_train/C/C1600.jpg
C,/kaggle/input/datasets/grassknoted/asl-alphabet/asl_alphabet_train/asl_alphabet_train/C/C1624.jpg
C,/kaggle/input/datasets/grassknoted/asl-alphabet/asl_alphabet_train/asl_alphabet_train/C/C1671.jpg
C,/kaggle/input/datasets/grassknoted/asl-alphabet/asl_alphabet_train/asl_alphabet_train/C/C1730.jpg
C,/kaggle/input/datasets/grassknoted/asl-alphabet/asl_alphabet_train/asl_alphabet_train/C/C1731.jpg
C,/kaggle/input/datasets/grassknoted/asl-alphabet/asl_alphabet_train/asl_alphabet_train/C/C176.jpg
C,/kaggle/input/datasets/grassknoted/asl-alphabet/asl_alphabet_train/asl_alphabet_train/C/C1771.jpg
C,/kaggle/input/datasets/grassknoted/asl-alphabet/asl_alphabet_train/asl_alphabet_train/C/C1779.jpg
C,/kaggle/input/datasets/grassknoted/asl-alphabet/asl_alphabet_train/asl_alphabet_train/C/C1780.jpg
C,/kaggle/input/datasets/grassknoted/asl-alphabet/asl_alphabet_train/asl_alphabet_train/C/C1796.jpg
C,/kaggle/input/datasets/grassknoted/asl-alphabet/asl_alphabet_train/asl_alphabet_train/C/C1809.jpg
C,/kaggle/input/datasets/grassknoted/asl-alphabet/asl_alphabet_train/asl_alphabet_train/C/C1831.jpg
C,/kaggle/input/datasets/grassknoted/asl-alphabet/asl_alphabet_train/asl_alphabet_train/C/C1836.jpg
C,/kaggle/input/datasets/grassknoted/asl-alphabet/asl_alphabet_train/asl_alphabet_train/C/C1899.jpg
C,/kaggle/input/datasets/grassknoted/asl-alphabet/asl_alphabet_train/asl_alphabet_train/C/C2008.jpg
C,/kaggle/input/datasets/grassknoted/asl-alphabet/asl_alphabet_train/asl_alphabet_train/C/C2050.jpg
C,/kaggle/input/datasets/grassknoted/asl-alphabet/asl_alphabet_train/asl_alphabet_train/C/C2097.jpg
C,/kaggle/input/datasets/grassknoted/asl-alphabet/asl_alphabet_train/asl_alphabet_train/C/C2110.jpg
C,/kaggle/input/datasets/grassknoted/asl-alphabet/asl_alphabet_train/asl_alphabet_train/C/C2117.jpg
C,/kaggle/input/datasets/grassknoted/asl-alphabet/asl_alphabet_train/asl_alphabet_train/C/C2133.jpg
C,/kaggle/input/datasets/grassknoted/asl-alphabet/asl_alphabet_train/asl_alphabet_train/C/C2145.jpg
C,/kaggle/input/datasets/grassknoted/asl-alphabet/asl_alphabet_train/asl_alphabet_train/C/C2155.jpg
C,/kaggle/input/datasets/grassknoted/asl-alphabet/asl_alphabet_train/asl_alphabet_train/C/C2243.jpg
C,/kaggle/input/datasets/grassknoted/asl-alphabet/asl_alphabet_train/asl_alphabet_train/C/C225.jpg
C,/kaggle/input/datasets/grassknoted/asl-alphabet/asl_alphabet_train/asl_alphabet_train/C/C2294.jpg
C,/kaggle/input/datasets/grassknoted/asl-alphabet/asl_alphabet_train/asl_alphabet_train/C/C2304.jpg
C,/kaggle/input/datasets/grassknoted/asl-alphabet/asl_alphabet_train/asl_alphabet_train/C/C2309.jpg
C,/kaggle/input/datasets/grassknoted/asl-alphabet/asl_alphabet_train/asl_alphabet_train/C/C2326.jpg
C,/kaggle/input/datasets/grassknoted/asl-alphabet/asl_alphabet_train/asl_alphabet_train/C/C233.jpg
C,/kaggle/input/datasets/grassknoted/asl-alphabet/asl_alphabet_train/asl_alphabet_train/C/C2347.jpg
C,/kaggle/input/datasets/grassknoted/asl-alphabet/asl_alphabet_train/asl_alphabet_train/C/C2382.jpg
C,/kaggle/input/datasets/grassknoted/asl-alphabet/asl_alphabet_train/asl_alphabet_train/C/C2427.jpg
C,/kaggle/input/datasets/grassknoted/asl-alphabet/asl_alphabet_train/asl_alphabet_train/C/C2477.jpg
C,/kaggle/input/datasets/grassknoted/asl-alphabet/asl_alphabet_train/asl_alphabet_train/C/C25.jpg
C,/kaggle/input/datasets/grassknoted/asl-alphabet/asl_alphabet_train/asl_alphabet_train/C/C2529.jpg
C,/kaggle/input/datasets/grassknoted/asl-alphabet/asl_alphabet_train/asl_alphabet_train/C/C2588.jpg
C,/kaggle/input/datasets/grassknoted/asl-alphabet/asl_alphabet_train/asl_alphabet_train/C/C2592.jpg
C,/kaggle/input/datasets/grassknoted/asl-alphabet/asl_alphabet_train/asl_alphabet_train/C/C2624.jpg
C,/kaggle/input/datasets/grassknoted/asl-alphabet/asl_alphabet_train/asl_alphabet_train/C/C2630.jpg
C,/kaggle/input/datasets/grassknoted/asl-alphabet/asl_alphabet_train/asl_alphabet_train/C/C2688.jpg
C,/kaggle/input/datasets/grassknoted/asl-alphabet/asl_alphabet_train/asl_alphabet_train/C/C2699.jpg
C,/kaggle/input/datasets/grassknoted/asl-alphabet/asl_alphabet_train/asl_alphabet_train/C/C2758.jpg
C,/kaggle/input/datasets/grassknoted/asl-alphabet/asl_alphabet_train/asl_alphabet_train/C/C2779.jpg
C,/kaggle/input/datasets/grassknoted/asl-alphabet/asl_alphabet_train/asl_alphabet_train/C/C278.jpg
C,/kaggle/input/datasets/grassknoted/asl-alphabet/asl_alphabet_train/asl_alphabet_train/C/C2826.jpg
C,/kaggle/input/datasets/grassknoted/asl-alphabet/asl_alphabet_train/asl_alphabet_train/C/C2887.jpg
C,/kaggle/input/datasets/grassknoted/asl-alphabet/asl_alphabet_train/asl_alphabet_train/C/C2928.jpg
C,/kaggle/input/datasets/grassknoted/asl-alphabet/asl_alphabet_train/asl_alphabet_train/C/C2950.jpg
C,/kaggle/input/datasets/grassknoted/asl-alphabet/asl_alphabet_train/asl_alphabet_train/C/C2975.jpg
C,/kaggle/input/datasets/grassknoted/asl-alphabet/asl_alphabet_train/asl_alphabet_train/C/C2998.jpg
C,/kaggle/input/datasets/grassknoted/asl-alphabet/asl_alphabet_train/asl_alphabet_train/C/C315.jpg
C,/kaggle/input/datasets/grassknoted/asl-alphabet/asl_alphabet_train/asl_alphabet_train/C/C329.jpg
C,/kaggle/input/datasets/grassknoted/asl-alphabet/asl_alphabet_train/asl_alphabet_train/C/C33.jpg
C,/kaggle/input/datasets/grassknoted/asl-alphabet/asl_alphabet_train/asl_alphabet_train/C/C358.jpg
C,/kaggle/input/datasets/grassknoted/asl-alphabet/asl_alphabet_train/asl_alphabet_train/C/C401.jpg
C,/kaggle/input/datasets/grassknoted/asl-alphabet/asl_alphabet_train/asl_alphabet_train/C/C419.jpg
C,/kaggle/input/datasets/grassknoted/asl-alphabet/asl_alphabet_train/asl_alphabet_train/C/C44.jpg
C,/kaggle/input/datasets/grassknoted/asl-alphabet/asl_alphabet_train/asl_alphabet_train/C/C451.jpg
C,/kaggle/input/datasets/grassknoted/asl-alphabet/asl_alphabet_train/asl_alphabet_train/C/C480.jpg
C,/kaggle/input/datasets/grassknoted/asl-alphabet/asl_alphabet_train/asl_alphabet_train/C/C526.jpg
C,/kaggle/input/datasets/grassknoted/asl-alphabet/asl_alphabet_train/asl_alphabet_train/C/C539.jpg
C,/kaggle/input/datasets/grassknoted/asl-alphabet/asl_alphabet_train/asl_alphabet_train/C/C57.jpg
C,/kaggle/input/datasets/grassknoted/asl-alphabet/asl_alphabet_train/asl_alphabet_train/C/C577.jpg
C,/kaggle/input/datasets/grassknoted/asl-alphabet/asl_alphabet_train/asl_alphabet_train/C/C637.jpg
C,/kaggle/input/datasets/grassknoted/asl-alphabet/asl_alphabet_train/asl_alphabet_train/C/C739.jpg
C,/kaggle/input/datasets/grassknoted/asl-alphabet/asl_alphabet_train/asl_alphabet_train/C/C746.jpg
C,/kaggle/input/datasets/grassknoted/asl-alphabet/asl_alphabet_train/asl_alphabet_train/C/C753.jpg
C,/kaggle/input/datasets/grassknoted/asl-alphabet/asl_alphabet_train/asl_alphabet_train/C/C757.jpg
C,/kaggle/input/datasets/grassknoted/asl-alphabet/asl_alphabet_train/asl_alphabet_train/C/C794.jpg
C,/kaggle/input/datasets/grassknoted/asl-alphabet/asl_alphabet_train/asl_alphabet_train/C/C812.jpg
C,/kaggle/input/datasets/grassknoted/asl-alphabet/asl_alphabet_train/asl_alphabet_train/C/C836.jpg
C,/kaggle/input/datasets/grassknoted/asl-alphabet/asl_alphabet_train/asl_alphabet_train/C/C840.jpg
C,/kaggle/input/datasets/grassknoted/asl-alphabet/asl_alphabet_train/asl_alphabet_train/C/C845.jpg
C,/kaggle/input/datasets/grassknoted/asl-alphabet/asl_alphabet_train/asl_alphabet_train/C/C850.jpg
C,/kaggle/input/datasets/grassknoted/asl-alphabet/asl_alphabet_train/asl_alphabet_train/C/C876.jpg
C,/kaggle/input/datasets/grassknoted/asl-alphabet/asl_alphabet_train/asl_alphabet_train/C/C88.jpg
C,/kaggle/input/datasets/grassknoted/asl-alphabet/asl_alphabet_train/asl_alphabet_train/C/C906.jpg
C,/kaggle/input/datasets/grassknoted/asl-alphabet/asl_alphabet_train/asl_alphabet_train/C/C940.jpg
C,/kaggle/input/datasets/grassknoted/asl-alphabet/asl_alphabet_train/asl_alphabet_train/C/C959.jpg
D,/kaggle/input/datasets/grassknoted/asl-alphabet/asl_alphabet_train/asl_alphabet_train/D/D1092.jpg
D,/kaggle/input/datasets/grassknoted/asl-alphabet/asl_alphabet_train/asl_alphabet_train/D/D1159.jpg
D,/kaggle/input/datasets/grassknoted/asl-alphabet/asl_alphabet_train/asl_alphabet_train/D/D1191.jpg
D,/kaggle/input/datasets/grassknoted/asl-alphabet/asl_alphabet_train/asl_alphabet_train/D/D1224.jpg
D,/kaggle/input/datasets/grassknoted/asl-alphabet/asl_alphabet_train/asl_alphabet_train/D/D1241.jpg
D,/kaggle/input/datasets/grassknoted/asl-alphabet/asl_alphabet_train/asl_alphabet_train/D/D1253.jpg
D,/kaggle/input/datasets/grassknoted/asl-alphabet/asl_alphabet_train/asl_alphabet_train/D/D1350.jpg
D,/kaggle/input/datasets/grassknoted/asl-alphabet/asl_alphabet_train/asl_alphabet_train/D/D1351.jpg
D,/kaggle/input/datasets/grassknoted/asl-alphabet/asl_alphabet_train/asl_alphabet_train/D/D1366.jpg
D,/kaggle/input/datasets/grassknoted/asl-alphabet/asl_alphabet_train/asl_alphabet_train/D/D1368.jpg
D,/kaggle/input/datasets/grassknoted/asl-alphabet/asl_alphabet_train/asl_alphabet_train/D/D1433.jpg
D,/kaggle/input/datasets/grassknoted/asl-alphabet/asl_alphabet_train/asl_alphabet_train/D/D1454.jpg
D,/kaggle/input/datasets/grassknoted/asl-alphabet/asl_alphabet_train/asl_alphabet_train/D/D147.jpg
D,/kaggle/input/datasets/grassknoted/asl-alphabet/asl_alphabet_train/asl_alphabet_train/D/D1482.jpg
D,/kaggle/input/datasets/grassknoted/asl-alphabet/asl_alphabet_train/asl_alphabet_train/D/D1537.jpg
D,/kaggle/input/datasets/grassknoted/asl-alphabet/asl_alphabet_train/asl_alphabet_train/D/D1539.jpg
D,/kaggle/input/datasets/grassknoted/asl-alphabet/asl_alphabet_train/asl_alphabet_train/D/D1611.jpg
D,/kaggle/input/datasets/grassknoted/asl-alphabet/asl_alphabet_train/asl_alphabet_train/D/D1621.jpg
D,/kaggle/input/datasets/grassknoted/asl-alphabet/asl_alphabet_train/asl_alphabet_train/D/D1655.jpg
D,/kaggle/input/datasets/grassknoted/asl-alphabet/asl_alphabet_train/asl_alphabet_train/D/D1682.jpg
D,/kaggle/input/datasets/grassknoted/asl-alphabet/asl_alphabet_train/asl_alphabet_train/D/D17.jpg
D,/kaggle/input/datasets/grassknoted/asl-alphabet/asl_alphabet_train/asl_alphabet_train/D/D1767.jpg
D,/kaggle/input/datasets/grassknoted/asl-alphabet/asl_alphabet_train/asl_alphabet_train/D/D1785.jpg
D,/kaggle/input/datasets/grassknoted/asl-alphabet/asl_alphabet_train/asl_alphabet_train/D/D1845.jpg
D,/kaggle/input/datasets/grassknoted/asl-alphabet/asl_alphabet_train/asl_alphabet_train/D/D1864.jpg
D,/kaggle/input/datasets/grassknoted/asl-alphabet/asl_alphabet_train/asl_alphabet_train/D/D1870.jpg
D,/kaggle/input/datasets/grassknoted/asl-alphabet/asl_alphabet_train/asl_alphabet_train/D/D1891.jpg
D,/kaggle/input/datasets/grassknoted/asl-alphabet/asl_alphabet_train/asl_alphabet_train/D/D1966.jpg
D,/kaggle/input/datasets/grassknoted/asl-alphabet/asl_alphabet_train/asl_alphabet_train/D/D1969.jpg
D,/kaggle/input/datasets/grassknoted/asl-alphabet/asl_alphabet_train/asl_alphabet_train/D/D2000.jpg
D,/kaggle/input/datasets/grassknoted/asl-alphabet/asl_alphabet_train/asl_alphabet_train/D/D2009.jpg
D,/kaggle/input/datasets/grassknoted/asl-alphabet/asl_alphabet_train/asl_alphabet_train/D/D2093.jpg
D,/kaggle/input/datasets/grassknoted/asl-alphabet/asl_alphabet_train/asl_alphabet_train/D/D2097.jpg
D,/kaggle/input/datasets/grassknoted/asl-alphabet/asl_alphabet_train/asl_alphabet_train/D/D2139.jpg
D,/kaggle/input/datasets/grassknoted/asl-alphabet/asl_alphabet_train/asl_alphabet_train/D/D2144.jpg
D,/kaggle/input/datasets/grassknoted/asl-alphabet/asl_alphabet_train/asl_alphabet_train/D/D2197.jpg
D,/kaggle/input/datasets/grassknoted/asl-alphabet/asl_alphabet_train/asl_alphabet_train/D/D2212.jpg
D,/kaggle/input/datasets/grassknoted/asl-alphabet/asl_alphabet_train/asl_alphabet_train/D/D2220.jpg
D,/kaggle/input/datasets/grassknoted/asl-alphabet/asl_alphabet_train/asl_alphabet_train/D/D2256.jpg
D,/kaggle/input/datasets/grassknoted/asl-alphabet/asl_alphabet_train/asl_alphabet_train/D/D2274.jpg
D,/kaggle/input/datasets/grassknoted/asl-alphabet/asl_alphabet_train/asl_alphabet_train/D/D23.jpg
D,/kaggle/input/datasets/grassknoted/asl-alphabet/asl_alphabet_train/asl_alphabet_train/D/D2330.jpg
D,/kaggle/input/datasets/grassknoted/asl-alphabet/asl_alphabet_train/asl_alphabet_train/D/D2343.jpg
D,/kaggle/input/datasets/grassknoted/asl-alphabet/asl_alphabet_train/asl_alphabet_train/D/D2345.jpg
D,/kaggle/input/datasets/grassknoted/asl-alphabet/asl_alphabet_train/asl_alphabet_train/D/D2401.jpg
D,/kaggle/input/datasets/grassknoted/asl-alphabet/asl_alphabet_train/asl_alphabet_train/D/D2402.jpg
D,/kaggle/input/datasets/grassknoted/asl-alphabet/asl_alphabet_train/asl_alphabet_train/D/D2417.jpg
D,/kaggle/input/datasets/grassknoted/asl-alphabet/asl_alphabet_train/asl_alphabet_train/D/D2420.jpg
D,/kaggle/input/datasets/grassknoted/asl-alphabet/asl_alphabet_train/asl_alphabet_train/D/D2470.jpg
D,/kaggle/input/datasets/grassknoted/asl-alphabet/asl_alphabet_train/asl_alphabet_train/D/D2556.jpg
D,/kaggle/input/datasets/grassknoted/asl-alphabet/asl_alphabet_train/asl_alphabet_train/D/D2591.jpg
D,/kaggle/input/datasets/grassknoted/asl-alphabet/asl_alphabet_train/asl_alphabet_train/D/D2595.jpg
D,/kaggle/input/datasets/grassknoted/asl-alphabet/asl_alphabet_train/asl_alphabet_train/D/D2597.jpg
D,/kaggle/input/datasets/grassknoted/asl-alphabet/asl_alphabet_train/asl_alphabet_train/D/D2609.jpg
D,/kaggle/input/datasets/grassknoted/asl-alphabet/asl_alphabet_train/asl_alphabet_train/D/D2638.jpg
D,/kaggle/input/datasets/grassknoted/asl-alphabet/asl_alphabet_train/asl_alphabet_train/D/D2643.jpg
D,/kaggle/input/datasets/grassknoted/asl-alphabet/asl_alphabet_train/asl_alphabet_train/D/D2665.jpg
D,/kaggle/input/datasets/grassknoted/asl-alphabet/asl_alphabet_train/asl_alphabet_train/D/D2678.jpg
D,/kaggle/input/datasets/grassknoted/asl-alphabet/asl_alphabet_train/asl_alphabet_train/D/D2679.jpg
D,/kaggle/input/datasets/grassknoted/asl-alphabet/asl_alphabet_train/asl_alphabet_train/D/D2686.jpg
D,/kaggle/input/datasets/grassknoted/asl-alphabet/asl_alphabet_train/asl_alphabet_train/D/D2702.jpg
D,/kaggle/input/datasets/grassknoted/asl-alphabet/asl_alphabet_train/asl_alphabet_train/D/D2734.jpg
D,/kaggle/input/datasets/grassknoted/asl-alphabet/asl_alphabet_train/asl_alphabet_train/D/D2776.jpg
D,/kaggle/input/datasets/grassknoted/asl-alphabet/asl_alphabet_train/asl_alphabet_train/D/D2800.jpg
D,/kaggle/input/datasets/grassknoted/asl-alphabet/asl_alphabet_train/asl_alphabet_train/D/D2812.jpg
D,/kaggle/input/datasets/grassknoted/asl-alphabet/asl_alphabet_train/asl_alphabet_train/D/D2855.jpg
D,/kaggle/input/datasets/grassknoted/asl-alphabet/asl_alphabet_train/asl_alphabet_train/D/D2931.jpg
D,/kaggle/input/datasets/grassknoted/asl-alphabet/asl_alphabet_train/asl_alphabet_train/D/D2941.jpg
D,/kaggle/input/datasets/grassknoted/asl-alphabet/asl_alphabet_train/asl_alphabet_train/D/D2944.jpg
D,/kaggle/input/datasets/grassknoted/asl-alphabet/asl_alphabet_train/asl_alphabet_train/D/D2945.jpg
D,/kaggle/input/datasets/grassknoted/asl-alphabet/asl_alphabet_train/asl_alphabet_train/D/D2948.jpg
D,/kaggle/input/datasets/grassknoted/asl-alphabet/asl_alphabet_train/asl_alphabet_train/D/D296.jpg
D,/kaggle/input/datasets/grassknoted/asl-alphabet/asl_alphabet_train/asl_alphabet_train/D/D333.jpg
D,/kaggle/input/datasets/grassknoted/asl-alphabet/asl_alphabet_train/asl_alphabet_train/D/D334.jpg
D,/kaggle/input/datasets/grassknoted/asl-alphabet/asl_alphabet_train/asl_alphabet_train/D/D34.jpg
D,/kaggle/input/datasets/grassknoted/asl-alphabet/asl_alphabet_train/asl_alphabet_train/D/D341.jpg
D,/kaggle/input/datasets/grassknoted/asl-alphabet/asl_alphabet_train/asl_alphabet_train/D/D356.jpg
D,/kaggle/input/datasets/grassknoted/asl-alphabet/asl_alphabet_train/asl_alphabet_train/D/D398.jpg
D,/kaggle/input/datasets/grassknoted/asl-alphabet/asl_alphabet_train/asl_alphabet_train/D/D406.jpg
D,/kaggle/input/datasets/grassknoted/asl-alphabet/asl_alphabet_train/asl_alphabet_train/D/D439.jpg
D,/kaggle/input/datasets/grassknoted/asl-alphabet/asl_alphabet_train/asl_alphabet_train/D/D441.jpg
D,/kaggle/input/datasets/grassknoted/asl-alphabet/asl_alphabet_train/asl_alphabet_train/D/D452.jpg
D,/kaggle/input/datasets/grassknoted/asl-alphabet/asl_alphabet_train/asl_alphabet_train/D/D460.jpg
D,/kaggle/input/datasets/grassknoted/asl-alphabet/asl_alphabet_train/asl_alphabet_train/D/D485.jpg
D,/kaggle/input/datasets/grassknoted/asl-alphabet/asl_alphabet_train/asl_alphabet_train/D/D547.jpg
D,/kaggle/input/datasets/grassknoted/asl-alphabet/asl_alphabet_train/asl_alphabet_train/D/D553.jpg
D,/kaggle/input/datasets/grassknoted/asl-alphabet/asl_alphabet_train/asl_alphabet_train/D/D563.jpg
D,/kaggle/input/datasets/grassknoted/asl-alphabet/asl_alphabet_train/asl_alphabet_train/D/D60.jpg
D,/kaggle/input/datasets/grassknoted/asl-alphabet/asl_alphabet_train/asl_alphabet_train/D/D727.jpg
D,/kaggle/input/datasets/grassknoted/asl-alphabet/asl_alphabet_train/asl_alphabet_train/D/D757.jpg
D,/kaggle/input/datasets/grassknoted/asl-alphabet/asl_alphabet_train/asl_alphabet_train/D/D81.jpg
D,/kaggle/input/datasets/grassknoted/asl-alphabet/asl_alphabet_train/asl_alphabet_train/D/D810.jpg
D,/kaggle/input/datasets/grassknoted/asl-alphabet/asl_alphabet_train/asl_alphabet_train/D/D811.jpg
D,/kaggle/input/datasets/grassknoted/asl-alphabet/asl_alphabet_train/asl_alphabet_train/D/D832.jpg
D,/kaggle/input/datasets/grassknoted/asl-alphabet/asl_alphabet_train/asl_alphabet_train/D/D848.jpg
D,/kaggle/input/datasets/grassknoted/asl-alphabet/asl_alphabet_train/asl_alphabet_train/D/D850.jpg
D,/kaggle/input/datasets/grassknoted/asl-alphabet/asl_alphabet_train/asl_alphabet_train/D/D877.jpg
D,/kaggle/input/datasets/grassknoted/asl-alphabet/asl_alphabet_train/asl_alphabet_train/D/D879.jpg
D,/kaggle/input/datasets/grassknoted/asl-alphabet/asl_alphabet_train/asl_alphabet_train/D/D984.jpg
D,/kaggle/input/datasets/grassknoted/asl-alphabet/asl_alphabet_train/asl_alphabet_train/D/D996.jpg
E,/kaggle/input/datasets/grassknoted/asl-alphabet/asl_alphabet_train/asl_alphabet_train/E/E1012.jpg
E,/kaggle/input/datasets/grassknoted/asl-alphabet/asl_alphabet_train/asl_alphabet_train/E/E103.jpg
E,/kaggle/input/datasets/grassknoted/asl-alphabet/asl_alphabet_train/asl_alphabet_train/E/E1036.jpg
E,/kaggle/input/datasets/grassknoted/asl-alphabet/asl_alphabet_train/asl_alphabet_train/E/E1040.jpg
E,/kaggle/input/datasets/grassknoted/asl-alphabet/asl_alphabet_train/asl_alphabet_train/E/E1061.jpg
E,/kaggle/input/datasets/grassknoted/asl-alphabet/asl_alphabet_train/asl_alphabet_train/E/E1075.jpg
E,/kaggle/input/datasets/grassknoted/asl-alphabet/asl_alphabet_train/asl_alphabet_train/E/E1094.jpg
E,/kaggle/input/datasets/grassknoted/asl-alphabet/asl_alphabet_train/asl_alphabet_train/E/E1105.jpg
E,/kaggle/input/datasets/grassknoted/asl-alphabet/asl_alphabet_train/asl_alphabet_train/E/E1111.jpg
E,/kaggle/input/datasets/grassknoted/asl-alphabet/asl_alphabet_train/asl_alphabet_train/E/E1113.jpg
E,/kaggle/input/datasets/grassknoted/asl-alphabet/asl_alphabet_train/asl_alphabet_train/E/E1135.jpg
E,/kaggle/input/datasets/grassknoted/asl-alphabet/asl_alphabet_train/asl_alphabet_train/E/E1140.jpg
E,/kaggle/input/datasets/grassknoted/asl-alphabet/asl_alphabet_train/asl_alphabet_train/E/E1150.jpg
E,/kaggle/input/datasets/grassknoted/asl-alphabet/asl_alphabet_train/asl_alphabet_train/E/E1229.jpg
E,/kaggle/input/datasets/grassknoted/asl-alphabet/asl_alphabet_train/asl_alphabet_train/E/E1236.jpg
E,/kaggle/input/datasets/grassknoted/asl-alphabet/asl_alphabet_train/asl_alphabet_train/E/E1268.jpg
E,/kaggle/input/datasets/grassknoted/asl-alphabet/asl_alphabet_train/asl_alphabet_train/E/E1278.jpg
E,/kaggle/input/datasets/grassknoted/asl-alphabet/asl_alphabet_train/asl_alphabet_train/E/E1289.jpg
E,/kaggle/input/datasets/grassknoted/asl-alphabet/asl_alphabet_train/asl_alphabet_train/E/E1302.jpg
E,/kaggle/input/datasets/grassknoted/asl-alphabet/asl_alphabet_train/asl_alphabet_train/E/E1319.jpg
E,/kaggle/input/datasets/grassknoted/asl-alphabet/asl_alphabet_train/asl_alphabet_train/E/E1333.jpg
E,/kaggle/input/datasets/grassknoted/asl-alphabet/asl_alphabet_train/asl_alphabet_train/E/E1358.jpg
E,/kaggle/input/datasets/grassknoted/asl-alphabet/asl_alphabet_train/asl_alphabet_train/E/E1377.jpg
E,/kaggle/input/datasets/grassknoted/asl-alphabet/asl_alphabet_train/asl_alphabet_train/E/E1413.jpg
E,/kaggle/input/datasets/grassknoted/asl-alphabet/asl_alphabet_train/asl_alphabet_train/E/E1415.jpg
E,/kaggle/input/datasets/grassknoted/asl-alphabet/asl_alphabet_train/asl_alphabet_train/E/E1518.jpg
E,/kaggle/input/datasets/grassknoted/asl-alphabet/asl_alphabet_train/asl_alphabet_train/E/E1523.jpg
E,/kaggle/input/datasets/grassknoted/asl-alphabet/asl_alphabet_train/asl_alphabet_train/E/E1539.jpg
E,/kaggle/input/datasets/grassknoted/asl-alphabet/asl_alphabet_train/asl_alphabet_train/E/E1633.jpg
E,/kaggle/input/datasets/grassknoted/asl-alphabet/asl_alphabet_train/asl_alphabet_train/E/E1635.jpg
E,/kaggle/input/datasets/grassknoted/asl-alphabet/asl_alphabet_train/asl_alphabet_train/E/E1648.jpg
E,/kaggle/input/datasets/grassknoted/asl-alphabet/asl_alphabet_train/asl_alphabet_train/E/E1651.jpg
E,/kaggle/input/datasets/grassknoted/asl-alphabet/asl_alphabet_train/asl_alphabet_train/E/E1728.jpg
E,/kaggle/input/datasets/grassknoted/asl-alphabet/asl_alphabet_train/asl_alphabet_train/E/E1744.jpg
E,/kaggle/input/datasets/grassknoted/asl-alphabet/asl_alphabet_train/asl_alphabet_train/E/E1764.jpg
E,/kaggle/input/datasets/grassknoted/asl-alphabet/asl_alphabet_train/asl_alphabet_train/E/E1765.jpg
E,/kaggle/input/datasets/grassknoted/asl-alphabet/asl_alphabet_train/asl_alphabet_train/E/E1789.jpg
E,/kaggle/input/datasets/grassknoted/asl-alphabet/asl_alphabet_train/asl_alphabet_train/E/E1822.jpg
E,/kaggle/input/datasets/grassknoted/asl-alphabet/asl_alphabet_train/asl_alphabet_train/E/E2022.jpg
E,/kaggle/input/datasets/grassknoted/asl-alphabet/asl_alphabet_train/asl_alphabet_train/E/E2154.jpg
E,/kaggle/input/datasets/grassknoted/asl-alphabet/asl_alphabet_train/asl_alphabet_train/E/E2193.jpg
E,/kaggle/input/datasets/grassknoted/asl-alphabet/asl_alphabet_train/asl_alphabet_train/E/E2196.jpg
E,/kaggle/input/datasets/grassknoted/asl-alphabet/asl_alphabet_train/asl_alphabet_train/E/E2197.jpg
E,/kaggle/input/datasets/grassknoted/asl-alphabet/asl_alphabet_train/asl_alphabet_train/E/E2204.jpg
E,/kaggle/input/datasets/grassknoted/asl-alphabet/asl_alphabet_train/asl_alphabet_train/E/E222.jpg
E,/kaggle/input/datasets/grassknoted/asl-alphabet/asl_alphabet_train/asl_alphabet_train/E/E2347.jpg
E,/kaggle/input/datasets/grassknoted/asl-alphabet/asl_alphabet_train/asl_alphabet_train/E/E2351.jpg
E,/kaggle/input/datasets/grassknoted/asl-alphabet/asl_alphabet_train/asl_alphabet_train/E/E2408.jpg
E,/kaggle/input/datasets/grassknoted/asl-alphabet/asl_alphabet_train/asl_alphabet_train/E/E2426.jpg
E,/kaggle/input/datasets/grassknoted/asl-alphabet/asl_alphabet_train/asl_alphabet_train/E/E2447.jpg
E,/kaggle/input/datasets/grassknoted/asl-alphabet/asl_alphabet_train/asl_alphabet_train/E/E2470.jpg
E,/kaggle/input/datasets/grassknoted/asl-alphabet/asl_alphabet_train/asl_alphabet_train/E/E2609.jpg
E,/kaggle/input/datasets/grassknoted/asl-alphabet/asl_alphabet_train/asl_alphabet_train/E/E2641.jpg
E,/kaggle/input/datasets/grassknoted/asl-alphabet/asl_alphabet_train/asl_alphabet_train/E/E265.jpg
E,/kaggle/input/datasets/grassknoted/asl-alphabet/asl_alphabet_train/asl_alphabet_train/E/E2690.jpg
E,/kaggle/input/datasets/grassknoted/asl-alphabet/asl_alphabet_train/asl_alphabet_train/E/E2711.jpg
E,/kaggle/input/datasets/grassknoted/asl-alphabet/asl_alphabet_train/asl_alphabet_train/E/E2739.jpg
E,/kaggle/input/datasets/grassknoted/asl-alphabet/asl_alphabet_train/asl_alphabet_train/E/E275.jpg
E,/kaggle/input/datasets/grassknoted/asl-alphabet/asl_alphabet_train/asl_alphabet_train/E/E2751.jpg
E,/kaggle/input/datasets/grassknoted/asl-alphabet/asl_alphabet_train/asl_alphabet_train/E/E2783.jpg
E,/kaggle/input/datasets/grassknoted/asl-alphabet/asl_alphabet_train/asl_alphabet_train/E/E2795.jpg
E,/kaggle/input/datasets/grassknoted/asl-alphabet/asl_alphabet_train/asl_alphabet_train/E/E2796.jpg
E,/kaggle/input/datasets/grassknoted/asl-alphabet/asl_alphabet_train/asl_alphabet_train/E/E2865.jpg
E,/kaggle/input/datasets/grassknoted/asl-alphabet/asl_alphabet_train/asl_alphabet_train/E/E2869.jpg
E,/kaggle/input/datasets/grassknoted/asl-alphabet/asl_alphabet_train/asl_alphabet_train/E/E2912.jpg
E,/kaggle/input/datasets/grassknoted/asl-alphabet/asl_alphabet_train/asl_alphabet_train/E/E2931.jpg
E,/kaggle/input/datasets/grassknoted/asl-alphabet/asl_alphabet_train/asl_alphabet_train/E/E2976.jpg
E,/kaggle/input/datasets/grassknoted/asl-alphabet/asl_alphabet_train/asl_alphabet_train/E/E3.jpg
E,/kaggle/input/datasets/grassknoted/asl-alphabet/asl_alphabet_train/asl_alphabet_train/E/E320.jpg
E,/kaggle/input/datasets/grassknoted/asl-alphabet/asl_alphabet_train/asl_alphabet_train/E/E341.jpg
E,/kaggle/input/datasets/grassknoted/asl-alphabet/asl_alphabet_train/asl_alphabet_train/E/E344.jpg
E,/kaggle/input/datasets/grassknoted/asl-alphabet/asl_alphabet_train/asl_alphabet_train/E/E353.jpg
E,/kaggle/input/datasets/grassknoted/asl-alphabet/asl_alphabet_train/asl_alphabet_train/E/E360.jpg
E,/kaggle/input/datasets/grassknoted/asl-alphabet/asl_alphabet_train/asl_alphabet_train/E/E430.jpg
E,/kaggle/input/datasets/grassknoted/asl-alphabet/asl_alphabet_train/asl_alphabet_train/E/E435.jpg
E,/kaggle/input/datasets/grassknoted/asl-alphabet/asl_alphabet_train/asl_alphabet_train/E/E438.jpg
E,/kaggle/input/datasets/grassknoted/asl-alphabet/asl_alphabet_train/asl_alphabet_train/E/E478.jpg
E,/kaggle/input/datasets/grassknoted/asl-alphabet/asl_alphabet_train/asl_alphabet_train/E/E487.jpg
E,/kaggle/input/datasets/grassknoted/asl-alphabet/asl_alphabet_train/asl_alphabet_train/E/E490.jpg
E,/kaggle/input/datasets/grassknoted/asl-alphabet/asl_alphabet_train/asl_alphabet_train/E/E498.jpg
E,/kaggle/input/datasets/grassknoted/asl-alphabet/asl_alphabet_train/asl_alphabet_train/E/E54.jpg
E,/kaggle/input/datasets/grassknoted/asl-alphabet/asl_alphabet_train/asl_alphabet_train/E/E558.jpg
E,/kaggle/input/datasets/grassknoted/asl-alphabet/asl_alphabet_train/asl_alphabet_train/E/E56.jpg
E,/kaggle/input/datasets/grassknoted/asl-alphabet/asl_alphabet_train/asl_alphabet_train/E/E561.jpg
E,/kaggle/input/datasets/grassknoted/asl-alphabet/asl_alphabet_train/asl_alphabet_train/E/E578.jpg
E,/kaggle/input/datasets/grassknoted/asl-alphabet/asl_alphabet_train/asl_alphabet_train/E/E586.jpg
E,/kaggle/input/datasets/grassknoted/asl-alphabet/asl_alphabet_train/asl_alphabet_train/E/E605.jpg
E,/kaggle/input/datasets/grassknoted/asl-alphabet/asl_alphabet_train/asl_alphabet_train/E/E666.jpg
E,/kaggle/input/datasets/grassknoted/asl-alphabet/asl_alphabet_train/asl_alphabet_train/E/E701.jpg
E,/kaggle/input/datasets/grassknoted/asl-alphabet/asl_alphabet_train/asl_alphabet_train/E/E710.jpg
E,/kaggle/input/datasets/grassknoted/asl-alphabet/asl_alphabet_train/asl_alphabet_train/E/E775.jpg
E,/kaggle/input/datasets/grassknoted/asl-alphabet/asl_alphabet_train/asl_alphabet_train/E/E827.jpg
E,/kaggle/input/datasets/grassknoted/asl-alphabet/asl_alphabet_train/asl_alphabet_train/E/E862.jpg
E,/kaggle/input/datasets/grassknoted/asl-alphabet/asl_alphabet_train/asl_alphabet_train/E/E882.jpg
E,/kaggle/input/datasets/grassknoted/asl-alphabet/asl_alphabet_train/asl_alphabet_train/E/E905.jpg
E,/kaggle/input/datasets/grassknoted/asl-alphabet/asl_alphabet_train/asl_alphabet_train/E/E913.jpg
E,/kaggle/input/datasets/grassknoted/asl-alphabet/asl_alphabet_train/asl_alphabet_train/E/E928.jpg
E,/kaggle/input/datasets/grassknoted/asl-alphabet/asl_alphabet_train/asl_alphabet_train/E/E943.jpg
E,/kaggle/input/datasets/grassknoted/asl-alphabet/asl_alphabet_train/asl_alphabet_train/E/E950.jpg
E,/kaggle/input/datasets/grassknoted/asl-alphabet/asl_alphabet_train/asl_alphabet_train/E/E953.jpg
F,/kaggle/input/datasets/grassknoted/asl-alphabet/asl_alphabet_train/asl_alphabet_train/F/F1026.jpg
F,/kaggle/input/datasets/grassknoted/asl-alphabet/asl_alphabet_train/asl_alphabet_train/F/F1037.jpg
F,/kaggle/input/datasets/grassknoted/asl-alphabet/asl_alphabet_train/asl_alphabet_train/F/F1107.jpg
F,/kaggle/input/datasets/grassknoted/asl-alphabet/asl_alphabet_train/asl_alphabet_train/F/F1144.jpg
F,/kaggle/input/datasets/grassknoted/asl-alphabet/asl_alphabet_train/asl_alphabet_train/F/F1145.jpg
F,/kaggle/input/datasets/grassknoted/asl-alphabet/asl_alphabet_train/asl_alphabet_train/F/F1174.jpg
F,/kaggle/input/datasets/grassknoted/asl-alphabet/asl_alphabet_train/asl_alphabet_train/F/F1188.jpg
F,/kaggle/input/datasets/grassknoted/asl-alphabet/asl_alphabet_train/asl_alphabet_train/F/F1201.jpg
F,/kaggle/input/datasets/grassknoted/asl-alphabet/asl_alphabet_train/asl_alphabet_train/F/F1202.jpg
F,/kaggle/input/datasets/grassknoted/asl-alphabet/asl_alphabet_train/asl_alphabet_train/F/F1302.jpg
F,/kaggle/input/datasets/grassknoted/asl-alphabet/asl_alphabet_train/asl_alphabet_train/F/F1316.jpg
F,/kaggle/input/datasets/grassknoted/asl-alphabet/asl_alphabet_train/asl_alphabet_train/F/F1334.jpg
F,/kaggle/input/datasets/grassknoted/asl-alphabet/asl_alphabet_train/asl_alphabet_train/F/F1380.jpg
F,/kaggle/input/datasets/grassknoted/asl-alphabet/asl_alphabet_train/asl_alphabet_train/F/F1383.jpg
F,/kaggle/input/datasets/grassknoted/asl-alphabet/asl_alphabet_train/asl_alphabet_train/F/F1406.jpg
F,/kaggle/input/datasets/grassknoted/asl-alphabet/asl_alphabet_train/asl_alphabet_train/F/F1438.jpg
F,/kaggle/input/datasets/grassknoted/asl-alphabet/asl_alphabet_train/asl_alphabet_train/F/F1443.jpg
F,/kaggle/input/datasets/grassknoted/asl-alphabet/asl_alphabet_train/asl_alphabet_train/F/F1456.jpg
F,/kaggle/input/datasets/grassknoted/asl-alphabet/asl_alphabet_train/asl_alphabet_train/F/F1538.jpg
F,/kaggle/input/datasets/grassknoted/asl-alphabet/asl_alphabet_train/asl_alphabet_train/F/F1559.jpg
F,/kaggle/input/datasets/grassknoted/asl-alphabet/asl_alphabet_train/asl_alphabet_train/F/F1634.jpg
F,/kaggle/input/datasets/grassknoted/asl-alphabet/asl_alphabet_train/asl_alphabet_train/F/F1644.jpg
F,/kaggle/input/datasets/grassknoted/asl-alphabet/asl_alphabet_train/asl_alphabet_train/F/F1703.jpg
F,/kaggle/input/datasets/grassknoted/asl-alphabet/asl_alphabet_train/asl_alphabet_train/F/F174.jpg
F,/kaggle/input/datasets/grassknoted/asl-alphabet/asl_alphabet_train/asl_alphabet_train/F/F1824.jpg
F,/kaggle/input/datasets/grassknoted/asl-alphabet/asl_alphabet_train/asl_alphabet_train/F/F1829.jpg
F,/kaggle/input/datasets/grassknoted/asl-alphabet/asl_alphabet_train/asl_alphabet_train/F/F1881.jpg
F,/kaggle/input/datasets/grassknoted/asl-alphabet/asl_alphabet_train/asl_alphabet_train/F/F1886.jpg
F,/kaggle/input/datasets/grassknoted/asl-alphabet/asl_alphabet_train/asl_alphabet_train/F/F1892.jpg
F,/kaggle/input/datasets/grassknoted/asl-alphabet/asl_alphabet_train/asl_alphabet_train/F/F1940.jpg
F,/kaggle/input/datasets/grassknoted/asl-alphabet/asl_alphabet_train/asl_alphabet_train/F/F1970.jpg
F,/kaggle/input/datasets/grassknoted/asl-alphabet/asl_alphabet_train/asl_alphabet_train/F/F1987.jpg
F,/kaggle/input/datasets/grassknoted/asl-alphabet/asl_alphabet_train/asl_alphabet_train/F/F2007.jpg
F,/kaggle/input/datasets/grassknoted/asl-alphabet/asl_alphabet_train/asl_alphabet_train/F/F2035.jpg
F,/kaggle/input/datasets/grassknoted/asl-alphabet/asl_alphabet_train/asl_alphabet_train/F/F2058.jpg
F,/kaggle/input/datasets/grassknoted/asl-alphabet/asl_alphabet_train/asl_alphabet_train/F/F210.jpg
F,/kaggle/input/datasets/grassknoted/asl-alphabet/asl_alphabet_train/asl_alphabet_train/F/F212.jpg
F,/kaggle/input/datasets/grassknoted/asl-alphabet/asl_alphabet_train/asl_alphabet_train/F/F2130.jpg
F,/kaggle/input/datasets/grassknoted/asl-alphabet/asl_alphabet_train/asl_alphabet_train/F/F2155.jpg
F,/kaggle/input/datasets/grassknoted/asl-alphabet/asl_alphabet_train/asl_alphabet_train/F/F2197.jpg
F,/kaggle/input/datasets/grassknoted/asl-alphabet/asl_alphabet_train/asl_alphabet_train/F/F2207.jpg
F,/kaggle/input/datasets/grassknoted/asl-alphabet/asl_alphabet_train/asl_alphabet_train/F/F225.jpg
F,/kaggle/input/datasets/grassknoted/asl-alphabet/asl_alphabet_train/asl_alphabet_train/F/F2287.jpg
F,/kaggle/input/datasets/grassknoted/asl-alphabet/asl_alphabet_train/asl_alphabet_train/F/F2299.jpg
F,/kaggle/input/datasets/grassknoted/asl-alphabet/asl_alphabet_train/asl_alphabet_train/F/F2319.jpg
F,/kaggle/input/datasets/grassknoted/asl-alphabet/asl_alphabet_train/asl_alphabet_train/F/F2334.jpg
F,/kaggle/input/datasets/grassknoted/asl-alphabet/asl_alphabet_train/asl_alphabet_train/F/F2339.jpg
F,/kaggle/input/datasets/grassknoted/asl-alphabet/asl_alphabet_train/asl_alphabet_train/F/F2350.jpg
F,/kaggle/input/datasets/grassknoted/asl-alphabet/asl_alphabet_train/asl_alphabet_train/F/F2354.jpg
F,/kaggle/input/datasets/grassknoted/asl-alphabet/asl_alphabet_train/asl_alphabet_train/F/F2363.jpg
F,/kaggle/input/datasets/grassknoted/asl-alphabet/asl_alphabet_train/asl_alphabet_train/F/F2373.jpg
F,/kaggle/input/datasets/grassknoted/asl-alphabet/asl_alphabet_train/asl_alphabet_train/F/F2406.jpg
F,/kaggle/input/datasets/grassknoted/asl-alphabet/asl_alphabet_train/asl_alphabet_train/F/F246.jpg
F,/kaggle/input/datasets/grassknoted/asl-alphabet/asl_alphabet_train/asl_alphabet_train/F/F2491.jpg
F,/kaggle/input/datasets/grassknoted/asl-alphabet/asl_alphabet_train/asl_alphabet_train/F/F2494.jpg
F,/kaggle/input/datasets/grassknoted/asl-alphabet/asl_alphabet_train/asl_alphabet_train/F/F2596.jpg
F,/kaggle/input/datasets/grassknoted/asl-alphabet/asl_alphabet_train/asl_alphabet_train/F/F2633.jpg
F,/kaggle/input/datasets/grassknoted/asl-alphabet/asl_alphabet_train/asl_alphabet_train/F/F2713.jpg
F,/kaggle/input/datasets/grassknoted/asl-alphabet/asl_alphabet_train/asl_alphabet_train/F/F2752.jpg
F,/kaggle/input/datasets/grassknoted/asl-alphabet/asl_alphabet_train/asl_alphabet_train/F/F2776.jpg
F,/kaggle/input/datasets/grassknoted/asl-alphabet/asl_alphabet_train/asl_alphabet_train/F/F2806.jpg
F,/kaggle/input/datasets/grassknoted/asl-alphabet/asl_alphabet_train/asl_alphabet_train/F/F2835.jpg
F,/kaggle/input/datasets/grassknoted/asl-alphabet/asl_alphabet_train/asl_alphabet_train/F/F2871.jpg
F,/kaggle/input/datasets/grassknoted/asl-alphabet/asl_alphabet_train/asl_alphabet_train/F/F2882.jpg
F,/kaggle/input/datasets/grassknoted/asl-alphabet/asl_alphabet_train/asl_alphabet_train/F/F2884.jpg
F,/kaggle/input/datasets/grassknoted/asl-alphabet/asl_alphabet_train/asl_alphabet_train/F/F2908.jpg
F,/kaggle/input/datasets/grassknoted/asl-alphabet/asl_alphabet_train/asl_alphabet_train/F/F2922.jpg
F,/kaggle/input/datasets/grassknoted/asl-alphabet/asl_alphabet_train/asl_alphabet_train/F/F2926.jpg
F,/kaggle/input/datasets/grassknoted/asl-alphabet/asl_alphabet_train/asl_alphabet_train/F/F2931.jpg
F,/kaggle/input/datasets/grassknoted/asl-alphabet/asl_alphabet_train/asl_alphabet_train/F/F2965.jpg
F,/kaggle/input/datasets/grassknoted/asl-alphabet/asl_alphabet_train/asl_alphabet_train/F/F310.jpg
F,/kaggle/input/datasets/grassknoted/asl-alphabet/asl_alphabet_train/asl_alphabet_train/F/F325.jpg
F,/kaggle/input/datasets/grassknoted/asl-alphabet/asl_alphabet_train/asl_alphabet_train/F/F355.jpg
F,/kaggle/input/datasets/grassknoted/asl-alphabet/asl_alphabet_train/asl_alphabet_train/F/F357.jpg
F,/kaggle/input/datasets/grassknoted/asl-alphabet/asl_alphabet_train/asl_alphabet_train/F/F399.jpg
F,/kaggle/input/datasets/grassknoted/asl-alphabet/asl_alphabet_train/asl_alphabet_train/F/F411.jpg
F,/kaggle/input/datasets/grassknoted/asl-alphabet/asl_alphabet_train/asl_alphabet_train/F/F457.jpg
F,/kaggle/input/datasets/grassknoted/asl-alphabet/asl_alphabet_train/asl_alphabet_train/F/F466.jpg
F,/kaggle/input/datasets/grassknoted/asl-alphabet/asl_alphabet_train/asl_alphabet_train/F/F491.jpg
F,/kaggle/input/datasets/grassknoted/asl-alphabet/asl_alphabet_train/asl_alphabet_train/F/F5.jpg
F,/kaggle/input/datasets/grassknoted/asl-alphabet/asl_alphabet_train/asl_alphabet_train/F/F518.jpg
F,/kaggle/input/datasets/grassknoted/asl-alphabet/asl_alphabet_train/asl_alphabet_train/F/F526.jpg
F,/kaggle/input/datasets/grassknoted/asl-alphabet/asl_alphabet_train/asl_alphabet_train/F/F545.jpg
F,/kaggle/input/datasets/grassknoted/asl-alphabet/asl_alphabet_train/asl_alphabet_train/F/F557.jpg
F,/kaggle/input/datasets/grassknoted/asl-alphabet/asl_alphabet_train/asl_alphabet_train/F/F570.jpg
F,/kaggle/input/datasets/grassknoted/asl-alphabet/asl_alphabet_train/asl_alphabet_train/F/F573.jpg
F,/kaggle/input/datasets/grassknoted/asl-alphabet/asl_alphabet_train/asl_alphabet_train/F/F588.jpg
F,/kaggle/input/datasets/grassknoted/asl-alphabet/asl_alphabet_train/asl_alphabet_train/F/F619.jpg
F,/kaggle/input/datasets/grassknoted/asl-alphabet/asl_alphabet_train/asl_alphabet_train/F/F69.jpg
F,/kaggle/input/datasets/grassknoted/asl-alphabet/asl_alphabet_train/asl_alphabet_train/F/F711.jpg
F,/kaggle/input/datasets/grassknoted/asl-alphabet/asl_alphabet_train/asl_alphabet_train/F/F772.jpg
F,/kaggle/input/datasets/grassknoted/asl-alphabet/asl_alphabet_train/asl_alphabet_train/F/F775.jpg
F,/kaggle/input/datasets/grassknoted/asl-alphabet/asl_alphabet_train/asl_alphabet_train/F/F811.jpg
F,/kaggle/input/datasets/grassknoted/asl-alphabet/asl_alphabet_train/asl_alphabet_train/F/F850.jpg
F,/kaggle/input/datasets/grassknoted/asl-alphabet/asl_alphabet_train/asl_alphabet_train/F/F875.jpg
F,/kaggle/input/datasets/grassknoted/asl-alphabet/asl_alphabet_train/asl_alphabet_train/F/F926.jpg
F,/kaggle/input/datasets/grassknoted/asl-alphabet/asl_alphabet_train/asl_alphabet_train/F/F951.jpg
F,/kaggle/input/datasets/grassknoted/asl-alphabet/asl_alphabet_train/asl_alphabet_train/F/F958.jpg
F,/kaggle/input/datasets/grassknoted/asl-alphabet/asl_alphabet_train/asl_alphabet_train/F/F967.jpg
F,/kaggle/input/datasets/grassknoted/asl-alphabet/asl_alphabet_train/asl_alphabet_train/F/F992.jpg
G,/kaggle/input/datasets/grassknoted/asl-alphabet/asl_alphabet_train/asl_alphabet_train/G/G101.jpg
G,/kaggle/input/datasets/grassknoted/asl-alphabet/asl_alphabet_train/asl_alphabet_train/G/G102.jpg
G,/kaggle/input/datasets/grassknoted/asl-alphabet/asl_alphabet_train/asl_alphabet_train/G/G1097.jpg
G,/kaggle/input/datasets/grassknoted/asl-alphabet/asl_alphabet_train/asl_alphabet_train/G/G1106.jpg
G,/kaggle/input/datasets/grassknoted/asl-alphabet/asl_alphabet_train/asl_alphabet_train/G/G1128.jpg
G,/kaggle/input/datasets/grassknoted/asl-alphabet/asl_alphabet_train/asl_alphabet_train/G/G113.jpg
G,/kaggle/input/datasets/grassknoted/asl-alphabet/asl_alphabet_train/asl_alphabet_train/G/G1145.jpg
G,/kaggle/input/datasets/grassknoted/asl-alphabet/asl_alphabet_train/asl_alphabet_train/G/G1193.jpg
G,/kaggle/input/datasets/grassknoted/asl-alphabet/asl_alphabet_train/asl_alphabet_train/G/G1196.jpg
G,/kaggle/input/datasets/grassknoted/asl-alphabet/asl_alphabet_train/asl_alphabet_train/G/G1224.jpg
G,/kaggle/input/datasets/grassknoted/asl-alphabet/asl_alphabet_train/asl_alphabet_train/G/G1273.jpg
G,/kaggle/input/datasets/grassknoted/asl-alphabet/asl_alphabet_train/asl_alphabet_train/G/G1281.jpg
G,/kaggle/input/datasets/grassknoted/asl-alphabet/asl_alphabet_train/asl_alphabet_train/G/G1291.jpg
G,/kaggle/input/datasets/grassknoted/asl-alphabet/asl_alphabet_train/asl_alphabet_train/G/G1299.jpg
G,/kaggle/input/datasets/grassknoted/asl-alphabet/asl_alphabet_train/asl_alphabet_train/G/G1326.jpg
G,/kaggle/input/datasets/grassknoted/asl-alphabet/asl_alphabet_train/asl_alphabet_train/G/G1405.jpg
G,/kaggle/input/datasets/grassknoted/asl-alphabet/asl_alphabet_train/asl_alphabet_train/G/G1590.jpg
G,/kaggle/input/datasets/grassknoted/asl-alphabet/asl_alphabet_train/asl_alphabet_train/G/G1629.jpg
G,/kaggle/input/datasets/grassknoted/asl-alphabet/asl_alphabet_train/asl_alphabet_train/G/G1630.jpg
G,/kaggle/input/datasets/grassknoted/asl-alphabet/asl_alphabet_train/asl_alphabet_train/G/G1636.jpg
G,/kaggle/input/datasets/grassknoted/asl-alphabet/asl_alphabet_train/asl_alphabet_train/G/G1642.jpg
G,/kaggle/input/datasets/grassknoted/asl-alphabet/asl_alphabet_train/asl_alphabet_train/G/G1709.jpg
G,/kaggle/input/datasets/grassknoted/asl-alphabet/asl_alphabet_train/asl_alphabet_train/G/G1745.jpg
G,/kaggle/input/datasets/grassknoted/asl-alphabet/asl_alphabet_train/asl_alphabet_train/G/G1760.jpg
G,/kaggle/input/datasets/grassknoted/asl-alphabet/asl_alphabet_train/asl_alphabet_train/G/G1788.jpg
G,/kaggle/input/datasets/grassknoted/asl-alphabet/asl_alphabet_train/asl_alphabet_train/G/G1864.jpg
G,/kaggle/input/datasets/grassknoted/asl-alphabet/asl_alphabet_train/asl_alphabet_train/G/G1916.jpg
G,/kaggle/input/datasets/grassknoted/asl-alphabet/asl_alphabet_train/asl_alphabet_train/G/G1988.jpg
G,/kaggle/input/datasets/grassknoted/asl-alphabet/asl_alphabet_train/asl_alphabet_train/G/G1997.jpg
G,/kaggle/input/datasets/grassknoted/asl-alphabet/asl_alphabet_train/asl_alphabet_train/G/G2026.jpg
G,/kaggle/input/datasets/grassknoted/asl-alphabet/asl_alphabet_train/asl_alphabet_train/G/G2056.jpg
G,/kaggle/input/datasets/grassknoted/asl-alphabet/asl_alphabet_train/asl_alphabet_train/G/G2094.jpg
G,/kaggle/input/datasets/grassknoted/asl-alphabet/asl_alphabet_train/asl_alphabet_train/G/G2098.jpg
G,/kaggle/input/datasets/grassknoted/asl-alphabet/asl_alphabet_train/asl_alphabet_train/G/G2157.jpg
G,/kaggle/input/datasets/grassknoted/asl-alphabet/asl_alphabet_train/asl_alphabet_train/G/G2186.jpg
G,/kaggle/input/datasets/grassknoted/asl-alphabet/asl_alphabet_train/asl_alphabet_train/G/G2196.jpg
G,/kaggle/input/datasets/grassknoted/asl-alphabet/asl_alphabet_train/asl_alphabet_train/G/G2208.jpg
G,/kaggle/input/datasets/grassknoted/asl-alphabet/asl_alphabet_train/asl_alphabet_train/G/G2234.jpg
G,/kaggle/input/datasets/grassknoted/asl-alphabet/asl_alphabet_train/asl_alphabet_train/G/G2248.jpg
G,/kaggle/input/datasets/grassknoted/asl-alphabet/asl_alphabet_train/asl_alphabet_train/G/G2299.jpg
G,/kaggle/input/datasets/grassknoted/asl-alphabet/asl_alphabet_train/asl_alphabet_train/G/G2332.jpg
G,/kaggle/input/datasets/grassknoted/asl-alphabet/asl_alphabet_train/asl_alphabet_train/G/G2346.jpg
G,/kaggle/input/datasets/grassknoted/asl-alphabet/asl_alphabet_train/asl_alphabet_train/G/G2349.jpg
G,/kaggle/input/datasets/grassknoted/asl-alphabet/asl_alphabet_train/asl_alphabet_train/G/G2371.jpg
G,/kaggle/input/datasets/grassknoted/asl-alphabet/asl_alphabet_train/asl_alphabet_train/G/G2440.jpg
G,/kaggle/input/datasets/grassknoted/asl-alphabet/asl_alphabet_train/asl_alphabet_train/G/G2456.jpg
G,/kaggle/input/datasets/grassknoted/asl-alphabet/asl_alphabet_train/asl_alphabet_train/G/G2480.jpg
G,/kaggle/input/datasets/grassknoted/asl-alphabet/asl_alphabet_train/asl_alphabet_train/G/G2620.jpg
G,/kaggle/input/datasets/grassknoted/asl-alphabet/asl_alphabet_train/asl_alphabet_train/G/G2635.jpg
G,/kaggle/input/datasets/grassknoted/asl-alphabet/asl_alphabet_train/asl_alphabet_train/G/G2654.jpg
G,/kaggle/input/datasets/grassknoted/asl-alphabet/asl_alphabet_train/asl_alphabet_train/G/G2676.jpg
G,/kaggle/input/datasets/grassknoted/asl-alphabet/asl_alphabet_train/asl_alphabet_train/G/G2685.jpg
G,/kaggle/input/datasets/grassknoted/asl-alphabet/asl_alphabet_train/asl_alphabet_train/G/G2703.jpg
G,/kaggle/input/datasets/grassknoted/asl-alphabet/asl_alphabet_train/asl_alphabet_train/G/G271.jpg
G,/kaggle/input/datasets/grassknoted/asl-alphabet/asl_alphabet_train/asl_alphabet_train/G/G2723.jpg
G,/kaggle/input/datasets/grassknoted/asl-alphabet/asl_alphabet_train/asl_alphabet_train/G/G2730.jpg
G,/kaggle/input/datasets/grassknoted/asl-alphabet/asl_alphabet_train/asl_alphabet_train/G/G2762.jpg
G,/kaggle/input/datasets/grassknoted/asl-alphabet/asl_alphabet_train/asl_alphabet_train/G/G281.jpg
G,/kaggle/input/datasets/grassknoted/asl-alphabet/asl_alphabet_train/asl_alphabet_train/G/G2863.jpg
G,/kaggle/input/datasets/grassknoted/asl-alphabet/asl_alphabet_train/asl_alphabet_train/G/G289.jpg
G,/kaggle/input/datasets/grassknoted/asl-alphabet/asl_alphabet_train/asl_alphabet_train/G/G2912.jpg
G,/kaggle/input/datasets/grassknoted/asl-alphabet/asl_alphabet_train/asl_alphabet_train/G/G2926.jpg
G,/kaggle/input/datasets/grassknoted/asl-alphabet/asl_alphabet_train/asl_alphabet_train/G/G2939.jpg
G,/kaggle/input/datasets/grassknoted/asl-alphabet/asl_alphabet_train/asl_alphabet_train/G/G2983.jpg
G,/kaggle/input/datasets/grassknoted/asl-alphabet/asl_alphabet_train/asl_alphabet_train/G/G2988.jpg
G,/kaggle/input/datasets/grassknoted/asl-alphabet/asl_alphabet_train/asl_alphabet_train/G/G2993.jpg
G,/kaggle/input/datasets/grassknoted/asl-alphabet/asl_alphabet_train/asl_alphabet_train/G/G344.jpg
G,/kaggle/input/datasets/grassknoted/asl-alphabet/asl_alphabet_train/asl_alphabet_train/G/G351.jpg
G,/kaggle/input/datasets/grassknoted/asl-alphabet/asl_alphabet_train/asl_alphabet_train/G/G360.jpg
G,/kaggle/input/datasets/grassknoted/asl-alphabet/asl_alphabet_train/asl_alphabet_train/G/G376.jpg
G,/kaggle/input/datasets/grassknoted/asl-alphabet/asl_alphabet_train/asl_alphabet_train/G/G398.jpg
G,/kaggle/input/datasets/grassknoted/asl-alphabet/asl_alphabet_train/asl_alphabet_train/G/G412.jpg
G,/kaggle/input/datasets/grassknoted/asl-alphabet/asl_alphabet_train/asl_alphabet_train/G/G428.jpg
G,/kaggle/input/datasets/grassknoted/asl-alphabet/asl_alphabet_train/asl_alphabet_train/G/G439.jpg
G,/kaggle/input/datasets/grassknoted/asl-alphabet/asl_alphabet_train/asl_alphabet_train/G/G453.jpg
G,/kaggle/input/datasets/grassknoted/asl-alphabet/asl_alphabet_train/asl_alphabet_train/G/G47.jpg
G,/kaggle/input/datasets/grassknoted/asl-alphabet/asl_alphabet_train/asl_alphabet_train/G/G498.jpg
G,/kaggle/input/datasets/grassknoted/asl-alphabet/asl_alphabet_train/asl_alphabet_train/G/G577.jpg
G,/kaggle/input/datasets/grassknoted/asl-alphabet/asl_alphabet_train/asl_alphabet_train/G/G584.jpg
G,/kaggle/input/datasets/grassknoted/asl-alphabet/asl_alphabet_train/asl_alphabet_train/G/G599.jpg
G,/kaggle/input/datasets/grassknoted/asl-alphabet/asl_alphabet_train/asl_alphabet_train/G/G613.jpg
G,/kaggle/input/datasets/grassknoted/asl-alphabet/asl_alphabet_train/asl_alphabet_train/G/G622.jpg
G,/kaggle/input/datasets/grassknoted/asl-alphabet/asl_alphabet_train/asl_alphabet_train/G/G624.jpg
G,/kaggle/input/datasets/grassknoted/asl-alphabet/asl_alphabet_train/asl_alphabet_train/G/G666.jpg
G,/kaggle/input/datasets/grassknoted/asl-alphabet/asl_alphabet_train/asl_alphabet_train/G/G744.jpg
G,/kaggle/input/datasets/grassknoted/asl-alphabet/asl_alphabet_train/asl_alphabet_train/G/G769.jpg
G,/kaggle/input/datasets/grassknoted/asl-alphabet/asl_alphabet_train/asl_alphabet_train/G/G797.jpg
G,/kaggle/input/datasets/grassknoted/asl-alphabet/asl_alphabet_train/asl_alphabet_train/G/G826.jpg
G,/kaggle/input/datasets/grassknoted/asl-alphabet/asl_alphabet_train/asl_alphabet_train/G/G833.jpg
G,/kaggle/input/datasets/grassknoted/asl-alphabet/asl_alphabet_train/asl_alphabet_train/G/G850.jpg
G,/kaggle/input/datasets/grassknoted/asl-alphabet/asl_alphabet_train/asl_alphabet_train/G/G855.jpg
G,/kaggle/input/datasets/grassknoted/asl-alphabet/asl_alphabet_train/asl_alphabet_train/G/G858.jpg
G,/kaggle/input/datasets/grassknoted/asl-alphabet/asl_alphabet_train/asl_alphabet_train/G/G865.jpg
G,/kaggle/input/datasets/grassknoted/asl-alphabet/asl_alphabet_train/asl_alphabet_train/G/G877.jpg
G,/kaggle/input/datasets/grassknoted/asl-alphabet/asl_alphabet_train/asl_alphabet_train/G/G899.jpg
G,/kaggle/input/datasets/grassknoted/asl-alphabet/asl_alphabet_train/asl_alphabet_train/G/G90.jpg
G,/kaggle/input/datasets/grassknoted/asl-alphabet/asl_alphabet_train/asl_alphabet_train/G/G917.jpg
G,/kaggle/input/datasets/grassknoted/asl-alphabet/asl_alphabet_train/asl_alphabet_train/G/G943.jpg
G,/kaggle/input/datasets/grassknoted/asl-alphabet/asl_alphabet_train/asl_alphabet_train/G/G988.jpg
G,/kaggle/input/datasets/grassknoted/asl-alphabet/asl_alphabet_train/asl_alphabet_train/G/G999.jpg
H,/kaggle/input/datasets/grassknoted/asl-alphabet/asl_alphabet_train/asl_alphabet_train/H/H1000.jpg
H,/kaggle/input/datasets/grassknoted/asl-alphabet/asl_alphabet_train/asl_alphabet_train/H/H1001.jpg
H,/kaggle/input/datasets/grassknoted/asl-alphabet/asl_alphabet_train/asl_alphabet_train/H/H1063.jpg
H,/kaggle/input/datasets/grassknoted/asl-alphabet/asl_alphabet_train/asl_alphabet_train/H/H1077.jpg
H,/kaggle/input/datasets/grassknoted/asl-alphabet/asl_alphabet_train/asl_alphabet_train/H/H1093.jpg
H,/kaggle/input/datasets/grassknoted/asl-alphabet/asl_alphabet_train/asl_alphabet_train/H/H1107.jpg
H,/kaggle/input/datasets/grassknoted/asl-alphabet/asl_alphabet_train/asl_alphabet_train/H/H1125.jpg
H,/kaggle/input/datasets/grassknoted/asl-alphabet/asl_alphabet_train/asl_alphabet_train/H/H1134.jpg
H,/kaggle/input/datasets/grassknoted/asl-alphabet/asl_alphabet_train/asl_alphabet_train/H/H1157.jpg
H,/kaggle/input/datasets/grassknoted/asl-alphabet/asl_alphabet_train/asl_alphabet_train/H/H1160.jpg
H,/kaggle/input/datasets/grassknoted/asl-alphabet/asl_alphabet_train/asl_alphabet_train/H/H1173.jpg
H,/kaggle/input/datasets/grassknoted/asl-alphabet/asl_alphabet_train/asl_alphabet_train/H/H1268.jpg
H,/kaggle/input/datasets/grassknoted/asl-alphabet/asl_alphabet_train/asl_alphabet_train/H/H1272.jpg
H,/kaggle/input/datasets/grassknoted/asl-alphabet/asl_alphabet_train/asl_alphabet_train/H/H1297.jpg
H,/kaggle/input/datasets/grassknoted/asl-alphabet/asl_alphabet_train/asl_alphabet_train/H/H1298.jpg
H,/kaggle/input/datasets/grassknoted/asl-alphabet/asl_alphabet_train/asl_alphabet_train/H/H130.jpg
H,/kaggle/input/datasets/grassknoted/asl-alphabet/asl_alphabet_train/asl_alphabet_train/H/H137.jpg
H,/kaggle/input/datasets/grassknoted/asl-alphabet/asl_alphabet_train/asl_alphabet_train/H/H1405.jpg
H,/kaggle/input/datasets/grassknoted/asl-alphabet/asl_alphabet_train/asl_alphabet_train/H/H1436.jpg
H,/kaggle/input/datasets/grassknoted/asl-alphabet/asl_alphabet_train/asl_alphabet_train/H/H1451.jpg
H,/kaggle/input/datasets/grassknoted/asl-alphabet/asl_alphabet_train/asl_alphabet_train/H/H1463.jpg
H,/kaggle/input/datasets/grassknoted/asl-alphabet/asl_alphabet_train/asl_alphabet_train/H/H1489.jpg
H,/kaggle/input/datasets/grassknoted/asl-alphabet/asl_alphabet_train/asl_alphabet_train/H/H1554.jpg
H,/kaggle/input/datasets/grassknoted/asl-alphabet/asl_alphabet_train/asl_alphabet_train/H/H1561.jpg
H,/kaggle/input/datasets/grassknoted/asl-alphabet/asl_alphabet_train/asl_alphabet_train/H/H1618.jpg
H,/kaggle/input/datasets/grassknoted/asl-alphabet/asl_alphabet_train/asl_alphabet_train/H/H1630.jpg
H,/kaggle/input/datasets/grassknoted/asl-alphabet/asl_alphabet_train/asl_alphabet_train/H/H1654.jpg
H,/kaggle/input/datasets/grassknoted/asl-alphabet/asl_alphabet_train/asl_alphabet_train/H/H1657.jpg
H,/kaggle/input/datasets/grassknoted/asl-alphabet/asl_alphabet_train/asl_alphabet_train/H/H1673.jpg
H,/kaggle/input/datasets/grassknoted/asl-alphabet/asl_alphabet_train/asl_alphabet_train/H/H1702.jpg
H,/kaggle/input/datasets/grassknoted/asl-alphabet/asl_alphabet_train/asl_alphabet_train/H/H1703.jpg
H,/kaggle/input/datasets/grassknoted/asl-alphabet/asl_alphabet_train/asl_alphabet_train/H/H174.jpg
H,/kaggle/input/datasets/grassknoted/asl-alphabet/asl_alphabet_train/asl_alphabet_train/H/H1742.jpg
H,/kaggle/input/datasets/grassknoted/asl-alphabet/asl_alphabet_train/asl_alphabet_train/H/H178.jpg
H,/kaggle/input/datasets/grassknoted/asl-alphabet/asl_alphabet_train/asl_alphabet_train/H/H1780.jpg
H,/kaggle/input/datasets/grassknoted/asl-alphabet/asl_alphabet_train/asl_alphabet_train/H/H1782.jpg
H,/kaggle/input/datasets/grassknoted/asl-alphabet/asl_alphabet_train/asl_alphabet_train/H/H1784.jpg
H,/kaggle/input/datasets/grassknoted/asl-alphabet/asl_alphabet_train/asl_alphabet_train/H/H181.jpg
H,/kaggle/input/datasets/grassknoted/asl-alphabet/asl_alphabet_train/asl_alphabet_train/H/H1834.jpg
H,/kaggle/input/datasets/grassknoted/asl-alphabet/asl_alphabet_train/asl_alphabet_train/H/H1843.jpg
H,/kaggle/input/datasets/grassknoted/asl-alphabet/asl_alphabet_train/asl_alphabet_train/H/H1844.jpg
H,/kaggle/input/datasets/grassknoted/asl-alphabet/asl_alphabet_train/asl_alphabet_train/H/H1909.jpg
H,/kaggle/input/datasets/grassknoted/asl-alphabet/asl_alphabet_train/asl_alphabet_train/H/H2027.jpg
H,/kaggle/input/datasets/grassknoted/asl-alphabet/asl_alphabet_train/asl_alphabet_train/H/H2057.jpg
H,/kaggle/input/datasets/grassknoted/asl-alphabet/asl_alphabet_train/asl_alphabet_train/H/H2115.jpg
H,/kaggle/input/datasets/grassknoted/asl-alphabet/asl_alphabet_train/asl_alphabet_train/H/H2118.jpg
H,/kaggle/input/datasets/grassknoted/asl-alphabet/asl_alphabet_train/asl_alphabet_train/H/H213.jpg
H,/kaggle/input/datasets/grassknoted/asl-alphabet/asl_alphabet_train/asl_alphabet_train/H/H2148.jpg
H,/kaggle/input/datasets/grassknoted/asl-alphabet/asl_alphabet_train/asl_alphabet_train/H/H2152.jpg
H,/kaggle/input/datasets/grassknoted/asl-alphabet/asl_alphabet_train/asl_alphabet_train/H/H2202.jpg
H,/kaggle/input/datasets/grassknoted/asl-alphabet/asl_alphabet_train/asl_alphabet_train/H/H2212.jpg
H,/kaggle/input/datasets/grassknoted/asl-alphabet/asl_alphabet_train/asl_alphabet_train/H/H2241.jpg
H,/kaggle/input/datasets/grassknoted/asl-alphabet/asl_alphabet_train/asl_alphabet_train/H/H2253.jpg
H,/kaggle/input/datasets/grassknoted/asl-alphabet/asl_alphabet_train/asl_alphabet_train/H/H2315.jpg
H,/kaggle/input/datasets/grassknoted/asl-alphabet/asl_alphabet_train/asl_alphabet_train/H/H232.jpg
H,/kaggle/input/datasets/grassknoted/asl-alphabet/asl_alphabet_train/asl_alphabet_train/H/H236.jpg
H,/kaggle/input/datasets/grassknoted/asl-alphabet/asl_alphabet_train/asl_alphabet_train/H/H2369.jpg
H,/kaggle/input/datasets/grassknoted/asl-alphabet/asl_alphabet_train/asl_alphabet_train/H/H2377.jpg
H,/kaggle/input/datasets/grassknoted/asl-alphabet/asl_alphabet_train/asl_alphabet_train/H/H2473.jpg
H,/kaggle/input/datasets/grassknoted/asl-alphabet/asl_alphabet_train/asl_alphabet_train/H/H2487.jpg
H,/kaggle/input/datasets/grassknoted/asl-alphabet/asl_alphabet_train/asl_alphabet_train/H/H2523.jpg
H,/kaggle/input/datasets/grassknoted/asl-alphabet/asl_alphabet_train/asl_alphabet_train/H/H2537.jpg
H,/kaggle/input/datasets/grassknoted/asl-alphabet/asl_alphabet_train/asl_alphabet_train/H/H2541.jpg
H,/kaggle/input/datasets/grassknoted/asl-alphabet/asl_alphabet_train/asl_alphabet_train/H/H2551.jpg
H,/kaggle/input/datasets/grassknoted/asl-alphabet/asl_alphabet_train/asl_alphabet_train/H/H2619.jpg
H,/kaggle/input/datasets/grassknoted/asl-alphabet/asl_alphabet_train/asl_alphabet_train/H/H267.jpg
H,/kaggle/input/datasets/grassknoted/asl-alphabet/asl_alphabet_train/asl_alphabet_train/H/H270.jpg
H,/kaggle/input/datasets/grassknoted/asl-alphabet/asl_alphabet_train/asl_alphabet_train/H/H2707.jpg
H,/kaggle/input/datasets/grassknoted/asl-alphabet/asl_alphabet_train/asl_alphabet_train/H/H2729.jpg
H,/kaggle/input/datasets/grassknoted/asl-alphabet/asl_alphabet_train/asl_alphabet_train/H/H2772.jpg
H,/kaggle/input/datasets/grassknoted/asl-alphabet/asl_alphabet_train/asl_alphabet_train/H/H2779.jpg
H,/kaggle/input/datasets/grassknoted/asl-alphabet/asl_alphabet_train/asl_alphabet_train/H/H2870.jpg
H,/kaggle/input/datasets/grassknoted/asl-alphabet/asl_alphabet_train/asl_alphabet_train/H/H2937.jpg
H,/kaggle/input/datasets/grassknoted/asl-alphabet/asl_alphabet_train/asl_alphabet_train/H/H2966.jpg
H,/kaggle/input/datasets/grassknoted/asl-alphabet/asl_alphabet_train/asl_alphabet_train/H/H360.jpg
H,/kaggle/input/datasets/grassknoted/asl-alphabet/asl_alphabet_train/asl_alphabet_train/H/H367.jpg
H,/kaggle/input/datasets/grassknoted/asl-alphabet/asl_alphabet_train/asl_alphabet_train/H/H380.jpg
H,/kaggle/input/datasets/grassknoted/asl-alphabet/asl_alphabet_train/asl_alphabet_train/H/H409.jpg
H,/kaggle/input/datasets/grassknoted/asl-alphabet/asl_alphabet_train/asl_alphabet_train/H/H449.jpg
H,/kaggle/input/datasets/grassknoted/asl-alphabet/asl_alphabet_train/asl_alphabet_train/H/H535.jpg
H,/kaggle/input/datasets/grassknoted/asl-alphabet/asl_alphabet_train/asl_alphabet_train/H/H566.jpg
H,/kaggle/input/datasets/grassknoted/asl-alphabet/asl_alphabet_train/asl_alphabet_train/H/H578.jpg
H,/kaggle/input/datasets/grassknoted/asl-alphabet/asl_alphabet_train/asl_alphabet_train/H/H592.jpg
H,/kaggle/input/datasets/grassknoted/asl-alphabet/asl_alphabet_train/asl_alphabet_train/H/H622.jpg
H,/kaggle/input/datasets/grassknoted/asl-alphabet/asl_alphabet_train/asl_alphabet_train/H/H682.jpg
H,/kaggle/input/datasets/grassknoted/asl-alphabet/asl_alphabet_train/asl_alphabet_train/H/H704.jpg
H,/kaggle/input/datasets/grassknoted/asl-alphabet/asl_alphabet_train/asl_alphabet_train/H/H780.jpg
H,/kaggle/input/datasets/grassknoted/asl-alphabet/asl_alphabet_train/asl_alphabet_train/H/H792.jpg
H,/kaggle/input/datasets/grassknoted/asl-alphabet/asl_alphabet_train/asl_alphabet_train/H/H801.jpg
H,/kaggle/input/datasets/grassknoted/asl-alphabet/asl_alphabet_train/asl_alphabet_train/H/H832.jpg
H,/kaggle/input/datasets/grassknoted/asl-alphabet/asl_alphabet_train/asl_alphabet_train/H/H851.jpg
H,/kaggle/input/datasets/grassknoted/asl-alphabet/asl_alphabet_train/asl_alphabet_train/H/H920.jpg
H,/kaggle/input/datasets/grassknoted/asl-alphabet/asl_alphabet_train/asl_alphabet_train/H/H925.jpg
H,/kaggle/input/datasets/grassknoted/asl-alphabet/asl_alphabet_train/asl_alphabet_train/H/H941.jpg
H,/kaggle/input/datasets/grassknoted/asl-alphabet/asl_alphabet_train/asl_alphabet_train/H/H95.jpg
H,/kaggle/input/datasets/grassknoted/asl-alphabet/asl_alphabet_train/asl_alphabet_train/H/H972.jpg
H,/kaggle/input/datasets/grassknoted/asl-alphabet/asl_alphabet_train/asl_alphabet_train/H/H977.jpg
H,/kaggle/input/datasets/grassknoted/asl-alphabet/asl_alphabet_train/asl_alphabet_train/H/H982.jpg
H,/kaggle/input/datasets/grassknoted/asl-alphabet/asl_alphabet_train/asl_alphabet_train/H/H988.jpg
H,/kaggle/input/datasets/grassknoted/asl-alphabet/asl_alphabet_train/asl_alphabet_train/H/H989.jpg
I,/kaggle/input/datasets/grassknoted/asl-alphabet/asl_alphabet_train/asl_alphabet_train/I/I1008.jpg
I,/kaggle/input/datasets/grassknoted/asl-alphabet/asl_alphabet_train/asl_alphabet_train/I/I1031.jpg
I,/kaggle/input/datasets/grassknoted/asl-alphabet/asl_alphabet_train/asl_alphabet_train/I/I1041.jpg
I,/kaggle/input/datasets/grassknoted/asl-alphabet/asl_alphabet_train/asl_alphabet_train/I/I1046.jpg
I,/kaggle/input/datasets/grassknoted/asl-alphabet/asl_alphabet_train/asl_alphabet_train/I/I1048.jpg
I,/kaggle/input/datasets/grassknoted/asl-alphabet/asl_alphabet_train/asl_alphabet_train/I/I1093.jpg
I,/kaggle/input/datasets/grassknoted/asl-alphabet/asl_alphabet_train/asl_alphabet_train/I/I1132.jpg
I,/kaggle/input/datasets/grassknoted/asl-alphabet/asl_alphabet_train/asl_alphabet_train/I/I1136.jpg
I,/kaggle/input/datasets/grassknoted/asl-alphabet/asl_alphabet_train/asl_alphabet_train/I/I1157.jpg
I,/kaggle/input/datasets/grassknoted/asl-alphabet/asl_alphabet_train/asl_alphabet_train/I/I1239.jpg
I,/kaggle/input/datasets/grassknoted/asl-alphabet/asl_alphabet_train/asl_alphabet_train/I/I1252.jpg
I,/kaggle/input/datasets/grassknoted/asl-alphabet/asl_alphabet_train/asl_alphabet_train/I/I1318.jpg
I,/kaggle/input/datasets/grassknoted/asl-alphabet/asl_alphabet_train/asl_alphabet_train/I/I1323.jpg
I,/kaggle/input/datasets/grassknoted/asl-alphabet/asl_alphabet_train/asl_alphabet_train/I/I1329.jpg
I,/kaggle/input/datasets/grassknoted/asl-alphabet/asl_alphabet_train/asl_alphabet_train/I/I1333.jpg
I,/kaggle/input/datasets/grassknoted/asl-alphabet/asl_alphabet_train/asl_alphabet_train/I/I1349.jpg
I,/kaggle/input/datasets/grassknoted/asl-alphabet/asl_alphabet_train/asl_alphabet_train/I/I1376.jpg
I,/kaggle/input/datasets/grassknoted/asl-alphabet/asl_alphabet_train/asl_alphabet_train/I/I1387.jpg
I,/kaggle/input/datasets/grassknoted/asl-alphabet/asl_alphabet_train/asl_alphabet_train/I/I1400.jpg
I,/kaggle/input/datasets/grassknoted/asl-alphabet/asl_alphabet_train/asl_alphabet_train/I/I1414.jpg
I,/kaggle/input/datasets/grassknoted/asl-alphabet/asl_alphabet_train/asl_alphabet_train/I/I1430.jpg
I,/kaggle/input/datasets/grassknoted/asl-alphabet/asl_alphabet_train/asl_alphabet_train/I/I1437.jpg
I,/kaggle/input/datasets/grassknoted/asl-alphabet/asl_alphabet_train/asl_alphabet_train/I/I1453.jpg
I,/kaggle/input/datasets/grassknoted/asl-alphabet/asl_alphabet_train/asl_alphabet_train/I/I1482.jpg
I,/kaggle/input/datasets/grassknoted/asl-alphabet/asl_alphabet_train/asl_alphabet_train/I/I1494.jpg
I,/kaggle/input/datasets/grassknoted/asl-alphabet/asl_alphabet_train/asl_alphabet_train/I/I1503.jpg
I,/kaggle/input/datasets/grassknoted/asl-alphabet/asl_alphabet_train/asl_alphabet_train/I/I1615.jpg
I,/kaggle/input/datasets/grassknoted/asl-alphabet/asl_alphabet_train/asl_alphabet_train/I/I1619.jpg
I,/kaggle/input/datasets/grassknoted/asl-alphabet/asl_alphabet_train/asl_alphabet_train/I/I1676.jpg
I,/kaggle/input/datasets/grassknoted/asl-alphabet/asl_alphabet_train/asl_alphabet_train/I/I1698.jpg
I,/kaggle/input/datasets/grassknoted/asl-alphabet/asl_alphabet_train/asl_alphabet_train/I/I1716.jpg
I,/kaggle/input/datasets/grassknoted/asl-alphabet/asl_alphabet_train/asl_alphabet_train/I/I1723.jpg
I,/kaggle/input/datasets/grassknoted/asl-alphabet/asl_alphabet_train/asl_alphabet_train/I/I1782.jpg
I,/kaggle/input/datasets/grassknoted/asl-alphabet/asl_alphabet_train/asl_alphabet_train/I/I1789.jpg
I,/kaggle/input/datasets/grassknoted/asl-alphabet/asl_alphabet_train/asl_alphabet_train/I/I183.jpg
I,/kaggle/input/datasets/grassknoted/asl-alphabet/asl_alphabet_train/asl_alphabet_train/I/I1912.jpg
I,/kaggle/input/datasets/grassknoted/asl-alphabet/asl_alphabet_train/asl_alphabet_train/I/I1964.jpg
I,/kaggle/input/datasets/grassknoted/asl-alphabet/asl_alphabet_train/asl_alphabet_train/I/I20.jpg
I,/kaggle/input/datasets/grassknoted/asl-alphabet/asl_alphabet_train/asl_alphabet_train/I/I2024.jpg
I,/kaggle/input/datasets/grassknoted/asl-alphabet/asl_alphabet_train/asl_alphabet_train/I/I2059.jpg
I,/kaggle/input/datasets/grassknoted/asl-alphabet/asl_alphabet_train/asl_alphabet_train/I/I2098.jpg
I,/kaggle/input/datasets/grassknoted/asl-alphabet/asl_alphabet_train/asl_alphabet_train/I/I2099.jpg
I,/kaggle/input/datasets/grassknoted/asl-alphabet/asl_alphabet_train/asl_alphabet_train/I/I2124.jpg
I,/kaggle/input/datasets/grassknoted/asl-alphabet/asl_alphabet_train/asl_alphabet_train/I/I2151.jpg
I,/kaggle/input/datasets/grassknoted/asl-alphabet/asl_alphabet_train/asl_alphabet_train/I/I2186.jpg
I,/kaggle/input/datasets/grassknoted/asl-alphabet/asl_alphabet_train/asl_alphabet_train/I/I2334.jpg
I,/kaggle/input/datasets/grassknoted/asl-alphabet/asl_alphabet_train/asl_alphabet_train/I/I2382.jpg
I,/kaggle/input/datasets/grassknoted/asl-alphabet/asl_alphabet_train/asl_alphabet_train/I/I240.jpg
I,/kaggle/input/datasets/grassknoted/asl-alphabet/asl_alphabet_train/asl_alphabet_train/I/I2403.jpg
I,/kaggle/input/datasets/grassknoted/asl-alphabet/asl_alphabet_train/asl_alphabet_train/I/I2419.jpg
I,/kaggle/input/datasets/grassknoted/asl-alphabet/asl_alphabet_train/asl_alphabet_train/I/I2425.jpg
I,/kaggle/input/datasets/grassknoted/asl-alphabet/asl_alphabet_train/asl_alphabet_train/I/I246.jpg
I,/kaggle/input/datasets/grassknoted/asl-alphabet/asl_alphabet_train/asl_alphabet_train/I/I248.jpg
I,/kaggle/input/datasets/grassknoted/asl-alphabet/asl_alphabet_train/asl_alphabet_train/I/I2513.jpg
I,/kaggle/input/datasets/grassknoted/asl-alphabet/asl_alphabet_train/asl_alphabet_train/I/I2519.jpg
I,/kaggle/input/datasets/grassknoted/asl-alphabet/asl_alphabet_train/asl_alphabet_train/I/I2524.jpg
I,/kaggle/input/datasets/grassknoted/asl-alphabet/asl_alphabet_train/asl_alphabet_train/I/I2543.jpg
I,/kaggle/input/datasets/grassknoted/asl-alphabet/asl_alphabet_train/asl_alphabet_train/I/I2557.jpg
I,/kaggle/input/datasets/grassknoted/asl-alphabet/asl_alphabet_train/asl_alphabet_train/I/I2579.jpg
I,/kaggle/input/datasets/grassknoted/asl-alphabet/asl_alphabet_train/asl_alphabet_train/I/I2587.jpg
I,/kaggle/input/datasets/grassknoted/asl-alphabet/asl_alphabet_train/asl_alphabet_train/I/I2630.jpg
I,/kaggle/input/datasets/grassknoted/asl-alphabet/asl_alphabet_train/asl_alphabet_train/I/I2647.jpg
I,/kaggle/input/datasets/grassknoted/asl-alphabet/asl_alphabet_train/asl_alphabet_train/I/I2654.jpg
I,/kaggle/input/datasets/grassknoted/asl-alphabet/asl_alphabet_train/asl_alphabet_train/I/I2721.jpg
I,/kaggle/input/datasets/grassknoted/asl-alphabet/asl_alphabet_train/asl_alphabet_train/I/I2760.jpg
I,/kaggle/input/datasets/grassknoted/asl-alphabet/asl_alphabet_train/asl_alphabet_train/I/I2764.jpg
I,/kaggle/input/datasets/grassknoted/asl-alphabet/asl_alphabet_train/asl_alphabet_train/I/I2813.jpg
I,/kaggle/input/datasets/grassknoted/asl-alphabet/asl_alphabet_train/asl_alphabet_train/I/I2821.jpg
I,/kaggle/input/datasets/grassknoted/asl-alphabet/asl_alphabet_train/asl_alphabet_train/I/I2833.jpg
I,/kaggle/input/datasets/grassknoted/asl-alphabet/asl_alphabet_train/asl_alphabet_train/I/I2852.jpg
I,/kaggle/input/datasets/grassknoted/asl-alphabet/asl_alphabet_train/asl_alphabet_train/I/I2896.jpg
I,/kaggle/input/datasets/grassknoted/asl-alphabet/asl_alphabet_train/asl_alphabet_train/I/I2914.jpg
I,/kaggle/input/datasets/grassknoted/asl-alphabet/asl_alphabet_train/asl_alphabet_train/I/I2925.jpg
I,/kaggle/input/datasets/grassknoted/asl-alphabet/asl_alphabet_train/asl_alphabet_train/I/I2933.jpg
I,/kaggle/input/datasets/grassknoted/asl-alphabet/asl_alphabet_train/asl_alphabet_train/I/I2944.jpg
I,/kaggle/input/datasets/grassknoted/asl-alphabet/asl_alphabet_train/asl_alphabet_train/I/I310.jpg
I,/kaggle/input/datasets/grassknoted/asl-alphabet/asl_alphabet_train/asl_alphabet_train/I/I333.jpg
I,/kaggle/input/datasets/grassknoted/asl-alphabet/asl_alphabet_train/asl_alphabet_train/I/I338.jpg
I,/kaggle/input/datasets/grassknoted/asl-alphabet/asl_alphabet_train/asl_alphabet_train/I/I344.jpg
I,/kaggle/input/datasets/grassknoted/asl-alphabet/asl_alphabet_train/asl_alphabet_train/I/I382.jpg
I,/kaggle/input/datasets/grassknoted/asl-alphabet/asl_alphabet_train/asl_alphabet_train/I/I39.jpg
I,/kaggle/input/datasets/grassknoted/asl-alphabet/asl_alphabet_train/asl_alphabet_train/I/I441.jpg
I,/kaggle/input/datasets/grassknoted/asl-alphabet/asl_alphabet_train/asl_alphabet_train/I/I462.jpg
I,/kaggle/input/datasets/grassknoted/asl-alphabet/asl_alphabet_train/asl_alphabet_train/I/I51.jpg
I,/kaggle/input/datasets/grassknoted/asl-alphabet/asl_alphabet_train/asl_alphabet_train/I/I524.jpg
I,/kaggle/input/datasets/grassknoted/asl-alphabet/asl_alphabet_train/asl_alphabet_train/I/I539.jpg
I,/kaggle/input/datasets/grassknoted/asl-alphabet/asl_alphabet_train/asl_alphabet_train/I/I56.jpg
I,/kaggle/input/datasets/grassknoted/asl-alphabet/asl_alphabet_train/asl_alphabet_train/I/I63.jpg
I,/kaggle/input/datasets/grassknoted/asl-alphabet/asl_alphabet_train/asl_alphabet_train/I/I630.jpg
I,/kaggle/input/datasets/grassknoted/asl-alphabet/asl_alphabet_train/asl_alphabet_train/I/I632.jpg
I,/kaggle/input/datasets/grassknoted/asl-alphabet/asl_alphabet_train/asl_alphabet_train/I/I673.jpg
I,/kaggle/input/datasets/grassknoted/asl-alphabet/asl_alphabet_train/asl_alphabet_train/I/I70.jpg
I,/kaggle/input/datasets/grassknoted/asl-alphabet/asl_alphabet_train/asl_alphabet_train/I/I736.jpg
I,/kaggle/input/datasets/grassknoted/asl-alphabet/asl_alphabet_train/asl_alphabet_train/I/I783.jpg
I,/kaggle/input/datasets/grassknoted/asl-alphabet/asl_alphabet_train/asl_alphabet_train/I/I832.jpg
I,/kaggle/input/datasets/grassknoted/asl-alphabet/asl_alphabet_train/asl_alphabet_train/I/I834.jpg
I,/kaggle/input/datasets/grassknoted/asl-alphabet/asl_alphabet_train/asl_alphabet_train/I/I899.jpg
I,/kaggle/input/datasets/grassknoted/asl-alphabet/asl_alphabet_train/asl_alphabet_train/I/I911.jpg
I,/kaggle/input/datasets/grassknoted/asl-alphabet/asl_alphabet_train/asl_alphabet_train/I/I920.jpg
I,/kaggle/input/datasets/grassknoted/asl-alphabet/asl_alphabet_train/asl_alphabet_train/I/I94.jpg
J,/kaggle/input/datasets/grassknoted/asl-alphabet/asl_alphabet_train/asl_alphabet_train/J/J1020.jpg
J,/kaggle/input/datasets/grassknoted/asl-alphabet/asl_alphabet_train/asl_alphabet_train/J/J1079.jpg
J,/kaggle/input/datasets/grassknoted/asl-alphabet/asl_alphabet_train/asl_alphabet_train/J/J1113.jpg
J,/kaggle/input/datasets/grassknoted/asl-alphabet/asl_alphabet_train/asl_alphabet_train/J/J1116.jpg
J,/kaggle/input/datasets/grassknoted/asl-alphabet/asl_alphabet_train/asl_alphabet_train/J/J1148.jpg
J,/kaggle/input/datasets/grassknoted/asl-alphabet/asl_alphabet_train/asl_alphabet_train/J/J1164.jpg
J,/kaggle/input/datasets/grassknoted/asl-alphabet/asl_alphabet_train/asl_alphabet_train/J/J1189.jpg
J,/kaggle/input/datasets/grassknoted/asl-alphabet/asl_alphabet_train/asl_alphabet_train/J/J1216.jpg
J,/kaggle/input/datasets/grassknoted/asl-alphabet/asl_alphabet_train/asl_alphabet_train/J/J1234.jpg
J,/kaggle/input/datasets/grassknoted/asl-alphabet/asl_alphabet_train/asl_alphabet_train/J/J1256.jpg
J,/kaggle/input/datasets/grassknoted/asl-alphabet/asl_alphabet_train/asl_alphabet_train/J/J1269.jpg
J,/kaggle/input/datasets/grassknoted/asl-alphabet/asl_alphabet_train/asl_alphabet_train/J/J1276.jpg
J,/kaggle/input/datasets/grassknoted/asl-alphabet/asl_alphabet_train/asl_alphabet_train/J/J1283.jpg
J,/kaggle/input/datasets/grassknoted/asl-alphabet/asl_alphabet_train/asl_alphabet_train/J/J129.jpg
J,/kaggle/input/datasets/grassknoted/asl-alphabet/asl_alphabet_train/asl_alphabet_train/J/J1296.jpg
J,/kaggle/input/datasets/grassknoted/asl-alphabet/asl_alphabet_train/asl_alphabet_train/J/J1322.jpg
J,/kaggle/input/datasets/grassknoted/asl-alphabet/asl_alphabet_train/asl_alphabet_train/J/J1333.jpg
J,/kaggle/input/datasets/grassknoted/asl-alphabet/asl_alphabet_train/asl_alphabet_train/J/J1355.jpg
J,/kaggle/input/datasets/grassknoted/asl-alphabet/asl_alphabet_train/asl_alphabet_train/J/J1363.jpg
J,/kaggle/input/datasets/grassknoted/asl-alphabet/asl_alphabet_train/asl_alphabet_train/J/J1426.jpg
J,/kaggle/input/datasets/grassknoted/asl-alphabet/asl_alphabet_train/asl_alphabet_train/J/J1439.jpg
J,/kaggle/input/datasets/grassknoted/asl-alphabet/asl_alphabet_train/asl_alphabet_train/J/J1478.jpg
J,/kaggle/input/datasets/grassknoted/asl-alphabet/asl_alphabet_train/asl_alphabet_train/J/J1482.jpg
J,/kaggle/input/datasets/grassknoted/asl-alphabet/asl_alphabet_train/asl_alphabet_train/J/J1485.jpg
J,/kaggle/input/datasets/grassknoted/asl-alphabet/asl_alphabet_train/asl_alphabet_train/J/J1499.jpg
J,/kaggle/input/datasets/grassknoted/asl-alphabet/asl_alphabet_train/asl_alphabet_train/J/J1527.jpg
J,/kaggle/input/datasets/grassknoted/asl-alphabet/asl_alphabet_train/asl_alphabet_train/J/J1553.jpg
J,/kaggle/input/datasets/grassknoted/asl-alphabet/asl_alphabet_train/asl_alphabet_train/J/J1589.jpg
J,/kaggle/input/datasets/grassknoted/asl-alphabet/asl_alphabet_train/asl_alphabet_train/J/J1614.jpg
J,/kaggle/input/datasets/grassknoted/asl-alphabet/asl_alphabet_train/asl_alphabet_train/J/J1624.jpg
J,/kaggle/input/datasets/grassknoted/asl-alphabet/asl_alphabet_train/asl_alphabet_train/J/J1641.jpg
J,/kaggle/input/datasets/grassknoted/asl-alphabet/asl_alphabet_train/asl_alphabet_train/J/J1663.jpg
J,/kaggle/input/datasets/grassknoted/asl-alphabet/asl_alphabet_train/asl_alphabet_train/J/J1673.jpg
J,/kaggle/input/datasets/grassknoted/asl-alphabet/asl_alphabet_train/asl_alphabet_train/J/J1679.jpg
J,/kaggle/input/datasets/grassknoted/asl-alphabet/asl_alphabet_train/asl_alphabet_train/J/J1710.jpg
J,/kaggle/input/datasets/grassknoted/asl-alphabet/asl_alphabet_train/asl_alphabet_train/J/J1725.jpg
J,/kaggle/input/datasets/grassknoted/asl-alphabet/asl_alphabet_train/asl_alphabet_train/J/J1776.jpg
J,/kaggle/input/datasets/grassknoted/asl-alphabet/asl_alphabet_train/asl_alphabet_train/J/J1790.jpg
J,/kaggle/input/datasets/grassknoted/asl-alphabet/asl_alphabet_train/asl_alphabet_train/J/J1795.jpg
J,/kaggle/input/datasets/grassknoted/asl-alphabet/asl_alphabet_train/asl_alphabet_train/J/J1806.jpg
J,/kaggle/input/datasets/grassknoted/asl-alphabet/asl_alphabet_train/asl_alphabet_train/J/J1823.jpg
J,/kaggle/input/datasets/grassknoted/asl-alphabet/asl_alphabet_train/asl_alphabet_train/J/J1897.jpg
J,/kaggle/input/datasets/grassknoted/asl-alphabet/asl_alphabet_train/asl_alphabet_train/J/J1938.jpg
J,/kaggle/input/datasets/grassknoted/asl-alphabet/asl_alphabet_train/asl_alphabet_train/J/J1992.jpg
J,/kaggle/input/datasets/grassknoted/asl-alphabet/asl_alphabet_train/asl_alphabet_train/J/J20.jpg
J,/kaggle/input/datasets/grassknoted/asl-alphabet/asl_alphabet_train/asl_alphabet_train/J/J2033.jpg
J,/kaggle/input/datasets/grassknoted/asl-alphabet/asl_alphabet_train/asl_alphabet_train/J/J2069.jpg
J,/kaggle/input/datasets/grassknoted/asl-alphabet/asl_alphabet_train/asl_alphabet_train/J/J2082.jpg
J,/kaggle/input/datasets/grassknoted/asl-alphabet/asl_alphabet_train/asl_alphabet_train/J/J2085.jpg
J,/kaggle/input/datasets/grassknoted/asl-alphabet/asl_alphabet_train/asl_alphabet_train/J/J2095.jpg
J,/kaggle/input/datasets/grassknoted/asl-alphabet/asl_alphabet_train/asl_alphabet_train/J/J2113.jpg
J,/kaggle/input/datasets/grassknoted/asl-alphabet/asl_alphabet_train/asl_alphabet_train/J/J2127.jpg
J,/kaggle/input/datasets/grassknoted/asl-alphabet/asl_alphabet_train/asl_alphabet_train/J/J2190.jpg
J,/kaggle/input/datasets/grassknoted/asl-alphabet/asl_alphabet_train/asl_alphabet_train/J/J2209.jpg
J,/kaggle/input/datasets/grassknoted/asl-alphabet/asl_alphabet_train/asl_alphabet_train/J/J2212.jpg
J,/kaggle/input/datasets/grassknoted/asl-alphabet/asl_alphabet_train/asl_alphabet_train/J/J2225.jpg
J,/kaggle/input/datasets/grassknoted/asl-alphabet/asl_alphabet_train/asl_alphabet_train/J/J2248.jpg
J,/kaggle/input/datasets/grassknoted/asl-alphabet/asl_alphabet_train/asl_alphabet_train/J/J2251.jpg
J,/kaggle/input/datasets/grassknoted/asl-alphabet/asl_alphabet_train/asl_alphabet_train/J/J2262.jpg
J,/kaggle/input/datasets/grassknoted/asl-alphabet/asl_alphabet_train/asl_alphabet_train/J/J2301.jpg
J,/kaggle/input/datasets/grassknoted/asl-alphabet/asl_alphabet_train/asl_alphabet_train/J/J2365.jpg
J,/kaggle/input/datasets/grassknoted/asl-alphabet/asl_alphabet_train/asl_alphabet_train/J/J2386.jpg
J,/kaggle/input/datasets/grassknoted/asl-alphabet/asl_alphabet_train/asl_alphabet_train/J/J2399.jpg
J,/kaggle/input/datasets/grassknoted/asl-alphabet/asl_alphabet_train/asl_alphabet_train/J/J2441.jpg
J,/kaggle/input/datasets/grassknoted/asl-alphabet/asl_alphabet_train/asl_alphabet_train/J/J2466.jpg
J,/kaggle/input/datasets/grassknoted/asl-alphabet/asl_alphabet_train/asl_alphabet_train/J/J2557.jpg
J,/kaggle/input/datasets/grassknoted/asl-alphabet/asl_alphabet_train/asl_alphabet_train/J/J2559.jpg
J,/kaggle/input/datasets/grassknoted/asl-alphabet/asl_alphabet_train/asl_alphabet_train/J/J2618.jpg
J,/kaggle/input/datasets/grassknoted/asl-alphabet/asl_alphabet_train/asl_alphabet_train/J/J2621.jpg
J,/kaggle/input/datasets/grassknoted/asl-alphabet/asl_alphabet_train/asl_alphabet_train/J/J2639.jpg
J,/kaggle/input/datasets/grassknoted/asl-alphabet/asl_alphabet_train/asl_alphabet_train/J/J2663.jpg
J,/kaggle/input/datasets/grassknoted/asl-alphabet/asl_alphabet_train/asl_alphabet_train/J/J2714.jpg
J,/kaggle/input/datasets/grassknoted/asl-alphabet/asl_alphabet_train/asl_alphabet_train/J/J2753.jpg
J,/kaggle/input/datasets/grassknoted/asl-alphabet/asl_alphabet_train/asl_alphabet_train/J/J277.jpg
J,/kaggle/input/datasets/grassknoted/asl-alphabet/asl_alphabet_train/asl_alphabet_train/J/J2953.jpg
J,/kaggle/input/datasets/grassknoted/asl-alphabet/asl_alphabet_train/asl_alphabet_train/J/J2963.jpg
J,/kaggle/input/datasets/grassknoted/asl-alphabet/asl_alphabet_train/asl_alphabet_train/J/J2974.jpg
J,/kaggle/input/datasets/grassknoted/asl-alphabet/asl_alphabet_train/asl_alphabet_train/J/J2977.jpg
J,/kaggle/input/datasets/grassknoted/asl-alphabet/asl_alphabet_train/asl_alphabet_train/J/J315.jpg
J,/kaggle/input/datasets/grassknoted/asl-alphabet/asl_alphabet_train/asl_alphabet_train/J/J334.jpg
J,/kaggle/input/datasets/grassknoted/asl-alphabet/asl_alphabet_train/asl_alphabet_train/J/J339.jpg
J,/kaggle/input/datasets/grassknoted/asl-alphabet/asl_alphabet_train/asl_alphabet_train/J/J369.jpg
J,/kaggle/input/datasets/grassknoted/asl-alphabet/asl_alphabet_train/asl_alphabet_train/J/J468.jpg
J,/kaggle/input/datasets/grassknoted/asl-alphabet/asl_alphabet_train/asl_alphabet_train/J/J533.jpg
J,/kaggle/input/datasets/grassknoted/asl-alphabet/asl_alphabet_train/asl_alphabet_train/J/J546.jpg
J,/kaggle/input/datasets/grassknoted/asl-alphabet/asl_alphabet_train/asl_alphabet_train/J/J566.jpg
J,/kaggle/input/datasets/grassknoted/asl-alphabet/asl_alphabet_train/asl_alphabet_train/J/J571.jpg
J,/kaggle/input/datasets/grassknoted/asl-alphabet/asl_alphabet_train/asl_alphabet_train/J/J579.jpg
J,/kaggle/input/datasets/grassknoted/asl-alphabet/asl_alphabet_train/asl_alphabet_train/J/J599.jpg
J,/kaggle/input/datasets/grassknoted/asl-alphabet/asl_alphabet_train/asl_alphabet_train/J/J612.jpg
J,/kaggle/input/datasets/grassknoted/asl-alphabet/asl_alphabet_train/asl_alphabet_train/J/J623.jpg
J,/kaggle/input/datasets/grassknoted/asl-alphabet/asl_alphabet_train/asl_alphabet_train/J/J680.jpg
J,/kaggle/input/datasets/grassknoted/asl-alphabet/asl_alphabet_train/asl_alphabet_train/J/J707.jpg
J,/kaggle/input/datasets/grassknoted/asl-alphabet/asl_alphabet_train/asl_alphabet_train/J/J795.jpg
J,/kaggle/input/datasets/grassknoted/asl-alphabet/asl_alphabet_train/asl_alphabet_train/J/J819.jpg
J,/kaggle/input/datasets/grassknoted/asl-alphabet/asl_alphabet_train/asl_alphabet_train/J/J820.jpg
J,/kaggle/input/datasets/grassknoted/asl-alphabet/asl_alphabet_train/asl_alphabet_train/J/J826.jpg
J,/kaggle/input/datasets/grassknoted/asl-alphabet/asl_alphabet_train/asl_alphabet_train/J/J850.jpg
J,/kaggle/input/datasets/grassknoted/asl-alphabet/asl_alphabet_train/asl_alphabet_train/J/J898.jpg
J,/kaggle/input/datasets/grassknoted/asl-alphabet/asl_alphabet_train/asl_alphabet_train/J/J900.jpg
K,/kaggle/input/datasets/grassknoted/asl-alphabet/asl_alphabet_train/asl_alphabet_train/K/K1003.jpg
K,/kaggle/input/datasets/grassknoted/asl-alphabet/asl_alphabet_train/asl_alphabet_train/K/K1051.jpg
K,/kaggle/input/datasets/grassknoted/asl-alphabet/asl_alphabet_train/asl_alphabet_train/K/K1104.jpg
K,/kaggle/input/datasets/grassknoted/asl-alphabet/asl_alphabet_train/asl_alphabet_train/K/K1160.jpg
K,/kaggle/input/datasets/grassknoted/asl-alphabet/asl_alphabet_train/asl_alphabet_train/K/K1190.jpg
K,/kaggle/input/datasets/grassknoted/asl-alphabet/asl_alphabet_train/asl_alphabet_train/K/K1238.jpg
K,/kaggle/input/datasets/grassknoted/asl-alphabet/asl_alphabet_train/asl_alphabet_train/K/K1245.jpg
K,/kaggle/input/datasets/grassknoted/asl-alphabet/asl_alphabet_train/asl_alphabet_train/K/K1337.jpg
K,/kaggle/input/datasets/grassknoted/asl-alphabet/asl_alphabet_train/asl_alphabet_train/K/K1352.jpg
K,/kaggle/input/datasets/grassknoted/asl-alphabet/asl_alphabet_train/asl_alphabet_train/K/K1399.jpg
K,/kaggle/input/datasets/grassknoted/asl-alphabet/asl_alphabet_train/asl_alphabet_train/K/K1400.jpg
K,/kaggle/input/datasets/grassknoted/asl-alphabet/asl_alphabet_train/asl_alphabet_train/K/K1458.jpg
K,/kaggle/input/datasets/grassknoted/asl-alphabet/asl_alphabet_train/asl_alphabet_train/K/K1468.jpg
K,/kaggle/input/datasets/grassknoted/asl-alphabet/asl_alphabet_train/asl_alphabet_train/K/K1506.jpg
K,/kaggle/input/datasets/grassknoted/asl-alphabet/asl_alphabet_train/asl_alphabet_train/K/K1694.jpg
K,/kaggle/input/datasets/grassknoted/asl-alphabet/asl_alphabet_train/asl_alphabet_train/K/K1733.jpg
K,/kaggle/input/datasets/grassknoted/asl-alphabet/asl_alphabet_train/asl_alphabet_train/K/K1734.jpg
K,/kaggle/input/datasets/grassknoted/asl-alphabet/asl_alphabet_train/asl_alphabet_train/K/K1737.jpg
K,/kaggle/input/datasets/grassknoted/asl-alphabet/asl_alphabet_train/asl_alphabet_train/K/K1749.jpg
K,/kaggle/input/datasets/grassknoted/asl-alphabet/asl_alphabet_train/asl_alphabet_train/K/K1768.jpg
K,/kaggle/input/datasets/grassknoted/asl-alphabet/asl_alphabet_train/asl_alphabet_train/K/K1798.jpg
K,/kaggle/input/datasets/grassknoted/asl-alphabet/asl_alphabet_train/asl_alphabet_train/K/K1804.jpg
K,/kaggle/input/datasets/grassknoted/asl-alphabet/asl_alphabet_train/asl_alphabet_train/K/K1821.jpg
K,/kaggle/input/datasets/grassknoted/asl-alphabet/asl_alphabet_train/asl_alphabet_train/K/K1839.jpg
K,/kaggle/input/datasets/grassknoted/asl-alphabet/asl_alphabet_train/asl_alphabet_train/K/K1874.jpg
K,/kaggle/input/datasets/grassknoted/asl-alphabet/asl_alphabet_train/asl_alphabet_train/K/K1885.jpg
K,/kaggle/input/datasets/grassknoted/asl-alphabet/asl_alphabet_train/asl_alphabet_train/K/K1905.jpg
K,/kaggle/input/datasets/grassknoted/asl-alphabet/asl_alphabet_train/asl_alphabet_train/K/K1918.jpg
K,/kaggle/input/datasets/grassknoted/asl-alphabet/asl_alphabet_train/asl_alphabet_train/K/K1962.jpg
K,/kaggle/input/datasets/grassknoted/asl-alphabet/asl_alphabet_train/asl_alphabet_train/K/K1977.jpg
K,/kaggle/input/datasets/grassknoted/asl-alphabet/asl_alphabet_train/asl_alphabet_train/K/K2031.jpg
K,/kaggle/input/datasets/grassknoted/asl-alphabet/asl_alphabet_train/asl_alphabet_train/K/K204.jpg
K,/kaggle/input/datasets/grassknoted/asl-alphabet/asl_alphabet_train/asl_alphabet_train/K/K2051.jpg
K,/kaggle/input/datasets/grassknoted/asl-alphabet/asl_alphabet_train/asl_alphabet_train/K/K2076.jpg
K,/kaggle/input/datasets/grassknoted/asl-alphabet/asl_alphabet_train/asl_alphabet_train/K/K208.jpg
K,/kaggle/input/datasets/grassknoted/asl-alphabet/asl_alphabet_train/asl_alphabet_train/K/K2089.jpg
K,/kaggle/input/datasets/grassknoted/asl-alphabet/asl_alphabet_train/asl_alphabet_train/K/K2095.jpg
K,/kaggle/input/datasets/grassknoted/asl-alphabet/asl_alphabet_train/asl_alphabet_train/K/K2122.jpg
K,/kaggle/input/datasets/grassknoted/asl-alphabet/asl_alphabet_train/asl_alphabet_train/K/K2138.jpg
K,/kaggle/input/datasets/grassknoted/asl-alphabet/asl_alphabet_train/asl_alphabet_train/K/K2142.jpg
K,/kaggle/input/datasets/grassknoted/asl-alphabet/asl_alphabet_train/asl_alphabet_train/K/K2181.jpg
K,/kaggle/input/datasets/grassknoted/asl-alphabet/asl_alphabet_train/asl_alphabet_train/K/K2192.jpg
K,/kaggle/input/datasets/grassknoted/asl-alphabet/asl_alphabet_train/asl_alphabet_train/K/K220.jpg
K,/kaggle/input/datasets/grassknoted/asl-alphabet/asl_alphabet_train/asl_alphabet_train/K/K2203.jpg
K,/kaggle/input/datasets/grassknoted/asl-alphabet/asl_alphabet_train/asl_alphabet_train/K/K2214.jpg
K,/kaggle/input/datasets/grassknoted/asl-alphabet/asl_alphabet_train/asl_alphabet_train/K/K2247.jpg
K,/kaggle/input/datasets/grassknoted/asl-alphabet/asl_alphabet_train/asl_alphabet_train/K/K2248.jpg
K,/kaggle/input/datasets/grassknoted/asl-alphabet/asl_alphabet_train/asl_alphabet_train/K/K2303.jpg
K,/kaggle/input/datasets/grassknoted/asl-alphabet/asl_alphabet_train/asl_alphabet_train/K/K2361.jpg
K,/kaggle/input/datasets/grassknoted/asl-alphabet/asl_alphabet_train/asl_alphabet_train/K/K2385.jpg
K,/kaggle/input/datasets/grassknoted/asl-alphabet/asl_alphabet_train/asl_alphabet_train/K/K2389.jpg
K,/kaggle/input/datasets/grassknoted/asl-alphabet/asl_alphabet_train/asl_alphabet_train/K/K2412.jpg
K,/kaggle/input/datasets/grassknoted/asl-alphabet/asl_alphabet_train/asl_alphabet_train/K/K2444.jpg
K,/kaggle/input/datasets/grassknoted/asl-alphabet/asl_alphabet_train/asl_alphabet_train/K/K247.jpg
K,/kaggle/input/datasets/grassknoted/asl-alphabet/asl_alphabet_train/asl_alphabet_train/K/K2500.jpg
K,/kaggle/input/datasets/grassknoted/asl-alphabet/asl_alphabet_train/asl_alphabet_train/K/K2547.jpg
K,/kaggle/input/datasets/grassknoted/asl-alphabet/asl_alphabet_train/asl_alphabet_train/K/K2577.jpg
K,/kaggle/input/datasets/grassknoted/asl-alphabet/asl_alphabet_train/asl_alphabet_train/K/K2582.jpg
K,/kaggle/input/datasets/grassknoted/asl-alphabet/asl_alphabet_train/asl_alphabet_train/K/K2621.jpg
K,/kaggle/input/datasets/grassknoted/asl-alphabet/asl_alphabet_train/asl_alphabet_train/K/K2660.jpg
K,/kaggle/input/datasets/grassknoted/asl-alphabet/asl_alphabet_train/asl_alphabet_train/K/K2669.jpg
K,/kaggle/input/datasets/grassknoted/asl-alphabet/asl_alphabet_train/asl_alphabet_train/K/K2703.jpg
K,/kaggle/input/datasets/grassknoted/asl-alphabet/asl_alphabet_train/asl_alphabet_train/K/K2735.jpg
K,/kaggle/input/datasets/grassknoted/asl-alphabet/asl_alphabet_train/asl_alphabet_train/K/K2736.jpg
K,/kaggle/input/datasets/grassknoted/asl-alphabet/asl_alphabet_train/asl_alphabet_train/K/K274.jpg
K,/kaggle/input/datasets/grassknoted/asl-alphabet/asl_alphabet_train/asl_alphabet_train/K/K2757.jpg
K,/kaggle/input/datasets/grassknoted/asl-alphabet/asl_alphabet_train/asl_alphabet_train/K/K2766.jpg
K,/kaggle/input/datasets/grassknoted/asl-alphabet/asl_alphabet_train/asl_alphabet_train/K/K2788.jpg
K,/kaggle/input/datasets/grassknoted/asl-alphabet/asl_alphabet_train/asl_alphabet_train/K/K2796.jpg
K,/kaggle/input/datasets/grassknoted/asl-alphabet/asl_alphabet_train/asl_alphabet_train/K/K2798.jpg
K,/kaggle/input/datasets/grassknoted/asl-alphabet/asl_alphabet_train/asl_alphabet_train/K/K2870.jpg
K,/kaggle/input/datasets/grassknoted/asl-alphabet/asl_alphabet_train/asl_alphabet_train/K/K2896.jpg
K,/kaggle/input/datasets/grassknoted/asl-alphabet/asl_alphabet_train/asl_alphabet_train/K/K2905.jpg
K,/kaggle/input/datasets/grassknoted/asl-alphabet/asl_alphabet_train/asl_alphabet_train/K/K2912.jpg
K,/kaggle/input/datasets/grassknoted/asl-alphabet/asl_alphabet_train/asl_alphabet_train/K/K2925.jpg
K,/kaggle/input/datasets/grassknoted/asl-alphabet/asl_alphabet_train/asl_alphabet_train/K/K2941.jpg
K,/kaggle/input/datasets/grassknoted/asl-alphabet/asl_alphabet_train/asl_alphabet_train/K/K2960.jpg
K,/kaggle/input/datasets/grassknoted/asl-alphabet/asl_alphabet_train/asl_alphabet_train/K/K2970.jpg
K,/kaggle/input/datasets/grassknoted/asl-alphabet/asl_alphabet_train/asl_alphabet_train/K/K2971.jpg
K,/kaggle/input/datasets/grassknoted/asl-alphabet/asl_alphabet_train/asl_alphabet_train/K/K2976.jpg
K,/kaggle/input/datasets/grassknoted/asl-alphabet/asl_alphabet_train/asl_alphabet_train/K/K2983.jpg
K,/kaggle/input/datasets/grassknoted/asl-alphabet/asl_alphabet_train/asl_alphabet_train/K/K2992.jpg
K,/kaggle/input/datasets/grassknoted/asl-alphabet/asl_alphabet_train/asl_alphabet_train/K/K3.jpg
K,/kaggle/input/datasets/grassknoted/asl-alphabet/asl_alphabet_train/asl_alphabet_train/K/K368.jpg
K,/kaggle/input/datasets/grassknoted/asl-alphabet/asl_alphabet_train/asl_alphabet_train/K/K391.jpg
K,/kaggle/input/datasets/grassknoted/asl-alphabet/asl_alphabet_train/asl_alphabet_train/K/K525.jpg
K,/kaggle/input/datasets/grassknoted/asl-alphabet/asl_alphabet_train/asl_alphabet_train/K/K541.jpg
K,/kaggle/input/datasets/grassknoted/asl-alphabet/asl_alphabet_train/asl_alphabet_train/K/K6.jpg
K,/kaggle/input/datasets/grassknoted/asl-alphabet/asl_alphabet_train/asl_alphabet_train/K/K67.jpg
K,/kaggle/input/datasets/grassknoted/asl-alphabet/asl_alphabet_train/asl_alphabet_train/K/K69.jpg
K,/kaggle/input/datasets/grassknoted/asl-alphabet/asl_alphabet_train/asl_alphabet_train/K/K724.jpg
K,/kaggle/input/datasets/grassknoted/asl-alphabet/asl_alphabet_train/asl_alphabet_train/K/K73.jpg
K,/kaggle/input/datasets/grassknoted/asl-alphabet/asl_alphabet_train/asl_alphabet_train/K/K810.jpg
K,/kaggle/input/datasets/grassknoted/asl-alphabet/asl_alphabet_train/asl_alphabet_train/K/K826.jpg
K,/kaggle/input/datasets/grassknoted/asl-alphabet/asl_alphabet_train/asl_alphabet_train/K/K899.jpg
K,/kaggle/input/datasets/grassknoted/asl-alphabet/asl_alphabet_train/asl_alphabet_train/K/K912.jpg
K,/kaggle/input/datasets/grassknoted/asl-alphabet/asl_alphabet_train/asl_alphabet_train/K/K920.jpg
K,/kaggle/input/datasets/grassknoted/asl-alphabet/asl_alphabet_train/asl_alphabet_train/K/K937.jpg
K,/kaggle/input/datasets/grassknoted/asl-alphabet/asl_alphabet_train/asl_alphabet_train/K/K974.jpg
K,/kaggle/input/datasets/grassknoted/asl-alphabet/asl_alphabet_train/asl_alphabet_train/K/K99.jpg
L,/kaggle/input/datasets/grassknoted/asl-alphabet/asl_alphabet_train/asl_alphabet_train/L/L1000.jpg
L,/kaggle/input/datasets/grassknoted/asl-alphabet/asl_alphabet_train/asl_alphabet_train/L/L1017.jpg
L,/kaggle/input/datasets/grassknoted/asl-alphabet/asl_alphabet_train/asl_alphabet_train/L/L1061.jpg
L,/kaggle/input/datasets/grassknoted/asl-alphabet/asl_alphabet_train/asl_alphabet_train/L/L1068.jpg
L,/kaggle/input/datasets/grassknoted/asl-alphabet/asl_alphabet_train/asl_alphabet_train/L/L1083.jpg
L,/kaggle/input/datasets/grassknoted/asl-alphabet/asl_alphabet_train/asl_alphabet_train/L/L1100.jpg
L,/kaggle/input/datasets/grassknoted/asl-alphabet/asl_alphabet_train/asl_alphabet_train/L/L1136.jpg
L,/kaggle/input/datasets/grassknoted/asl-alphabet/asl_alphabet_train/asl_alphabet_train/L/L1182.jpg
L,/kaggle/input/datasets/grassknoted/asl-alphabet/asl_alphabet_train/asl_alphabet_train/L/L1253.jpg
L,/kaggle/input/datasets/grassknoted/asl-alphabet/asl_alphabet_train/asl_alphabet_train/L/L1282.jpg
L,/kaggle/input/datasets/grassknoted/asl-alphabet/asl_alphabet_train/asl_alphabet_train/L/L1296.jpg
L,/kaggle/input/datasets/grassknoted/asl-alphabet/asl_alphabet_train/asl_alphabet_train/L/L1301.jpg
L,/kaggle/input/datasets/grassknoted/asl-alphabet/asl_alphabet_train/asl_alphabet_train/L/L1302.jpg
L,/kaggle/input/datasets/grassknoted/asl-alphabet/asl_alphabet_train/asl_alphabet_train/L/L1315.jpg
L,/kaggle/input/datasets/grassknoted/asl-alphabet/asl_alphabet_train/asl_alphabet_train/L/L1350.jpg
L,/kaggle/input/datasets/grassknoted/asl-alphabet/asl_alphabet_train/asl_alphabet_train/L/L1362.jpg
L,/kaggle/input/datasets/grassknoted/asl-alphabet/asl_alphabet_train/asl_alphabet_train/L/L1364.jpg
L,/kaggle/input/datasets/grassknoted/asl-alphabet/asl_alphabet_train/asl_alphabet_train/L/L1404.jpg
L,/kaggle/input/datasets/grassknoted/asl-alphabet/asl_alphabet_train/asl_alphabet_train/L/L1412.jpg
L,/kaggle/input/datasets/grassknoted/asl-alphabet/asl_alphabet_train/asl_alphabet_train/L/L1438.jpg
L,/kaggle/input/datasets/grassknoted/asl-alphabet/asl_alphabet_train/asl_alphabet_train/L/L1468.jpg
L,/kaggle/input/datasets/grassknoted/asl-alphabet/asl_alphabet_train/asl_alphabet_train/L/L1477.jpg
L,/kaggle/input/datasets/grassknoted/asl-alphabet/asl_alphabet_train/asl_alphabet_train/L/L1506.jpg
L,/kaggle/input/datasets/grassknoted/asl-alphabet/asl_alphabet_train/asl_alphabet_train/L/L1563.jpg
L,/kaggle/input/datasets/grassknoted/asl-alphabet/asl_alphabet_train/asl_alphabet_train/L/L1570.jpg
L,/kaggle/input/datasets/grassknoted/asl-alphabet/asl_alphabet_train/asl_alphabet_train/L/L1593.jpg
L,/kaggle/input/datasets/grassknoted/asl-alphabet/asl_alphabet_train/asl_alphabet_train/L/L1614.jpg
L,/kaggle/input/datasets/grassknoted/asl-alphabet/asl_alphabet_train/asl_alphabet_train/L/L1649.jpg
L,/kaggle/input/datasets/grassknoted/asl-alphabet/asl_alphabet_train/asl_alphabet_train/L/L1660.jpg
L,/kaggle/input/datasets/grassknoted/asl-alphabet/asl_alphabet_train/asl_alphabet_train/L/L1717.jpg
L,/kaggle/input/datasets/grassknoted/asl-alphabet/asl_alphabet_train/asl_alphabet_train/L/L1747.jpg
L,/kaggle/input/datasets/grassknoted/asl-alphabet/asl_alphabet_train/asl_alphabet_train/L/L1754.jpg
L,/kaggle/input/datasets/grassknoted/asl-alphabet/asl_alphabet_train/asl_alphabet_train/L/L176.jpg
L,/kaggle/input/datasets/grassknoted/asl-alphabet/asl_alphabet_train/asl_alphabet_train/L/L1765.jpg
L,/kaggle/input/datasets/grassknoted/asl-alphabet/asl_alphabet_train/asl_alphabet_train/L/L1787.jpg
L,/kaggle/input/datasets/grassknoted/asl-alphabet/asl_alphabet_train/asl_alphabet_train/L/L1797.jpg
L,/kaggle/input/datasets/grassknoted/asl-alphabet/asl_alphabet_train/asl_alphabet_train/L/L1853.jpg
L,/kaggle/input/datasets/grassknoted/asl-alphabet/asl_alphabet_train/asl_alphabet_train/L/L1859.jpg
L,/kaggle/input/datasets/grassknoted/asl-alphabet/asl_alphabet_train/asl_alphabet_train/L/L1871.jpg
L,/kaggle/input/datasets/grassknoted/asl-alphabet/asl_alphabet_train/asl_alphabet_train/L/L1880.jpg
L,/kaggle/input/datasets/grassknoted/asl-alphabet/asl_alphabet_train/asl_alphabet_train/L/L1946.jpg
L,/kaggle/input/datasets/grassknoted/asl-alphabet/asl_alphabet_train/asl_alphabet_train/L/L1950.jpg
L,/kaggle/input/datasets/grassknoted/asl-alphabet/asl_alphabet_train/asl_alphabet_train/L/L1958.jpg
L,/kaggle/input/datasets/grassknoted/asl-alphabet/asl_alphabet_train/asl_alphabet_train/L/L1991.jpg
L,/kaggle/input/datasets/grassknoted/asl-alphabet/asl_alphabet_train/asl_alphabet_train/L/L2025.jpg
L,/kaggle/input/datasets/grassknoted/asl-alphabet/asl_alphabet_train/asl_alphabet_train/L/L2058.jpg
L,/kaggle/input/datasets/grassknoted/asl-alphabet/asl_alphabet_train/asl_alphabet_train/L/L207.jpg
L,/kaggle/input/datasets/grassknoted/asl-alphabet/asl_alphabet_train/asl_alphabet_train/L/L2114.jpg
L,/kaggle/input/datasets/grassknoted/asl-alphabet/asl_alphabet_train/asl_alphabet_train/L/L2126.jpg
L,/kaggle/input/datasets/grassknoted/asl-alphabet/asl_alphabet_train/asl_alphabet_train/L/L214.jpg
L,/kaggle/input/datasets/grassknoted/asl-alphabet/asl_alphabet_train/asl_alphabet_train/L/L2186.jpg
L,/kaggle/input/datasets/grassknoted/asl-alphabet/asl_alphabet_train/asl_alphabet_train/L/L2191.jpg
L,/kaggle/input/datasets/grassknoted/asl-alphabet/asl_alphabet_train/asl_alphabet_train/L/L2200.jpg
L,/kaggle/input/datasets/grassknoted/asl-alphabet/asl_alphabet_train/asl_alphabet_train/L/L2237.jpg
L,/kaggle/input/datasets/grassknoted/asl-alphabet/asl_alphabet_train/asl_alphabet_train/L/L2262.jpg
L,/kaggle/input/datasets/grassknoted/asl-alphabet/asl_alphabet_train/asl_alphabet_train/L/L2334.jpg
L,/kaggle/input/datasets/grassknoted/asl-alphabet/asl_alphabet_train/asl_alphabet_train/L/L2349.jpg
L,/kaggle/input/datasets/grassknoted/asl-alphabet/asl_alphabet_train/asl_alphabet_train/L/L2381.jpg
L,/kaggle/input/datasets/grassknoted/asl-alphabet/asl_alphabet_train/asl_alphabet_train/L/L2471.jpg
L,/kaggle/input/datasets/grassknoted/asl-alphabet/asl_alphabet_train/asl_alphabet_train/L/L2494.jpg
L,/kaggle/input/datasets/grassknoted/asl-alphabet/asl_alphabet_train/asl_alphabet_train/L/L2528.jpg
L,/kaggle/input/datasets/grassknoted/asl-alphabet/asl_alphabet_train/asl_alphabet_train/L/L2530.jpg
L,/kaggle/input/datasets/grassknoted/asl-alphabet/asl_alphabet_train/asl_alphabet_train/L/L256.jpg
L,/kaggle/input/datasets/grassknoted/asl-alphabet/asl_alphabet_train/asl_alphabet_train/L/L2590.jpg
L,/kaggle/input/datasets/grassknoted/asl-alphabet/asl_alphabet_train/asl_alphabet_train/L/L2636.jpg
L,/kaggle/input/datasets/grassknoted/asl-alphabet/asl_alphabet_train/asl_alphabet_train/L/L2674.jpg
L,/kaggle/input/datasets/grassknoted/asl-alphabet/asl_alphabet_train/asl_alphabet_train/L/L2718.jpg
L,/kaggle/input/datasets/grassknoted/asl-alphabet/asl_alphabet_train/asl_alphabet_train/L/L2742.jpg
L,/kaggle/input/datasets/grassknoted/asl-alphabet/asl_alphabet_train/asl_alphabet_train/L/L2762.jpg
L,/kaggle/input/datasets/grassknoted/asl-alphabet/asl_alphabet_train/asl_alphabet_train/L/L2808.jpg
L,/kaggle/input/datasets/grassknoted/asl-alphabet/asl_alphabet_train/asl_alphabet_train/L/L2830.jpg
L,/kaggle/input/datasets/grassknoted/asl-alphabet/asl_alphabet_train/asl_alphabet_train/L/L2835.jpg
L,/kaggle/input/datasets/grassknoted/asl-alphabet/asl_alphabet_train/asl_alphabet_train/L/L284.jpg
L,/kaggle/input/datasets/grassknoted/asl-alphabet/asl_alphabet_train/asl_alphabet_train/L/L2890.jpg
L,/kaggle/input/datasets/grassknoted/asl-alphabet/asl_alphabet_train/asl_alphabet_train/L/L2950.jpg
L,/kaggle/input/datasets/grassknoted/asl-alphabet/asl_alphabet_train/asl_alphabet_train/L/L335.jpg
L,/kaggle/input/datasets/grassknoted/asl-alphabet/asl_alphabet_train/asl_alphabet_train/L/L353.jpg
L,/kaggle/input/datasets/grassknoted/asl-alphabet/asl_alphabet_train/asl_alphabet_train/L/L392.jpg
L,/kaggle/input/datasets/grassknoted/asl-alphabet/asl_alphabet_train/asl_alphabet_train/L/L396.jpg
L,/kaggle/input/datasets/grassknoted/asl-alphabet/asl_alphabet_train/asl_alphabet_train/L/L420.jpg
L,/kaggle/input/datasets/grassknoted/asl-alphabet/asl_alphabet_train/asl_alphabet_train/L/L425.jpg
L,/kaggle/input/datasets/grassknoted/asl-alphabet/asl_alphabet_train/asl_alphabet_train/L/L433.jpg
L,/kaggle/input/datasets/grassknoted/asl-alphabet/asl_alphabet_train/asl_alphabet_train/L/L502.jpg
L,/kaggle/input/datasets/grassknoted/asl-alphabet/asl_alphabet_train/asl_alphabet_train/L/L513.jpg
L,/kaggle/input/datasets/grassknoted/asl-alphabet/asl_alphabet_train/asl_alphabet_train/L/L514.jpg
L,/kaggle/input/datasets/grassknoted/asl-alphabet/asl_alphabet_train/asl_alphabet_train/L/L542.jpg
L,/kaggle/input/datasets/grassknoted/asl-alphabet/asl_alphabet_train/asl_alphabet_train/L/L551.jpg
L,/kaggle/input/datasets/grassknoted/asl-alphabet/asl_alphabet_train/asl_alphabet_train/L/L619.jpg
L,/kaggle/input/datasets/grassknoted/asl-alphabet/asl_alphabet_train/asl_alphabet_train/L/L649.jpg
L,/kaggle/input/datasets/grassknoted/asl-alphabet/asl_alphabet_train/asl_alphabet_train/L/L743.jpg
L,/kaggle/input/datasets/grassknoted/asl-alphabet/asl_alphabet_train/asl_alphabet_train/L/L766.jpg
L,/kaggle/input/datasets/grassknoted/asl-alphabet/asl_alphabet_train/asl_alphabet_train/L/L785.jpg
L,/kaggle/input/datasets/grassknoted/asl-alphabet/asl_alphabet_train/asl_alphabet_train/L/L795.jpg
L,/kaggle/input/datasets/grassknoted/asl-alphabet/asl_alphabet_train/asl_alphabet_train/L/L827.jpg
L,/kaggle/input/datasets/grassknoted/asl-alphabet/asl_alphabet_train/asl_alphabet_train/L/L895.jpg
L,/kaggle/input/datasets/grassknoted/asl-alphabet/asl_alphabet_train/asl_alphabet_train/L/L919.jpg
L,/kaggle/input/datasets/grassknoted/asl-alphabet/asl_alphabet_train/asl_alphabet_train/L/L930.jpg
L,/kaggle/input/datasets/grassknoted/asl-alphabet/asl_alphabet_train/asl_alphabet_train/L/L951.jpg
L,/kaggle/input/datasets/grassknoted/asl-alphabet/asl_alphabet_train/asl_alphabet_train/L/L973.jpg
L,/kaggle/input/datasets/grassknoted/asl-alphabet/asl_alphabet_train/asl_alphabet_train/L/L979.jpg
M,/kaggle/input/datasets/grassknoted/asl-alphabet/asl_alphabet_train/asl_alphabet_train/M/M1000.jpg
M,/kaggle/input/datasets/grassknoted/asl-alphabet/asl_alphabet_train/asl_alphabet_train/M/M1014.jpg
M,/kaggle/input/datasets/grassknoted/asl-alphabet/asl_alphabet_train/asl_alphabet_train/M/M1022.jpg
M,/kaggle/input/datasets/grassknoted/asl-alphabet/asl_alphabet_train/asl_alphabet_train/M/M1068.jpg
M,/kaggle/input/datasets/grassknoted/asl-alphabet/asl_alphabet_train/asl_alphabet_train/M/M1070.jpg
M,/kaggle/input/datasets/grassknoted/asl-alphabet/asl_alphabet_train/asl_alphabet_train/M/M1128.jpg
M,/kaggle/input/datasets/grassknoted/asl-alphabet/asl_alphabet_train/asl_alphabet_train/M/M1147.jpg
M,/kaggle/input/datasets/grassknoted/asl-alphabet/asl_alphabet_train/asl_alphabet_train/M/M1157.jpg
M,/kaggle/input/datasets/grassknoted/asl-alphabet/asl_alphabet_train/asl_alphabet_train/M/M1174.jpg
M,/kaggle/input/datasets/grassknoted/asl-alphabet/asl_alphabet_train/asl_alphabet_train/M/M1207.jpg
M,/kaggle/input/datasets/grassknoted/asl-alphabet/asl_alphabet_train/asl_alphabet_train/M/M1251.jpg
M,/kaggle/input/datasets/grassknoted/asl-alphabet/asl_alphabet_train/asl_alphabet_train/M/M1264.jpg
M,/kaggle/input/datasets/grassknoted/asl-alphabet/asl_alphabet_train/asl_alphabet_train/M/M1272.jpg
M,/kaggle/input/datasets/grassknoted/asl-alphabet/asl_alphabet_train/asl_alphabet_train/M/M128.jpg
M,/kaggle/input/datasets/grassknoted/asl-alphabet/asl_alphabet_train/asl_alphabet_train/M/M1349.jpg
M,/kaggle/input/datasets/grassknoted/asl-alphabet/asl_alphabet_train/asl_alphabet_train/M/M1360.jpg
M,/kaggle/input/datasets/grassknoted/asl-alphabet/asl_alphabet_train/asl_alphabet_train/M/M1415.jpg
M,/kaggle/input/datasets/grassknoted/asl-alphabet/asl_alphabet_train/asl_alphabet_train/M/M1429.jpg
M,/kaggle/input/datasets/grassknoted/asl-alphabet/asl_alphabet_train/asl_alphabet_train/M/M1457.jpg
M,/kaggle/input/datasets/grassknoted/asl-alphabet/asl_alphabet_train/asl_alphabet_train/M/M1472.jpg
M,/kaggle/input/datasets/grassknoted/asl-alphabet/asl_alphabet_train/asl_alphabet_train/M/M1484.jpg
M,/kaggle/input/datasets/grassknoted/asl-alphabet/asl_alphabet_train/asl_alphabet_train/M/M1500.jpg
M,/kaggle/input/datasets/grassknoted/asl-alphabet/asl_alphabet_train/asl_alphabet_train/M/M1522.jpg
M,/kaggle/input/datasets/grassknoted/asl-alphabet/asl_alphabet_train/asl_alphabet_train/M/M1555.jpg
M,/kaggle/input/datasets/grassknoted/asl-alphabet/asl_alphabet_train/asl_alphabet_train/M/M1563.jpg
M,/kaggle/input/datasets/grassknoted/asl-alphabet/asl_alphabet_train/asl_alphabet_train/M/M1573.jpg
M,/kaggle/input/datasets/grassknoted/asl-alphabet/asl_alphabet_train/asl_alphabet_train/M/M1574.jpg
M,/kaggle/input/datasets/grassknoted/asl-alphabet/asl_alphabet_train/asl_alphabet_train/M/M1576.jpg
M,/kaggle/input/datasets/grassknoted/asl-alphabet/asl_alphabet_train/asl_alphabet_train/M/M1658.jpg
M,/kaggle/input/datasets/grassknoted/asl-alphabet/asl_alphabet_train/asl_alphabet_train/M/M1659.jpg
M,/kaggle/input/datasets/grassknoted/asl-alphabet/asl_alphabet_train/asl_alphabet_train/M/M1681.jpg
M,/kaggle/input/datasets/grassknoted/asl-alphabet/asl_alphabet_train/asl_alphabet_train/M/M1685.jpg
M,/kaggle/input/datasets/grassknoted/asl-alphabet/asl_alphabet_train/asl_alphabet_train/M/M1715.jpg
M,/kaggle/input/datasets/grassknoted/asl-alphabet/asl_alphabet_train/asl_alphabet_train/M/M1756.jpg
M,/kaggle/input/datasets/grassknoted/asl-alphabet/asl_alphabet_train/asl_alphabet_train/M/M176.jpg
M,/kaggle/input/datasets/grassknoted/asl-alphabet/asl_alphabet_train/asl_alphabet_train/M/M1806.jpg
M,/kaggle/input/datasets/grassknoted/asl-alphabet/asl_alphabet_train/asl_alphabet_train/M/M1833.jpg
M,/kaggle/input/datasets/grassknoted/asl-alphabet/asl_alphabet_train/asl_alphabet_train/M/M1862.jpg
M,/kaggle/input/datasets/grassknoted/asl-alphabet/asl_alphabet_train/asl_alphabet_train/M/M1908.jpg
M,/kaggle/input/datasets/grassknoted/asl-alphabet/asl_alphabet_train/asl_alphabet_train/M/M192.jpg
M,/kaggle/input/datasets/grassknoted/asl-alphabet/asl_alphabet_train/asl_alphabet_train/M/M1926.jpg
M,/kaggle/input/datasets/grassknoted/asl-alphabet/asl_alphabet_train/asl_alphabet_train/M/M1961.jpg
M,/kaggle/input/datasets/grassknoted/asl-alphabet/asl_alphabet_train/asl_alphabet_train/M/M1972.jpg
M,/kaggle/input/datasets/grassknoted/asl-alphabet/asl_alphabet_train/asl_alphabet_train/M/M1974.jpg
M,/kaggle/input/datasets/grassknoted/asl-alphabet/asl_alphabet_train/asl_alphabet_train/M/M1979.jpg
M,/kaggle/input/datasets/grassknoted/asl-alphabet/asl_alphabet_train/asl_alphabet_train/M/M2005.jpg
M,/kaggle/input/datasets/grassknoted/asl-alphabet/asl_alphabet_train/asl_alphabet_train/M/M2017.jpg
M,/kaggle/input/datasets/grassknoted/asl-alphabet/asl_alphabet_train/asl_alphabet_train/M/M2102.jpg
M,/kaggle/input/datasets/grassknoted/asl-alphabet/asl_alphabet_train/asl_alphabet_train/M/M2112.jpg
M,/kaggle/input/datasets/grassknoted/asl-alphabet/asl_alphabet_train/asl_alphabet_train/M/M2135.jpg
M,/kaggle/input/datasets/grassknoted/asl-alphabet/asl_alphabet_train/asl_alphabet_train/M/M2186.jpg
M,/kaggle/input/datasets/grassknoted/asl-alphabet/asl_alphabet_train/asl_alphabet_train/M/M2193.jpg
M,/kaggle/input/datasets/grassknoted/asl-alphabet/asl_alphabet_train/asl_alphabet_train/M/M2218.jpg
M,/kaggle/input/datasets/grassknoted/asl-alphabet/asl_alphabet_train/asl_alphabet_train/M/M2236.jpg
M,/kaggle/input/datasets/grassknoted/asl-alphabet/asl_alphabet_train/asl_alphabet_train/M/M2241.jpg
M,/kaggle/input/datasets/grassknoted/asl-alphabet/asl_alphabet_train/asl_alphabet_train/M/M2252.jpg
M,/kaggle/input/datasets/grassknoted/asl-alphabet/asl_alphabet_train/asl_alphabet_train/M/M2268.jpg
M,/kaggle/input/datasets/grassknoted/asl-alphabet/asl_alphabet_train/asl_alphabet_train/M/M2270.jpg
M,/kaggle/input/datasets/grassknoted/asl-alphabet/asl_alphabet_train/asl_alphabet_train/M/M228.jpg
M,/kaggle/input/datasets/grassknoted/asl-alphabet/asl_alphabet_train/asl_alphabet_train/M/M2381.jpg
M,/kaggle/input/datasets/grassknoted/asl-alphabet/asl_alphabet_train/asl_alphabet_train/M/M2394.jpg
M,/kaggle/input/datasets/grassknoted/asl-alphabet/asl_alphabet_train/asl_alphabet_train/M/M2400.jpg
M,/kaggle/input/datasets/grassknoted/asl-alphabet/asl_alphabet_train/asl_alphabet_train/M/M2444.jpg
M,/kaggle/input/datasets/grassknoted/asl-alphabet/asl_alphabet_train/asl_alphabet_train/M/M2482.jpg
M,/kaggle/input/datasets/grassknoted/asl-alphabet/asl_alphabet_train/asl_alphabet_train/M/M2484.jpg
M,/kaggle/input/datasets/grassknoted/asl-alphabet/asl_alphabet_train/asl_alphabet_train/M/M2495.jpg
M,/kaggle/input/datasets/grassknoted/asl-alphabet/asl_alphabet_train/asl_alphabet_train/M/M2568.jpg
M,/kaggle/input/datasets/grassknoted/asl-alphabet/asl_alphabet_train/asl_alphabet_train/M/M2583.jpg
M,/kaggle/input/datasets/grassknoted/asl-alphabet/asl_alphabet_train/asl_alphabet_train/M/M2590.jpg
M,/kaggle/input/datasets/grassknoted/asl-alphabet/asl_alphabet_train/asl_alphabet_train/M/M2611.jpg
M,/kaggle/input/datasets/grassknoted/asl-alphabet/asl_alphabet_train/asl_alphabet_train/M/M2630.jpg
M,/kaggle/input/datasets/grassknoted/asl-alphabet/asl_alphabet_train/asl_alphabet_train/M/M2696.jpg
M,/kaggle/input/datasets/grassknoted/asl-alphabet/asl_alphabet_train/asl_alphabet_train/M/M2715.jpg
M,/kaggle/input/datasets/grassknoted/asl-alphabet/asl_alphabet_train/asl_alphabet_train/M/M2720.jpg
M,/kaggle/input/datasets/grassknoted/asl-alphabet/asl_alphabet_train/asl_alphabet_train/M/M2754.jpg
M,/kaggle/input/datasets/grassknoted/asl-alphabet/asl_alphabet_train/asl_alphabet_train/M/M2796.jpg
M,/kaggle/input/datasets/grassknoted/asl-alphabet/asl_alphabet_train/asl_alphabet_train/M/M2820.jpg
M,/kaggle/input/datasets/grassknoted/asl-alphabet/asl_alphabet_train/asl_alphabet_train/M/M2866.jpg
M,/kaggle/input/datasets/grassknoted/asl-alphabet/asl_alphabet_train/asl_alphabet_train/M/M2924.jpg
M,/kaggle/input/datasets/grassknoted/asl-alphabet/asl_alphabet_train/asl_alphabet_train/M/M2956.jpg
M,/kaggle/input/datasets/grassknoted/asl-alphabet/asl_alphabet_train/asl_alphabet_train/M/M2997.jpg
M,/kaggle/input/datasets/grassknoted/asl-alphabet/asl_alphabet_train/asl_alphabet_train/M/M30.jpg
M,/kaggle/input/datasets/grassknoted/asl-alphabet/asl_alphabet_train/asl_alphabet_train/M/M358.jpg
M,/kaggle/input/datasets/grassknoted/asl-alphabet/asl_alphabet_train/asl_alphabet_train/M/M372.jpg
M,/kaggle/input/datasets/grassknoted/asl-alphabet/asl_alphabet_train/asl_alphabet_train/M/M474.jpg
M,/kaggle/input/datasets/grassknoted/asl-alphabet/asl_alphabet_train/asl_alphabet_train/M/M482.jpg
M,/kaggle/input/datasets/grassknoted/asl-alphabet/asl_alphabet_train/asl_alphabet_train/M/M514.jpg
M,/kaggle/input/datasets/grassknoted/asl-alphabet/asl_alphabet_train/asl_alphabet_train/M/M538.jpg
M,/kaggle/input/datasets/grassknoted/asl-alphabet/asl_alphabet_train/asl_alphabet_train/M/M540.jpg
M,/kaggle/input/datasets/grassknoted/asl-alphabet/asl_alphabet_train/asl_alphabet_train/M/M544.jpg
M,/kaggle/input/datasets/grassknoted/asl-alphabet/asl_alphabet_train/asl_alphabet_train/M/M579.jpg
M,/kaggle/input/datasets/grassknoted/asl-alphabet/asl_alphabet_train/asl_alphabet_train/M/M616.jpg
M,/kaggle/input/datasets/grassknoted/asl-alphabet/asl_alphabet_train/asl_alphabet_train/M/M673.jpg
M,/kaggle/input/datasets/grassknoted/asl-alphabet/asl_alphabet_train/asl_alphabet_train/M/M68.jpg
M,/kaggle/input/datasets/grassknoted/asl-alphabet/asl_alphabet_train/asl_alphabet_train/M/M694.jpg
M,/kaggle/input/datasets/grassknoted/asl-alphabet/asl_alphabet_train/asl_alphabet_train/M/M75.jpg
M,/kaggle/input/datasets/grassknoted/asl-alphabet/asl_alphabet_train/asl_alphabet_train/M/M777.jpg
M,/kaggle/input/datasets/grassknoted/asl-alphabet/asl_alphabet_train/asl_alphabet_train/M/M794.jpg
M,/kaggle/input/datasets/grassknoted/asl-alphabet/asl_alphabet_train/asl_alphabet_train/M/M8.jpg
M,/kaggle/input/datasets/grassknoted/asl-alphabet/asl_alphabet_train/asl_alphabet_train/M/M976.jpg
N,/kaggle/input/datasets/grassknoted/asl-alphabet/asl_alphabet_train/asl_alphabet_train/N/N101.jpg
N,/kaggle/input/datasets/grassknoted/asl-alphabet/asl_alphabet_train/asl_alphabet_train/N/N1012.jpg
N,/kaggle/input/datasets/grassknoted/asl-alphabet/asl_alphabet_train/asl_alphabet_train/N/N1069.jpg
N,/kaggle/input/datasets/grassknoted/asl-alphabet/asl_alphabet_train/asl_alphabet_train/N/N110.jpg
N,/kaggle/input/datasets/grassknoted/asl-alphabet/asl_alphabet_train/asl_alphabet_train/N/N1137.jpg
N,/kaggle/input/datasets/grassknoted/asl-alphabet/asl_alphabet_train/asl_alphabet_train/N/N1154.jpg
N,/kaggle/input/datasets/grassknoted/asl-alphabet/asl_alphabet_train/asl_alphabet_train/N/N1182.jpg
N,/kaggle/input/datasets/grassknoted/asl-alphabet/asl_alphabet_train/asl_alphabet_train/N/N1203.jpg
N,/kaggle/input/datasets/grassknoted/asl-alphabet/asl_alphabet_train/asl_alphabet_train/N/N1219.jpg
N,/kaggle/input/datasets/grassknoted/asl-alphabet/asl_alphabet_train/asl_alphabet_train/N/N1246.jpg
N,/kaggle/input/datasets/grassknoted/asl-alphabet/asl_alphabet_train/asl_alphabet_train/N/N1270.jpg
N,/kaggle/input/datasets/grassknoted/asl-alphabet/asl_alphabet_train/asl_alphabet_train/N/N1273.jpg
N,/kaggle/input/datasets/grassknoted/asl-alphabet/asl_alphabet_train/asl_alphabet_train/N/N1274.jpg
N,/kaggle/input/datasets/grassknoted/asl-alphabet/asl_alphabet_train/asl_alphabet_train/N/N1314.jpg
N,/kaggle/input/datasets/grassknoted/asl-alphabet/asl_alphabet_train/asl_alphabet_train/N/N14.jpg
N,/kaggle/input/datasets/grassknoted/asl-alphabet/asl_alphabet_train/asl_alphabet_train/N/N1428.jpg
N,/kaggle/input/datasets/grassknoted/asl-alphabet/asl_alphabet_train/asl_alphabet_train/N/N1433.jpg
N,/kaggle/input/datasets/grassknoted/asl-alphabet/asl_alphabet_train/asl_alphabet_train/N/N1476.jpg
N,/kaggle/input/datasets/grassknoted/asl-alphabet/asl_alphabet_train/asl_alphabet_train/N/N1502.jpg
N,/kaggle/input/datasets/grassknoted/asl-alphabet/asl_alphabet_train/asl_alphabet_train/N/N1539.jpg
N,/kaggle/input/datasets/grassknoted/asl-alphabet/asl_alphabet_train/asl_alphabet_train/N/N1561.jpg
N,/kaggle/input/datasets/grassknoted/asl-alphabet/asl_alphabet_train/asl_alphabet_train/N/N1574.jpg
N,/kaggle/input/datasets/grassknoted/asl-alphabet/asl_alphabet_train/asl_alphabet_train/N/N1635.jpg
N,/kaggle/input/datasets/grassknoted/asl-alphabet/asl_alphabet_train/asl_alphabet_train/N/N1644.jpg
N,/kaggle/input/datasets/grassknoted/asl-alphabet/asl_alphabet_train/asl_alphabet_train/N/N1659.jpg
N,/kaggle/input/datasets/grassknoted/asl-alphabet/asl_alphabet_train/asl_alphabet_train/N/N1675.jpg
N,/kaggle/input/datasets/grassknoted/asl-alphabet/asl_alphabet_train/asl_alphabet_train/N/N1721.jpg
N,/kaggle/input/datasets/grassknoted/asl-alphabet/asl_alphabet_train/asl_alphabet_train/N/N1799.jpg
N,/kaggle/input/datasets/grassknoted/asl-alphabet/asl_alphabet_train/asl_alphabet_train/N/N1836.jpg
N,/kaggle/input/datasets/grassknoted/asl-alphabet/asl_alphabet_train/asl_alphabet_train/N/N1880.jpg
N,/kaggle/input/datasets/grassknoted/asl-alphabet/asl_alphabet_train/asl_alphabet_train/N/N189.jpg
N,/kaggle/input/datasets/grassknoted/asl-alphabet/asl_alphabet_train/asl_alphabet_train/N/N1901.jpg
N,/kaggle/input/datasets/grassknoted/asl-alphabet/asl_alphabet_train/asl_alphabet_train/N/N1989.jpg
N,/kaggle/input/datasets/grassknoted/asl-alphabet/asl_alphabet_train/asl_alphabet_train/N/N1995.jpg
N,/kaggle/input/datasets/grassknoted/asl-alphabet/asl_alphabet_train/asl_alphabet_train/N/N2006.jpg
N,/kaggle/input/datasets/grassknoted/asl-alphabet/asl_alphabet_train/asl_alphabet_train/N/N2018.jpg
N,/kaggle/input/datasets/grassknoted/asl-alphabet/asl_alphabet_train/asl_alphabet_train/N/N2034.jpg
N,/kaggle/input/datasets/grassknoted/asl-alphabet/asl_alphabet_train/asl_alphabet_train/N/N2049.jpg
N,/kaggle/input/datasets/grassknoted/asl-alphabet/asl_alphabet_train/asl_alphabet_train/N/N2161.jpg
N,/kaggle/input/datasets/grassknoted/asl-alphabet/asl_alphabet_train/asl_alphabet_train/N/N2201.jpg
N,/kaggle/input/datasets/grassknoted/asl-alphabet/asl_alphabet_train/asl_alphabet_train/N/N2238.jpg
N,/kaggle/input/datasets/grassknoted/asl-alphabet/asl_alphabet_train/asl_alphabet_train/N/N2299.jpg
N,/kaggle/input/datasets/grassknoted/asl-alphabet/asl_alphabet_train/asl_alphabet_train/N/N2309.jpg
N,/kaggle/input/datasets/grassknoted/asl-alphabet/asl_alphabet_train/asl_alphabet_train/N/N2318.jpg
N,/kaggle/input/datasets/grassknoted/asl-alphabet/asl_alphabet_train/asl_alphabet_train/N/N2329.jpg
N,/kaggle/input/datasets/grassknoted/asl-alphabet/asl_alphabet_train/asl_alphabet_train/N/N2362.jpg
N,/kaggle/input/datasets/grassknoted/asl-alphabet/asl_alphabet_train/asl_alphabet_train/N/N2382.jpg
N,/kaggle/input/datasets/grassknoted/asl-alphabet/asl_alphabet_train/asl_alphabet_train/N/N2390.jpg
N,/kaggle/input/datasets/grassknoted/asl-alphabet/asl_alphabet_train/asl_alphabet_train/N/N2398.jpg
N,/kaggle/input/datasets/grassknoted/asl-alphabet/asl_alphabet_train/asl_alphabet_train/N/N2437.jpg
N,/kaggle/input/datasets/grassknoted/asl-alphabet/asl_alphabet_train/asl_alphabet_train/N/N2476.jpg
N,/kaggle/input/datasets/grassknoted/asl-alphabet/asl_alphabet_train/asl_alphabet_train/N/N2491.jpg
N,/kaggle/input/datasets/grassknoted/asl-alphabet/asl_alphabet_train/asl_alphabet_train/N/N2508.jpg
N,/kaggle/input/datasets/grassknoted/asl-alphabet/asl_alphabet_train/asl_alphabet_train/N/N2510.jpg
N,/kaggle/input/datasets/grassknoted/asl-alphabet/asl_alphabet_train/asl_alphabet_train/N/N253.jpg
N,/kaggle/input/datasets/grassknoted/asl-alphabet/asl_alphabet_train/asl_alphabet_train/N/N256.jpg
N,/kaggle/input/datasets/grassknoted/asl-alphabet/asl_alphabet_train/asl_alphabet_train/N/N2572.jpg
N,/kaggle/input/datasets/grassknoted/asl-alphabet/asl_alphabet_train/asl_alphabet_train/N/N2598.jpg
N,/kaggle/input/datasets/grassknoted/asl-alphabet/asl_alphabet_train/asl_alphabet_train/N/N2631.jpg
N,/kaggle/input/datasets/grassknoted/asl-alphabet/asl_alphabet_train/asl_alphabet_train/N/N2731.jpg
N,/kaggle/input/datasets/grassknoted/asl-alphabet/asl_alphabet_train/asl_alphabet_train/N/N2762.jpg
N,/kaggle/input/datasets/grassknoted/asl-alphabet/asl_alphabet_train/asl_alphabet_train/N/N2797.jpg
N,/kaggle/input/datasets/grassknoted/asl-alphabet/asl_alphabet_train/asl_alphabet_train/N/N2801.jpg
N,/kaggle/input/datasets/grassknoted/asl-alphabet/asl_alphabet_train/asl_alphabet_train/N/N2893.jpg
N,/kaggle/input/datasets/grassknoted/asl-alphabet/asl_alphabet_train/asl_alphabet_train/N/N2973.jpg
N,/kaggle/input/datasets/grassknoted/asl-alphabet/asl_alphabet_train/asl_alphabet_train/N/N2984.jpg
N,/kaggle/input/datasets/grassknoted/asl-alphabet/asl_alphabet_train/asl_alphabet_train/N/N2990.jpg
N,/kaggle/input/datasets/grassknoted/asl-alphabet/asl_alphabet_train/asl_alphabet_train/N/N346.jpg
N,/kaggle/input/datasets/grassknoted/asl-alphabet/asl_alphabet_train/asl_alphabet_train/N/N373.jpg
N,/kaggle/input/datasets/grassknoted/asl-alphabet/asl_alphabet_train/asl_alphabet_train/N/N395.jpg
N,/kaggle/input/datasets/grassknoted/asl-alphabet/asl_alphabet_train/asl_alphabet_train/N/N424.jpg
N,/kaggle/input/datasets/grassknoted/asl-alphabet/asl_alphabet_train/asl_alphabet_train/N/N473.jpg
N,/kaggle/input/datasets/grassknoted/asl-alphabet/asl_alphabet_train/asl_alphabet_train/N/N486.jpg
N,/kaggle/input/datasets/grassknoted/asl-alphabet/asl_alphabet_train/asl_alphabet_train/N/N535.jpg
N,/kaggle/input/datasets/grassknoted/asl-alphabet/asl_alphabet_train/asl_alphabet_train/N/N562.jpg
N,/kaggle/input/datasets/grassknoted/asl-alphabet/asl_alphabet_train/asl_alphabet_train/N/N563.jpg
N,/kaggle/input/datasets/grassknoted/asl-alphabet/asl_alphabet_train/asl_alphabet_train/N/N571.jpg
N,/kaggle/input/datasets/grassknoted/asl-alphabet/asl_alphabet_train/asl_alphabet_train/N/N587.jpg
N,/kaggle/input/datasets/grassknoted/asl-alphabet/asl_alphabet_train/asl_alphabet_train/N/N598.jpg
N,/kaggle/input/datasets/grassknoted/asl-alphabet/asl_alphabet_train/asl_alphabet_train/N/N643.jpg
N,/kaggle/input/datasets/grassknoted/asl-alphabet/asl_alphabet_train/asl_alphabet_train/N/N648.jpg
N,/kaggle/input/datasets/grassknoted/asl-alphabet/asl_alphabet_train/asl_alphabet_train/N/N662.jpg
N,/kaggle/input/datasets/grassknoted/asl-alphabet/asl_alphabet_train/asl_alphabet_train/N/N72.jpg
N,/kaggle/input/datasets/grassknoted/asl-alphabet/asl_alphabet_train/asl_alphabet_train/N/N734.jpg
N,/kaggle/input/datasets/grassknoted/asl-alphabet/asl_alphabet_train/asl_alphabet_train/N/N74.jpg
N,/kaggle/input/datasets/grassknoted/asl-alphabet/asl_alphabet_train/asl_alphabet_train/N/N740.jpg
N,/kaggle/input/datasets/grassknoted/asl-alphabet/asl_alphabet_train/asl_alphabet_train/N/N778.jpg
N,/kaggle/input/datasets/grassknoted/asl-alphabet/asl_alphabet_train/asl_alphabet_train/N/N795.jpg
N,/kaggle/input/datasets/grassknoted/asl-alphabet/asl_alphabet_train/asl_alphabet_train/N/N802.jpg
N,/kaggle/input/datasets/grassknoted/asl-alphabet/asl_alphabet_train/asl_alphabet_train/N/N832.jpg
N,/kaggle/input/datasets/grassknoted/asl-alphabet/asl_alphabet_train/asl_alphabet_train/N/N837.jpg
N,/kaggle/input/datasets/grassknoted/asl-alphabet/asl_alphabet_train/asl_alphabet_train/N/N853.jpg
N,/kaggle/input/datasets/grassknoted/asl-alphabet/asl_alphabet_train/asl_alphabet_train/N/N886.jpg
N,/kaggle/input/datasets/grassknoted/asl-alphabet/asl_alphabet_train/asl_alphabet_train/N/N888.jpg
N,/kaggle/input/datasets/grassknoted/asl-alphabet/asl_alphabet_train/asl_alphabet_train/N/N889.jpg
N,/kaggle/input/datasets/grassknoted/asl-alphabet/asl_alphabet_train/asl_alphabet_train/N/N915.jpg
N,/kaggle/input/datasets/grassknoted/asl-alphabet/asl_alphabet_train/asl_alphabet_train/N/N937.jpg
N,/kaggle/input/datasets/grassknoted/asl-alphabet/asl_alphabet_train/asl_alphabet_train/N/N964.jpg
N,/kaggle/input/datasets/grassknoted/asl-alphabet/asl_alphabet_train/asl_alphabet_train/N/N977.jpg
N,/kaggle/input/datasets/grassknoted/asl-alphabet/asl_alphabet_train/asl_alphabet_train/N/N981.jpg
O,/kaggle/input/datasets/grassknoted/asl-alphabet/asl_alphabet_train/asl_alphabet_train/O/O101.jpg
O,/kaggle/input/datasets/grassknoted/asl-alphabet/asl_alphabet_train/asl_alphabet_train/O/O1092.jpg
O,/kaggle/input/datasets/grassknoted/asl-alphabet/asl_alphabet_train/asl_alphabet_train/O/O1107.jpg
O,/kaggle/input/datasets/grassknoted/asl-alphabet/asl_alphabet_train/asl_alphabet_train/O/O1130.jpg
O,/kaggle/input/datasets/grassknoted/asl-alphabet/asl_alphabet_train/asl_alphabet_train/O/O1154.jpg
O,/kaggle/input/datasets/grassknoted/asl-alphabet/asl_alphabet_train/asl_alphabet_train/O/O1164.jpg
O,/kaggle/input/datasets/grassknoted/asl-alphabet/asl_alphabet_train/asl_alphabet_train/O/O118.jpg
O,/kaggle/input/datasets/grassknoted/asl-alphabet/asl_alphabet_train/asl_alphabet_train/O/O1204.jpg
O,/kaggle/input/datasets/grassknoted/asl-alphabet/asl_alphabet_train/asl_alphabet_train/O/O1230.jpg
O,/kaggle/input/datasets/grassknoted/asl-alphabet/asl_alphabet_train/asl_alphabet_train/O/O1238.jpg
O,/kaggle/input/datasets/grassknoted/asl-alphabet/asl_alphabet_train/asl_alphabet_train/O/O1247.jpg
O,/kaggle/input/datasets/grassknoted/asl-alphabet/asl_alphabet_train/asl_alphabet_train/O/O1302.jpg
O,/kaggle/input/datasets/grassknoted/asl-alphabet/asl_alphabet_train/asl_alphabet_train/O/O1333.jpg
O,/kaggle/input/datasets/grassknoted/asl-alphabet/asl_alphabet_train/asl_alphabet_train/O/O1334.jpg
O,/kaggle/input/datasets/grassknoted/asl-alphabet/asl_alphabet_train/asl_alphabet_train/O/O1405.jpg
O,/kaggle/input/datasets/grassknoted/asl-alphabet/asl_alphabet_train/asl_alphabet_train/O/O1412.jpg
O,/kaggle/input/datasets/grassknoted/asl-alphabet/asl_alphabet_train/asl_alphabet_train/O/O1420.jpg
O,/kaggle/input/datasets/grassknoted/asl-alphabet/asl_alphabet_train/asl_alphabet_train/O/O1450.jpg
O,/kaggle/input/datasets/grassknoted/asl-alphabet/asl_alphabet_train/asl_alphabet_train/O/O1497.jpg
O,/kaggle/input/datasets/grassknoted/asl-alphabet/asl_alphabet_train/asl_alphabet_train/O/O1517.jpg
O,/kaggle/input/datasets/grassknoted/asl-alphabet/asl_alphabet_train/asl_alphabet_train/O/O1518.jpg
O,/kaggle/input/datasets/grassknoted/asl-alphabet/asl_alphabet_train/asl_alphabet_train/O/O152.jpg
O,/kaggle/input/datasets/grassknoted/asl-alphabet/asl_alphabet_train/asl_alphabet_train/O/O1525.jpg
O,/kaggle/input/datasets/grassknoted/asl-alphabet/asl_alphabet_train/asl_alphabet_train/O/O1551.jpg
O,/kaggle/input/datasets/grassknoted/asl-alphabet/asl_alphabet_train/asl_alphabet_train/O/O1571.jpg
O,/kaggle/input/datasets/grassknoted/asl-alphabet/asl_alphabet_train/asl_alphabet_train/O/O1587.jpg
O,/kaggle/input/datasets/grassknoted/asl-alphabet/asl_alphabet_train/asl_alphabet_train/O/O1636.jpg
O,/kaggle/input/datasets/grassknoted/asl-alphabet/asl_alphabet_train/asl_alphabet_train/O/O1737.jpg
O,/kaggle/input/datasets/grassknoted/asl-alphabet/asl_alphabet_train/asl_alphabet_train/O/O1745.jpg
O,/kaggle/input/datasets/grassknoted/asl-alphabet/asl_alphabet_train/asl_alphabet_train/O/O1751.jpg
O,/kaggle/input/datasets/grassknoted/asl-alphabet/asl_alphabet_train/asl_alphabet_train/O/O1758.jpg
O,/kaggle/input/datasets/grassknoted/asl-alphabet/asl_alphabet_train/asl_alphabet_train/O/O1795.jpg
O,/kaggle/input/datasets/grassknoted/asl-alphabet/asl_alphabet_train/asl_alphabet_train/O/O1815.jpg
O,/kaggle/input/datasets/grassknoted/asl-alphabet/asl_alphabet_train/asl_alphabet_train/O/O1844.jpg
O,/kaggle/input/datasets/grassknoted/asl-alphabet/asl_alphabet_train/asl_alphabet_train/O/O1957.jpg
O,/kaggle/input/datasets/grassknoted/asl-alphabet/asl_alphabet_train/asl_alphabet_train/O/O1958.jpg
O,/kaggle/input/datasets/grassknoted/asl-alphabet/asl_alphabet_train/asl_alphabet_train/O/O1963.jpg
O,/kaggle/input/datasets/grassknoted/asl-alphabet/asl_alphabet_train/asl_alphabet_train/O/O2028.jpg
O,/kaggle/input/datasets/grassknoted/asl-alphabet/asl_alphabet_train/asl_alphabet_train/O/O203.jpg
O,/kaggle/input/datasets/grassknoted/asl-alphabet/asl_alphabet_train/asl_alphabet_train/O/O204.jpg
O,/kaggle/input/datasets/grassknoted/asl-alphabet/asl_alphabet_train/asl_alphabet_train/O/O2043.jpg
O,/kaggle/input/datasets/grassknoted/asl-alphabet/asl_alphabet_train/asl_alphabet_train/O/O2163.jpg
O,/kaggle/input/datasets/grassknoted/asl-alphabet/asl_alphabet_train/asl_alphabet_train/O/O2166.jpg
O,/kaggle/input/datasets/grassknoted/asl-alphabet/asl_alphabet_train/asl_alphabet_train/O/O2192.jpg
O,/kaggle/input/datasets/grassknoted/asl-alphabet/asl_alphabet_train/asl_alphabet_train/O/O2213.jpg
O,/kaggle/input/datasets/grassknoted/asl-alphabet/asl_alphabet_train/asl_alphabet_train/O/O2214.jpg
O,/kaggle/input/datasets/grassknoted/asl-alphabet/asl_alphabet_train/asl_alphabet_train/O/O2284.jpg
O,/kaggle/input/datasets/grassknoted/asl-alphabet/asl_alphabet_train/asl_alphabet_train/O/O2350.jpg
O,/kaggle/input/datasets/grassknoted/asl-alphabet/asl_alphabet_train/asl_alphabet_train/O/O2387.jpg
O,/kaggle/input/datasets/grassknoted/asl-alphabet/asl_alphabet_train/asl_alphabet_train/O/O2399.jpg
O,/kaggle/input/datasets/grassknoted/asl-alphabet/asl_alphabet_train/asl_alphabet_train/O/O2427.jpg
O,/kaggle/input/datasets/grassknoted/asl-alphabet/asl_alphabet_train/asl_alphabet_train/O/O2441.jpg
O,/kaggle/input/datasets/grassknoted/asl-alphabet/asl_alphabet_train/asl_alphabet_train/O/O2446.jpg
O,/kaggle/input/datasets/grassknoted/asl-alphabet/asl_alphabet_train/asl_alphabet_train/O/O2486.jpg
O,/kaggle/input/datasets/grassknoted/asl-alphabet/asl_alphabet_train/asl_alphabet_train/O/O2517.jpg
O,/kaggle/input/datasets/grassknoted/asl-alphabet/asl_alphabet_train/asl_alphabet_train/O/O2518.jpg
O,/kaggle/input/datasets/grassknoted/asl-alphabet/asl_alphabet_train/asl_alphabet_train/O/O2636.jpg
O,/kaggle/input/datasets/grassknoted/asl-alphabet/asl_alphabet_train/asl_alphabet_train/O/O264.jpg
O,/kaggle/input/datasets/grassknoted/asl-alphabet/asl_alphabet_train/asl_alphabet_train/O/O2658.jpg
O,/kaggle/input/datasets/grassknoted/asl-alphabet/asl_alphabet_train/asl_alphabet_train/O/O2777.jpg
O,/kaggle/input/datasets/grassknoted/asl-alphabet/asl_alphabet_train/asl_alphabet_train/O/O2787.jpg
O,/kaggle/input/datasets/grassknoted/asl-alphabet/asl_alphabet_train/asl_alphabet_train/O/O2855.jpg
O,/kaggle/input/datasets/grassknoted/asl-alphabet/asl_alphabet_train/asl_alphabet_train/O/O2868.jpg
O,/kaggle/input/datasets/grassknoted/asl-alphabet/asl_alphabet_train/asl_alphabet_train/O/O2874.jpg
O,/kaggle/input/datasets/grassknoted/asl-alphabet/asl_alphabet_train/asl_alphabet_train/O/O2889.jpg
O,/kaggle/input/datasets/grassknoted/asl-alphabet/asl_alphabet_train/asl_alphabet_train/O/O2933.jpg
O,/kaggle/input/datasets/grassknoted/asl-alphabet/asl_alphabet_train/asl_alphabet_train/O/O2937.jpg
O,/kaggle/input/datasets/grassknoted/asl-alphabet/asl_alphabet_train/asl_alphabet_train/O/O331.jpg
O,/kaggle/input/datasets/grassknoted/asl-alphabet/asl_alphabet_train/asl_alphabet_train/O/O379.jpg
O,/kaggle/input/datasets/grassknoted/asl-alphabet/asl_alphabet_train/asl_alphabet_train/O/O38.jpg
O,/kaggle/input/datasets/grassknoted/asl-alphabet/asl_alphabet_train/asl_alphabet_train/O/O384.jpg
O,/kaggle/input/datasets/grassknoted/asl-alphabet/asl_alphabet_train/asl_alphabet_train/O/O408.jpg
O,/kaggle/input/datasets/grassknoted/asl-alphabet/asl_alphabet_train/asl_alphabet_train/O/O48.jpg
O,/kaggle/input/datasets/grassknoted/asl-alphabet/asl_alphabet_train/asl_alphabet_train/O/O491.jpg
O,/kaggle/input/datasets/grassknoted/asl-alphabet/asl_alphabet_train/asl_alphabet_train/O/O499.jpg
O,/kaggle/input/datasets/grassknoted/asl-alphabet/asl_alphabet_train/asl_alphabet_train/O/O526.jpg
O,/kaggle/input/datasets/grassknoted/asl-alphabet/asl_alphabet_train/asl_alphabet_train/O/O536.jpg
O,/kaggle/input/datasets/grassknoted/asl-alphabet/asl_alphabet_train/asl_alphabet_train/O/O581.jpg
O,/kaggle/input/datasets/grassknoted/asl-alphabet/asl_alphabet_train/asl_alphabet_train/O/O587.jpg
O,/kaggle/input/datasets/grassknoted/asl-alphabet/asl_alphabet_train/asl_alphabet_train/O/O598.jpg
O,/kaggle/input/datasets/grassknoted/asl-alphabet/asl_alphabet_train/asl_alphabet_train/O/O608.jpg
O,/kaggle/input/datasets/grassknoted/asl-alphabet/asl_alphabet_train/asl_alphabet_train/O/O645.jpg
O,/kaggle/input/datasets/grassknoted/asl-alphabet/asl_alphabet_train/asl_alphabet_train/O/O687.jpg
O,/kaggle/input/datasets/grassknoted/asl-alphabet/asl_alphabet_train/asl_alphabet_train/O/O697.jpg
O,/kaggle/input/datasets/grassknoted/asl-alphabet/asl_alphabet_train/asl_alphabet_train/O/O744.jpg
O,/kaggle/input/datasets/grassknoted/asl-alphabet/asl_alphabet_train/asl_alphabet_train/O/O748.jpg
O,/kaggle/input/datasets/grassknoted/asl-alphabet/asl_alphabet_train/asl_alphabet_train/O/O791.jpg
O,/kaggle/input/datasets/grassknoted/asl-alphabet/asl_alphabet_train/asl_alphabet_train/O/O797.jpg
O,/kaggle/input/datasets/grassknoted/asl-alphabet/asl_alphabet_train/asl_alphabet_train/O/O82.jpg
O,/kaggle/input/datasets/grassknoted/asl-alphabet/asl_alphabet_train/asl_alphabet_train/O/O84.jpg
O,/kaggle/input/datasets/grassknoted/asl-alphabet/asl_alphabet_train/asl_alphabet_train/O/O844.jpg
O,/kaggle/input/datasets/grassknoted/asl-alphabet/asl_alphabet_train/asl_alphabet_train/O/O862.jpg
O,/kaggle/input/datasets/grassknoted/asl-alphabet/asl_alphabet_train/asl_alphabet_train/O/O88.jpg
O,/kaggle/input/datasets/grassknoted/asl-alphabet/asl_alphabet_train/asl_alphabet_train/O/O882.jpg
O,/kaggle/input/datasets/grassknoted/asl-alphabet/asl_alphabet_train/asl_alphabet_train/O/O896.jpg
O,/kaggle/input/datasets/grassknoted/asl-alphabet/asl_alphabet_train/asl_alphabet_train/O/O920.jpg
O,/kaggle/input/datasets/grassknoted/asl-alphabet/asl_alphabet_train/asl_alphabet_train/O/O931.jpg
O,/kaggle/input/datasets/grassknoted/asl-alphabet/asl_alphabet_train/asl_alphabet_train/O/O948.jpg
O,/kaggle/input/datasets/grassknoted/asl-alphabet/asl_alphabet_train/asl_alphabet_train/O/O964.jpg
O,/kaggle/input/datasets/grassknoted/asl-alphabet/asl_alphabet_train/asl_alphabet_train/O/O985.jpg
P,/kaggle/input/datasets/grassknoted/asl-alphabet/asl_alphabet_train/asl_alphabet_train/P/P1118.jpg
P,/kaggle/input/datasets/grassknoted/asl-alphabet/asl_alphabet_train/asl_alphabet_train/P/P1186.jpg
P,/kaggle/input/datasets/grassknoted/asl-alphabet/asl_alphabet_train/asl_alphabet_train/P/P1263.jpg
P,/kaggle/input/datasets/grassknoted/asl-alphabet/asl_alphabet_train/asl_alphabet_train/P/P1292.jpg
P,/kaggle/input/datasets/grassknoted/asl-alphabet/asl_alphabet_train/asl_alphabet_train/P/P1299.jpg
P,/kaggle/input/datasets/grassknoted/asl-alphabet/asl_alphabet_train/asl_alphabet_train/P/P134.jpg
P,/kaggle/input/datasets/grassknoted/asl-alphabet/asl_alphabet_train/asl_alphabet_train/P/P1345.jpg
P,/kaggle/input/datasets/grassknoted/asl-alphabet/asl_alphabet_train/asl_alphabet_train/P/P1393.jpg
P,/kaggle/input/datasets/grassknoted/asl-alphabet/asl_alphabet_train/asl_alphabet_train/P/P1399.jpg
P,/kaggle/input/datasets/grassknoted/asl-alphabet/asl_alphabet_train/asl_alphabet_train/P/P1409.jpg
P,/kaggle/input/datasets/grassknoted/asl-alphabet/asl_alphabet_train/asl_alphabet_train/P/P1450.jpg
P,/kaggle/input/datasets/grassknoted/asl-alphabet/asl_alphabet_train/asl_alphabet_train/P/P1466.jpg
P,/kaggle/input/datasets/grassknoted/asl-alphabet/asl_alphabet_train/asl_alphabet_train/P/P1501.jpg
P,/kaggle/input/datasets/grassknoted/asl-alphabet/asl_alphabet_train/asl_alphabet_train/P/P1503.jpg
P,/kaggle/input/datasets/grassknoted/asl-alphabet/asl_alphabet_train/asl_alphabet_train/P/P1523.jpg
P,/kaggle/input/datasets/grassknoted/asl-alphabet/asl_alphabet_train/asl_alphabet_train/P/P1524.jpg
P,/kaggle/input/datasets/grassknoted/asl-alphabet/asl_alphabet_train/asl_alphabet_train/P/P1554.jpg
P,/kaggle/input/datasets/grassknoted/asl-alphabet/asl_alphabet_train/asl_alphabet_train/P/P1568.jpg
P,/kaggle/input/datasets/grassknoted/asl-alphabet/asl_alphabet_train/asl_alphabet_train/P/P1594.jpg
P,/kaggle/input/datasets/grassknoted/asl-alphabet/asl_alphabet_train/asl_alphabet_train/P/P1644.jpg
P,/kaggle/input/datasets/grassknoted/asl-alphabet/asl_alphabet_train/asl_alphabet_train/P/P1649.jpg
P,/kaggle/input/datasets/grassknoted/asl-alphabet/asl_alphabet_train/asl_alphabet_train/P/P1664.jpg
P,/kaggle/input/datasets/grassknoted/asl-alphabet/asl_alphabet_train/asl_alphabet_train/P/P1721.jpg
P,/kaggle/input/datasets/grassknoted/asl-alphabet/asl_alphabet_train/asl_alphabet_train/P/P1730.jpg
P,/kaggle/input/datasets/grassknoted/asl-alphabet/asl_alphabet_train/asl_alphabet_train/P/P1745.jpg
P,/kaggle/input/datasets/grassknoted/asl-alphabet/asl_alphabet_train/asl_alphabet_train/P/P1750.jpg
P,/kaggle/input/datasets/grassknoted/asl-alphabet/asl_alphabet_train/asl_alphabet_train/P/P1774.jpg
P,/kaggle/input/datasets/grassknoted/asl-alphabet/asl_alphabet_train/asl_alphabet_train/P/P179.jpg
P,/kaggle/input/datasets/grassknoted/asl-alphabet/asl_alphabet_train/asl_alphabet_train/P/P1824.jpg
P,/kaggle/input/datasets/grassknoted/asl-alphabet/asl_alphabet_train/asl_alphabet_train/P/P1872.jpg
P,/kaggle/input/datasets/grassknoted/asl-alphabet/asl_alphabet_train/asl_alphabet_train/P/P191.jpg
P,/kaggle/input/datasets/grassknoted/asl-alphabet/asl_alphabet_train/asl_alphabet_train/P/P1915.jpg
P,/kaggle/input/datasets/grassknoted/asl-alphabet/asl_alphabet_train/asl_alphabet_train/P/P1922.jpg
P,/kaggle/input/datasets/grassknoted/asl-alphabet/asl_alphabet_train/asl_alphabet_train/P/P1954.jpg
P,/kaggle/input/datasets/grassknoted/asl-alphabet/asl_alphabet_train/asl_alphabet_train/P/P1971.jpg
P,/kaggle/input/datasets/grassknoted/asl-alphabet/asl_alphabet_train/asl_alphabet_train/P/P1974.jpg
P,/kaggle/input/datasets/grassknoted/asl-alphabet/asl_alphabet_train/asl_alphabet_train/P/P1989.jpg
P,/kaggle/input/datasets/grassknoted/asl-alphabet/asl_alphabet_train/asl_alphabet_train/P/P2020.jpg
P,/kaggle/input/datasets/grassknoted/asl-alphabet/asl_alphabet_train/asl_alphabet_train/P/P2022.jpg
P,/kaggle/input/datasets/grassknoted/asl-alphabet/asl_alphabet_train/asl_alphabet_train/P/P204.jpg
P,/kaggle/input/datasets/grassknoted/asl-alphabet/asl_alphabet_train/asl_alphabet_train/P/P205.jpg
P,/kaggle/input/datasets/grassknoted/asl-alphabet/asl_alphabet_train/asl_alphabet_train/P/P2116.jpg
P,/kaggle/input/datasets/grassknoted/asl-alphabet/asl_alphabet_train/asl_alphabet_train/P/P2117.jpg
P,/kaggle/input/datasets/grassknoted/asl-alphabet/asl_alphabet_train/asl_alphabet_train/P/P2134.jpg
P,/kaggle/input/datasets/grassknoted/asl-alphabet/asl_alphabet_train/asl_alphabet_train/P/P2139.jpg
P,/kaggle/input/datasets/grassknoted/asl-alphabet/asl_alphabet_train/asl_alphabet_train/P/P2183.jpg
P,/kaggle/input/datasets/grassknoted/asl-alphabet/asl_alphabet_train/asl_alphabet_train/P/P2191.jpg
P,/kaggle/input/datasets/grassknoted/asl-alphabet/asl_alphabet_train/asl_alphabet_train/P/P2206.jpg
P,/kaggle/input/datasets/grassknoted/asl-alphabet/asl_alphabet_train/asl_alphabet_train/P/P2210.jpg
P,/kaggle/input/datasets/grassknoted/asl-alphabet/asl_alphabet_train/asl_alphabet_train/P/P2278.jpg
P,/kaggle/input/datasets/grassknoted/asl-alphabet/asl_alphabet_train/asl_alphabet_train/P/P2290.jpg
P,/kaggle/input/datasets/grassknoted/asl-alphabet/asl_alphabet_train/asl_alphabet_train/P/P2292.jpg
P,/kaggle/input/datasets/grassknoted/asl-alphabet/asl_alphabet_train/asl_alphabet_train/P/P2330.jpg
P,/kaggle/input/datasets/grassknoted/asl-alphabet/asl_alphabet_train/asl_alphabet_train/P/P2403.jpg
P,/kaggle/input/datasets/grassknoted/asl-alphabet/asl_alphabet_train/asl_alphabet_train/P/P2408.jpg
P,/kaggle/input/datasets/grassknoted/asl-alphabet/asl_alphabet_train/asl_alphabet_train/P/P2475.jpg
P,/kaggle/input/datasets/grassknoted/asl-alphabet/asl_alphabet_train/asl_alphabet_train/P/P2493.jpg
P,/kaggle/input/datasets/grassknoted/asl-alphabet/asl_alphabet_train/asl_alphabet_train/P/P2563.jpg
P,/kaggle/input/datasets/grassknoted/asl-alphabet/asl_alphabet_train/asl_alphabet_train/P/P2574.jpg
P,/kaggle/input/datasets/grassknoted/asl-alphabet/asl_alphabet_train/asl_alphabet_train/P/P2578.jpg
P,/kaggle/input/datasets/grassknoted/asl-alphabet/asl_alphabet_train/asl_alphabet_train/P/P2652.jpg
P,/kaggle/input/datasets/grassknoted/asl-alphabet/asl_alphabet_train/asl_alphabet_train/P/P2654.jpg
P,/kaggle/input/datasets/grassknoted/asl-alphabet/asl_alphabet_train/asl_alphabet_train/P/P2658.jpg
P,/kaggle/input/datasets/grassknoted/asl-alphabet/asl_alphabet_train/asl_alphabet_train/P/P2668.jpg
P,/kaggle/input/datasets/grassknoted/asl-alphabet/asl_alphabet_train/asl_alphabet_train/P/P2691.jpg
P,/kaggle/input/datasets/grassknoted/asl-alphabet/asl_alphabet_train/asl_alphabet_train/P/P2737.jpg
P,/kaggle/input/datasets/grassknoted/asl-alphabet/asl_alphabet_train/asl_alphabet_train/P/P2762.jpg
P,/kaggle/input/datasets/grassknoted/asl-alphabet/asl_alphabet_train/asl_alphabet_train/P/P2851.jpg
P,/kaggle/input/datasets/grassknoted/asl-alphabet/asl_alphabet_train/asl_alphabet_train/P/P2889.jpg
P,/kaggle/input/datasets/grassknoted/asl-alphabet/asl_alphabet_train/asl_alphabet_train/P/P2892.jpg
P,/kaggle/input/datasets/grassknoted/asl-alphabet/asl_alphabet_train/asl_alphabet_train/P/P2896.jpg
P,/kaggle/input/datasets/grassknoted/asl-alphabet/asl_alphabet_train/asl_alphabet_train/P/P2939.jpg
P,/kaggle/input/datasets/grassknoted/asl-alphabet/asl_alphabet_train/asl_alphabet_train/P/P2940.jpg
P,/kaggle/input/datasets/grassknoted/asl-alphabet/asl_alphabet_train/asl_alphabet_train/P/P2951.jpg
P,/kaggle/input/datasets/grassknoted/asl-alphabet/asl_alphabet_train/asl_alphabet_train/P/P2968.jpg
P,/kaggle/input/datasets/grassknoted/asl-alphabet/asl_alphabet_train/asl_alphabet_train/P/P2979.jpg
P,/kaggle/input/datasets/grassknoted/asl-alphabet/asl_alphabet_train/asl_alphabet_train/P/P304.jpg
P,/kaggle/input/datasets/grassknoted/asl-alphabet/asl_alphabet_train/asl_alphabet_train/P/P311.jpg
P,/kaggle/input/datasets/grassknoted/asl-alphabet/asl_alphabet_train/asl_alphabet_train/P/P316.jpg
P,/kaggle/input/datasets/grassknoted/asl-alphabet/asl_alphabet_train/asl_alphabet_train/P/P326.jpg
P,/kaggle/input/datasets/grassknoted/asl-alphabet/asl_alphabet_train/asl_alphabet_train/P/P34.jpg
P,/kaggle/input/datasets/grassknoted/asl-alphabet/asl_alphabet_train/asl_alphabet_train/P/P340.jpg
P,/kaggle/input/datasets/grassknoted/asl-alphabet/asl_alphabet_train/asl_alphabet_train/P/P402.jpg
P,/kaggle/input/datasets/grassknoted/asl-alphabet/asl_alphabet_train/asl_alphabet_train/P/P403.jpg
P,/kaggle/input/datasets/grassknoted/asl-alphabet/asl_alphabet_train/asl_alphabet_train/P/P43.jpg
P,/kaggle/input/datasets/grassknoted/asl-alphabet/asl_alphabet_train/asl_alphabet_train/P/P436.jpg
P,/kaggle/input/datasets/grassknoted/asl-alphabet/asl_alphabet_train/asl_alphabet_train/P/P444.jpg
P,/kaggle/input/datasets/grassknoted/asl-alphabet/asl_alphabet_train/asl_alphabet_train/P/P494.jpg
P,/kaggle/input/datasets/grassknoted/asl-alphabet/asl_alphabet_train/asl_alphabet_train/P/P511.jpg
P,/kaggle/input/datasets/grassknoted/asl-alphabet/asl_alphabet_train/asl_alphabet_train/P/P523.jpg
P,/kaggle/input/datasets/grassknoted/asl-alphabet/asl_alphabet_train/asl_alphabet_train/P/P530.jpg
P,/kaggle/input/datasets/grassknoted/asl-alphabet/asl_alphabet_train/asl_alphabet_train/P/P54.jpg
P,/kaggle/input/datasets/grassknoted/asl-alphabet/asl_alphabet_train/asl_alphabet_train/P/P651.jpg
P,/kaggle/input/datasets/grassknoted/asl-alphabet/asl_alphabet_train/asl_alphabet_train/P/P66.jpg
P,/kaggle/input/datasets/grassknoted/asl-alphabet/asl_alphabet_train/asl_alphabet_train/P/P67.jpg
P,/kaggle/input/datasets/grassknoted/asl-alphabet/asl_alphabet_train/asl_alphabet_train/P/P740.jpg
P,/kaggle/input/datasets/grassknoted/asl-alphabet/asl_alphabet_train/asl_alphabet_train/P/P821.jpg
P,/kaggle/input/datasets/grassknoted/asl-alphabet/asl_alphabet_train/asl_alphabet_train/P/P838.jpg
P,/kaggle/input/datasets/grassknoted/asl-alphabet/asl_alphabet_train/asl_alphabet_train/P/P95.jpg
P,/kaggle/input/datasets/grassknoted/asl-alphabet/asl_alphabet_train/asl_alphabet_train/P/P991.jpg
Q,/kaggle/input/datasets/grassknoted/asl-alphabet/asl_alphabet_train/asl_alphabet_train/Q/Q1006.jpg
Q,/kaggle/input/datasets/grassknoted/asl-alphabet/asl_alphabet_train/asl_alphabet_train/Q/Q1009.jpg
Q,/kaggle/input/datasets/grassknoted/asl-alphabet/asl_alphabet_train/asl_alphabet_train/Q/Q1011.jpg
Q,/kaggle/input/datasets/grassknoted/asl-alphabet/asl_alphabet_train/asl_alphabet_train/Q/Q1100.jpg
Q,/kaggle/input/datasets/grassknoted/asl-alphabet/asl_alphabet_train/asl_alphabet_train/Q/Q1153.jpg
Q,/kaggle/input/datasets/grassknoted/asl-alphabet/asl_alphabet_train/asl_alphabet_train/Q/Q1191.jpg
Q,/kaggle/input/datasets/grassknoted/asl-alphabet/asl_alphabet_train/asl_alphabet_train/Q/Q1232.jpg
Q,/kaggle/input/datasets/grassknoted/asl-alphabet/asl_alphabet_train/asl_alphabet_train/Q/Q1235.jpg
Q,/kaggle/input/datasets/grassknoted/asl-alphabet/asl_alphabet_train/asl_alphabet_train/Q/Q1262.jpg
Q,/kaggle/input/datasets/grassknoted/asl-alphabet/asl_alphabet_train/asl_alphabet_train/Q/Q1359.jpg
Q,/kaggle/input/datasets/grassknoted/asl-alphabet/asl_alphabet_train/asl_alphabet_train/Q/Q1366.jpg
Q,/kaggle/input/datasets/grassknoted/asl-alphabet/asl_alphabet_train/asl_alphabet_train/Q/Q1373.jpg
Q,/kaggle/input/datasets/grassknoted/asl-alphabet/asl_alphabet_train/asl_alphabet_train/Q/Q1415.jpg
Q,/kaggle/input/datasets/grassknoted/asl-alphabet/asl_alphabet_train/asl_alphabet_train/Q/Q1441.jpg
Q,/kaggle/input/datasets/grassknoted/asl-alphabet/asl_alphabet_train/asl_alphabet_train/Q/Q1458.jpg
Q,/kaggle/input/datasets/grassknoted/asl-alphabet/asl_alphabet_train/asl_alphabet_train/Q/Q1460.jpg
Q,/kaggle/input/datasets/grassknoted/asl-alphabet/asl_alphabet_train/asl_alphabet_train/Q/Q1500.jpg
Q,/kaggle/input/datasets/grassknoted/asl-alphabet/asl_alphabet_train/asl_alphabet_train/Q/Q1503.jpg
Q,/kaggle/input/datasets/grassknoted/asl-alphabet/asl_alphabet_train/asl_alphabet_train/Q/Q1521.jpg
Q,/kaggle/input/datasets/grassknoted/asl-alphabet/asl_alphabet_train/asl_alphabet_train/Q/Q1552.jpg
Q,/kaggle/input/datasets/grassknoted/asl-alphabet/asl_alphabet_train/asl_alphabet_train/Q/Q1554.jpg
Q,/kaggle/input/datasets/grassknoted/asl-alphabet/asl_alphabet_train/asl_alphabet_train/Q/Q1564.jpg
Q,/kaggle/input/datasets/grassknoted/asl-alphabet/asl_alphabet_train/asl_alphabet_train/Q/Q1590.jpg
Q,/kaggle/input/datasets/grassknoted/asl-alphabet/asl_alphabet_train/asl_alphabet_train/Q/Q1618.jpg
Q,/kaggle/input/datasets/grassknoted/asl-alphabet/asl_alphabet_train/asl_alphabet_train/Q/Q1630.jpg
Q,/kaggle/input/datasets/grassknoted/asl-alphabet/asl_alphabet_train/asl_alphabet_train/Q/Q1653.jpg
Q,/kaggle/input/datasets/grassknoted/asl-alphabet/asl_alphabet_train/asl_alphabet_train/Q/Q1661.jpg
Q,/kaggle/input/datasets/grassknoted/asl-alphabet/asl_alphabet_train/asl_alphabet_train/Q/Q1668.jpg
Q,/kaggle/input/datasets/grassknoted/asl-alphabet/asl_alphabet_train/asl_alphabet_train/Q/Q1693.jpg
Q,/kaggle/input/datasets/grassknoted/asl-alphabet/asl_alphabet_train/asl_alphabet_train/Q/Q1697.jpg
Q,/kaggle/input/datasets/grassknoted/asl-alphabet/asl_alphabet_train/asl_alphabet_train/Q/Q1726.jpg
Q,/kaggle/input/datasets/grassknoted/asl-alphabet/asl_alphabet_train/asl_alphabet_train/Q/Q1786.jpg
Q,/kaggle/input/datasets/grassknoted/asl-alphabet/asl_alphabet_train/asl_alphabet_train/Q/Q1900.jpg
Q,/kaggle/input/datasets/grassknoted/asl-alphabet/asl_alphabet_train/asl_alphabet_train/Q/Q1901.jpg
Q,/kaggle/input/datasets/grassknoted/asl-alphabet/asl_alphabet_train/asl_alphabet_train/Q/Q1965.jpg
Q,/kaggle/input/datasets/grassknoted/asl-alphabet/asl_alphabet_train/asl_alphabet_train/Q/Q1992.jpg
Q,/kaggle/input/datasets/grassknoted/asl-alphabet/asl_alphabet_train/asl_alphabet_train/Q/Q200.jpg
Q,/kaggle/input/datasets/grassknoted/asl-alphabet/asl_alphabet_train/asl_alphabet_train/Q/Q2050.jpg
Q,/kaggle/input/datasets/grassknoted/asl-alphabet/asl_alphabet_train/asl_alphabet_train/Q/Q2053.jpg
Q,/kaggle/input/datasets/grassknoted/asl-alphabet/asl_alphabet_train/asl_alphabet_train/Q/Q2084.jpg
Q,/kaggle/input/datasets/grassknoted/asl-alphabet/asl_alphabet_train/asl_alphabet_train/Q/Q2097.jpg
Q,/kaggle/input/datasets/grassknoted/asl-alphabet/asl_alphabet_train/asl_alphabet_train/Q/Q2104.jpg
Q,/kaggle/input/datasets/grassknoted/asl-alphabet/asl_alphabet_train/asl_alphabet_train/Q/Q2105.jpg
Q,/kaggle/input/datasets/grassknoted/asl-alphabet/asl_alphabet_train/asl_alphabet_train/Q/Q2133.jpg
Q,/kaggle/input/datasets/grassknoted/asl-alphabet/asl_alphabet_train/asl_alphabet_train/Q/Q2140.jpg
Q,/kaggle/input/datasets/grassknoted/asl-alphabet/asl_alphabet_train/asl_alphabet_train/Q/Q2164.jpg
Q,/kaggle/input/datasets/grassknoted/asl-alphabet/asl_alphabet_train/asl_alphabet_train/Q/Q2283.jpg
Q,/kaggle/input/datasets/grassknoted/asl-alphabet/asl_alphabet_train/asl_alphabet_train/Q/Q2380.jpg
Q,/kaggle/input/datasets/grassknoted/asl-alphabet/asl_alphabet_train/asl_alphabet_train/Q/Q2410.jpg
Q,/kaggle/input/datasets/grassknoted/asl-alphabet/asl_alphabet_train/asl_alphabet_train/Q/Q2480.jpg
Q,/kaggle/input/datasets/grassknoted/asl-alphabet/asl_alphabet_train/asl_alphabet_train/Q/Q251.jpg
Q,/kaggle/input/datasets/grassknoted/asl-alphabet/asl_alphabet_train/asl_alphabet_train/Q/Q2516.jpg
Q,/kaggle/input/datasets/grassknoted/asl-alphabet/asl_alphabet_train/asl_alphabet_train/Q/Q2517.jpg
Q,/kaggle/input/datasets/grassknoted/asl-alphabet/asl_alphabet_train/asl_alphabet_train/Q/Q2531.jpg
Q,/kaggle/input/datasets/grassknoted/asl-alphabet/asl_alphabet_train/asl_alphabet_train/Q/Q2609.jpg
Q,/kaggle/input/datasets/grassknoted/asl-alphabet/asl_alphabet_train/asl_alphabet_train/Q/Q2641.jpg
Q,/kaggle/input/datasets/grassknoted/asl-alphabet/asl_alphabet_train/asl_alphabet_train/Q/Q2722.jpg
Q,/kaggle/input/datasets/grassknoted/asl-alphabet/asl_alphabet_train/asl_alphabet_train/Q/Q2754.jpg
Q,/kaggle/input/datasets/grassknoted/asl-alphabet/asl_alphabet_train/asl_alphabet_train/Q/Q2755.jpg
Q,/kaggle/input/datasets/grassknoted/asl-alphabet/asl_alphabet_train/asl_alphabet_train/Q/Q2781.jpg
Q,/kaggle/input/datasets/grassknoted/asl-alphabet/asl_alphabet_train/asl_alphabet_train/Q/Q2782.jpg
Q,/kaggle/input/datasets/grassknoted/asl-alphabet/asl_alphabet_train/asl_alphabet_train/Q/Q2795.jpg
Q,/kaggle/input/datasets/grassknoted/asl-alphabet/asl_alphabet_train/asl_alphabet_train/Q/Q2848.jpg
Q,/kaggle/input/datasets/grassknoted/asl-alphabet/asl_alphabet_train/asl_alphabet_train/Q/Q2853.jpg
Q,/kaggle/input/datasets/grassknoted/asl-alphabet/asl_alphabet_train/asl_alphabet_train/Q/Q2937.jpg
Q,/kaggle/input/datasets/grassknoted/asl-alphabet/asl_alphabet_train/asl_alphabet_train/Q/Q2941.jpg
Q,/kaggle/input/datasets/grassknoted/asl-alphabet/asl_alphabet_train/asl_alphabet_train/Q/Q2955.jpg
Q,/kaggle/input/datasets/grassknoted/asl-alphabet/asl_alphabet_train/asl_alphabet_train/Q/Q2967.jpg
Q,/kaggle/input/datasets/grassknoted/asl-alphabet/asl_alphabet_train/asl_alphabet_train/Q/Q2982.jpg
Q,/kaggle/input/datasets/grassknoted/asl-alphabet/asl_alphabet_train/asl_alphabet_train/Q/Q2986.jpg
Q,/kaggle/input/datasets/grassknoted/asl-alphabet/asl_alphabet_train/asl_alphabet_train/Q/Q2995.jpg
Q,/kaggle/input/datasets/grassknoted/asl-alphabet/asl_alphabet_train/asl_alphabet_train/Q/Q3.jpg
Q,/kaggle/input/datasets/grassknoted/asl-alphabet/asl_alphabet_train/asl_alphabet_train/Q/Q319.jpg
Q,/kaggle/input/datasets/grassknoted/asl-alphabet/asl_alphabet_train/asl_alphabet_train/Q/Q334.jpg
Q,/kaggle/input/datasets/grassknoted/asl-alphabet/asl_alphabet_train/asl_alphabet_train/Q/Q341.jpg
Q,/kaggle/input/datasets/grassknoted/asl-alphabet/asl_alphabet_train/asl_alphabet_train/Q/Q345.jpg
Q,/kaggle/input/datasets/grassknoted/asl-alphabet/asl_alphabet_train/asl_alphabet_train/Q/Q35.jpg
Q,/kaggle/input/datasets/grassknoted/asl-alphabet/asl_alphabet_train/asl_alphabet_train/Q/Q350.jpg
Q,/kaggle/input/datasets/grassknoted/asl-alphabet/asl_alphabet_train/asl_alphabet_train/Q/Q428.jpg
Q,/kaggle/input/datasets/grassknoted/asl-alphabet/asl_alphabet_train/asl_alphabet_train/Q/Q441.jpg
Q,/kaggle/input/datasets/grassknoted/asl-alphabet/asl_alphabet_train/asl_alphabet_train/Q/Q458.jpg
Q,/kaggle/input/datasets/grassknoted/asl-alphabet/asl_alphabet_train/asl_alphabet_train/Q/Q48.jpg
Q,/kaggle/input/datasets/grassknoted/asl-alphabet/asl_alphabet_train/asl_alphabet_train/Q/Q512.jpg
Q,/kaggle/input/datasets/grassknoted/asl-alphabet/asl_alphabet_train/asl_alphabet_train/Q/Q529.jpg
Q,/kaggle/input/datasets/grassknoted/asl-alphabet/asl_alphabet_train/asl_alphabet_train/Q/Q61.jpg
Q,/kaggle/input/datasets/grassknoted/asl-alphabet/asl_alphabet_train/asl_alphabet_train/Q/Q647.jpg
Q,/kaggle/input/datasets/grassknoted/asl-alphabet/asl_alphabet_train/asl_alphabet_train/Q/Q689.jpg
Q,/kaggle/input/datasets/grassknoted/asl-alphabet/asl_alphabet_train/asl_alphabet_train/Q/Q697.jpg
Q,/kaggle/input/datasets/grassknoted/asl-alphabet/asl_alphabet_train/asl_alphabet_train/Q/Q717.jpg
Q,/kaggle/input/datasets/grassknoted/asl-alphabet/asl_alphabet_train/asl_alphabet_train/Q/Q778.jpg
Q,/kaggle/input/datasets/grassknoted/asl-alphabet/asl_alphabet_train/asl_alphabet_train/Q/Q785.jpg
Q,/kaggle/input/datasets/grassknoted/asl-alphabet/asl_alphabet_train/asl_alphabet_train/Q/Q828.jpg
Q,/kaggle/input/datasets/grassknoted/asl-alphabet/asl_alphabet_train/asl_alphabet_train/Q/Q842.jpg
Q,/kaggle/input/datasets/grassknoted/asl-alphabet/asl_alphabet_train/asl_alphabet_train/Q/Q868.jpg
Q,/kaggle/input/datasets/grassknoted/asl-alphabet/asl_alphabet_train/asl_alphabet_train/Q/Q902.jpg
Q,/kaggle/input/datasets/grassknoted/asl-alphabet/asl_alphabet_train/asl_alphabet_train/Q/Q915.jpg
Q,/kaggle/input/datasets/grassknoted/asl-alphabet/asl_alphabet_train/asl_alphabet_train/Q/Q927.jpg
Q,/kaggle/input/datasets/grassknoted/asl-alphabet/asl_alphabet_train/asl_alphabet_train/Q/Q940.jpg
Q,/kaggle/input/datasets/grassknoted/asl-alphabet/asl_alphabet_train/asl_alphabet_train/Q/Q941.jpg
Q,/kaggle/input/datasets/grassknoted/asl-alphabet/asl_alphabet_train/asl_alphabet_train/Q/Q976.jpg
R,/kaggle/input/datasets/grassknoted/asl-alphabet/asl_alphabet_train/asl_alphabet_train/R/R1019.jpg
R,/kaggle/input/datasets/grassknoted/asl-alphabet/asl_alphabet_train/asl_alphabet_train/R/R1063.jpg
R,/kaggle/input/datasets/grassknoted/asl-alphabet/asl_alphabet_train/asl_alphabet_train/R/R1080.jpg
R,/kaggle/input/datasets/grassknoted/asl-alphabet/asl_alphabet_train/asl_alphabet_train/R/R1134.jpg
R,/kaggle/input/datasets/grassknoted/asl-alphabet/asl_alphabet_train/asl_alphabet_train/R/R1145.jpg
R,/kaggle/input/datasets/grassknoted/asl-alphabet/asl_alphabet_train/asl_alphabet_train/R/R1185.jpg
R,/kaggle/input/datasets/grassknoted/asl-alphabet/asl_alphabet_train/asl_alphabet_train/R/R1245.jpg
R,/kaggle/input/datasets/grassknoted/asl-alphabet/asl_alphabet_train/asl_alphabet_train/R/R1255.jpg
R,/kaggle/input/datasets/grassknoted/asl-alphabet/asl_alphabet_train/asl_alphabet_train/R/R141.jpg
R,/kaggle/input/datasets/grassknoted/asl-alphabet/asl_alphabet_train/asl_alphabet_train/R/R1492.jpg
R,/kaggle/input/datasets/grassknoted/asl-alphabet/asl_alphabet_train/asl_alphabet_train/R/R155.jpg
R,/kaggle/input/datasets/grassknoted/asl-alphabet/asl_alphabet_train/asl_alphabet_train/R/R1580.jpg
R,/kaggle/input/datasets/grassknoted/asl-alphabet/asl_alphabet_train/asl_alphabet_train/R/R1584.jpg
R,/kaggle/input/datasets/grassknoted/asl-alphabet/asl_alphabet_train/asl_alphabet_train/R/R1585.jpg
R,/kaggle/input/datasets/grassknoted/asl-alphabet/asl_alphabet_train/asl_alphabet_train/R/R16.jpg
R,/kaggle/input/datasets/grassknoted/asl-alphabet/asl_alphabet_train/asl_alphabet_train/R/R1623.jpg
R,/kaggle/input/datasets/grassknoted/asl-alphabet/asl_alphabet_train/asl_alphabet_train/R/R1643.jpg
R,/kaggle/input/datasets/grassknoted/asl-alphabet/asl_alphabet_train/asl_alphabet_train/R/R1660.jpg
R,/kaggle/input/datasets/grassknoted/asl-alphabet/asl_alphabet_train/asl_alphabet_train/R/R1661.jpg
R,/kaggle/input/datasets/grassknoted/asl-alphabet/asl_alphabet_train/asl_alphabet_train/R/R1690.jpg
R,/kaggle/input/datasets/grassknoted/asl-alphabet/asl_alphabet_train/asl_alphabet_train/R/R175.jpg
R,/kaggle/input/datasets/grassknoted/asl-alphabet/asl_alphabet_train/asl_alphabet_train/R/R1756.jpg
R,/kaggle/input/datasets/grassknoted/asl-alphabet/asl_alphabet_train/asl_alphabet_train/R/R1780.jpg
R,/kaggle/input/datasets/grassknoted/asl-alphabet/asl_alphabet_train/asl_alphabet_train/R/R1798.jpg
R,/kaggle/input/datasets/grassknoted/asl-alphabet/asl_alphabet_train/asl_alphabet_train/R/R1800.jpg
R,/kaggle/input/datasets/grassknoted/asl-alphabet/asl_alphabet_train/asl_alphabet_train/R/R1853.jpg
R,/kaggle/input/datasets/grassknoted/asl-alphabet/asl_alphabet_train/asl_alphabet_train/R/R1882.jpg
R,/kaggle/input/datasets/grassknoted/asl-alphabet/asl_alphabet_train/asl_alphabet_train/R/R1894.jpg
R,/kaggle/input/datasets/grassknoted/asl-alphabet/asl_alphabet_train/asl_alphabet_train/R/R1925.jpg
R,/kaggle/input/datasets/grassknoted/asl-alphabet/asl_alphabet_train/asl_alphabet_train/R/R193.jpg
R,/kaggle/input/datasets/grassknoted/asl-alphabet/asl_alphabet_train/asl_alphabet_train/R/R1934.jpg
R,/kaggle/input/datasets/grassknoted/asl-alphabet/asl_alphabet_train/asl_alphabet_train/R/R1965.jpg
R,/kaggle/input/datasets/grassknoted/asl-alphabet/asl_alphabet_train/asl_alphabet_train/R/R2010.jpg
R,/kaggle/input/datasets/grassknoted/asl-alphabet/asl_alphabet_train/asl_alphabet_train/R/R203.jpg
R,/kaggle/input/datasets/grassknoted/asl-alphabet/asl_alphabet_train/asl_alphabet_train/R/R2060.jpg
R,/kaggle/input/datasets/grassknoted/asl-alphabet/asl_alphabet_train/asl_alphabet_train/R/R2087.jpg
R,/kaggle/input/datasets/grassknoted/asl-alphabet/asl_alphabet_train/asl_alphabet_train/R/R2101.jpg
R,/kaggle/input/datasets/grassknoted/asl-alphabet/asl_alphabet_train/asl_alphabet_train/R/R2113.jpg
R,/kaggle/input/datasets/grassknoted/asl-alphabet/asl_alphabet_train/asl_alphabet_train/R/R2189.jpg
R,/kaggle/input/datasets/grassknoted/asl-alphabet/asl_alphabet_train/asl_alphabet_train/R/R2207.jpg
R,/kaggle/input/datasets/grassknoted/asl-alphabet/asl_alphabet_train/asl_alphabet_train/R/R2211.jpg
R,/kaggle/input/datasets/grassknoted/asl-alphabet/asl_alphabet_train/asl_alphabet_train/R/R2247.jpg
R,/kaggle/input/datasets/grassknoted/asl-alphabet/asl_alphabet_train/asl_alphabet_train/R/R2265.jpg
R,/kaggle/input/datasets/grassknoted/asl-alphabet/asl_alphabet_train/asl_alphabet_train/R/R2270.jpg
R,/kaggle/input/datasets/grassknoted/asl-alphabet/asl_alphabet_train/asl_alphabet_train/R/R2321.jpg
R,/kaggle/input/datasets/grassknoted/asl-alphabet/asl_alphabet_train/asl_alphabet_train/R/R2364.jpg
R,/kaggle/input/datasets/grassknoted/asl-alphabet/asl_alphabet_train/asl_alphabet_train/R/R2368.jpg
R,/kaggle/input/datasets/grassknoted/asl-alphabet/asl_alphabet_train/asl_alphabet_train/R/R2408.jpg
R,/kaggle/input/datasets/grassknoted/asl-alphabet/asl_alphabet_train/asl_alphabet_train/R/R2430.jpg
R,/kaggle/input/datasets/grassknoted/asl-alphabet/asl_alphabet_train/asl_alphabet_train/R/R2445.jpg
R,/kaggle/input/datasets/grassknoted/asl-alphabet/asl_alphabet_train/asl_alphabet_train/R/R2474.jpg
R,/kaggle/input/datasets/grassknoted/asl-alphabet/asl_alphabet_train/asl_alphabet_train/R/R2501.jpg
R,/kaggle/input/datasets/grassknoted/asl-alphabet/asl_alphabet_train/asl_alphabet_train/R/R2575.jpg
R,/kaggle/input/datasets/grassknoted/asl-alphabet/asl_alphabet_train/asl_alphabet_train/R/R2588.jpg
R,/kaggle/input/datasets/grassknoted/asl-alphabet/asl_alphabet_train/asl_alphabet_train/R/R261.jpg
R,/kaggle/input/datasets/grassknoted/asl-alphabet/asl_alphabet_train/asl_alphabet_train/R/R2613.jpg
R,/kaggle/input/datasets/grassknoted/asl-alphabet/asl_alphabet_train/asl_alphabet_train/R/R2614.jpg
R,/kaggle/input/datasets/grassknoted/asl-alphabet/asl_alphabet_train/asl_alphabet_train/R/R2624.jpg
R,/kaggle/input/datasets/grassknoted/asl-alphabet/asl_alphabet_train/asl_alphabet_train/R/R2679.jpg
R,/kaggle/input/datasets/grassknoted/asl-alphabet/asl_alphabet_train/asl_alphabet_train/R/R2735.jpg
R,/kaggle/input/datasets/grassknoted/asl-alphabet/asl_alphabet_train/asl_alphabet_train/R/R275.jpg
R,/kaggle/input/datasets/grassknoted/asl-alphabet/asl_alphabet_train/asl_alphabet_train/R/R2772.jpg
R,/kaggle/input/datasets/grassknoted/asl-alphabet/asl_alphabet_train/asl_alphabet_train/R/R2894.jpg
R,/kaggle/input/datasets/grassknoted/asl-alphabet/asl_alphabet_train/asl_alphabet_train/R/R2898.jpg
R,/kaggle/input/datasets/grassknoted/asl-alphabet/asl_alphabet_train/asl_alphabet_train/R/R2924.jpg
R,/kaggle/input/datasets/grassknoted/asl-alphabet/asl_alphabet_train/asl_alphabet_train/R/R2976.jpg
R,/kaggle/input/datasets/grassknoted/asl-alphabet/asl_alphabet_train/asl_alphabet_train/R/R304.jpg
R,/kaggle/input/datasets/grassknoted/asl-alphabet/asl_alphabet_train/asl_alphabet_train/R/R306.jpg
R,/kaggle/input/datasets/grassknoted/asl-alphabet/asl_alphabet_train/asl_alphabet_train/R/R310.jpg
R,/kaggle/input/datasets/grassknoted/asl-alphabet/asl_alphabet_train/asl_alphabet_train/R/R321.jpg
R,/kaggle/input/datasets/grassknoted/asl-alphabet/asl_alphabet_train/asl_alphabet_train/R/R342.jpg
R,/kaggle/input/datasets/grassknoted/asl-alphabet/asl_alphabet_train/asl_alphabet_train/R/R366.jpg
R,/kaggle/input/datasets/grassknoted/asl-alphabet/asl_alphabet_train/asl_alphabet_train/R/R382.jpg
R,/kaggle/input/datasets/grassknoted/asl-alphabet/asl_alphabet_train/asl_alphabet_train/R/R383.jpg
R,/kaggle/input/datasets/grassknoted/asl-alphabet/asl_alphabet_train/asl_alphabet_train/R/R385.jpg
R,/kaggle/input/datasets/grassknoted/asl-alphabet/asl_alphabet_train/asl_alphabet_train/R/R40.jpg
R,/kaggle/input/datasets/grassknoted/asl-alphabet/asl_alphabet_train/asl_alphabet_train/R/R436.jpg
R,/kaggle/input/datasets/grassknoted/asl-alphabet/asl_alphabet_train/asl_alphabet_train/R/R446.jpg
R,/kaggle/input/datasets/grassknoted/asl-alphabet/asl_alphabet_train/asl_alphabet_train/R/R454.jpg
R,/kaggle/input/datasets/grassknoted/asl-alphabet/asl_alphabet_train/asl_alphabet_train/R/R487.jpg
R,/kaggle/input/datasets/grassknoted/asl-alphabet/asl_alphabet_train/asl_alphabet_train/R/R506.jpg
R,/kaggle/input/datasets/grassknoted/asl-alphabet/asl_alphabet_train/asl_alphabet_train/R/R551.jpg
R,/kaggle/input/datasets/grassknoted/asl-alphabet/asl_alphabet_train/asl_alphabet_train/R/R610.jpg
R,/kaggle/input/datasets/grassknoted/asl-alphabet/asl_alphabet_train/asl_alphabet_train/R/R612.jpg
R,/kaggle/input/datasets/grassknoted/asl-alphabet/asl_alphabet_train/asl_alphabet_train/R/R624.jpg
R,/kaggle/input/datasets/grassknoted/asl-alphabet/asl_alphabet_train/asl_alphabet_train/R/R628.jpg
R,/kaggle/input/datasets/grassknoted/asl-alphabet/asl_alphabet_train/asl_alphabet_train/R/R64.jpg
R,/kaggle/input/datasets/grassknoted/asl-alphabet/asl_alphabet_train/asl_alphabet_train/R/R683.jpg
R,/kaggle/input/datasets/grassknoted/asl-alphabet/asl_alphabet_train/asl_alphabet_train/R/R71.jpg
R,/kaggle/input/datasets/grassknoted/asl-alphabet/asl_alphabet_train/asl_alphabet_train/R/R745.jpg
R,/kaggle/input/datasets/grassknoted/asl-alphabet/asl_alphabet_train/asl_alphabet_train/R/R786.jpg
R,/kaggle/input/datasets/grassknoted/asl-alphabet/asl_alphabet_train/asl_alphabet_train/R/R819.jpg
R,/kaggle/input/datasets/grassknoted/asl-alphabet/asl_alphabet_train/asl_alphabet_train/R/R822.jpg
R,/kaggle/input/datasets/grassknoted/asl-alphabet/asl_alphabet_train/asl_alphabet_train/R/R832.jpg
R,/kaggle/input/datasets/grassknoted/asl-alphabet/asl_alphabet_train/asl_alphabet_train/R/R886.jpg
R,/kaggle/input/datasets/grassknoted/asl-alphabet/asl_alphabet_train/asl_alphabet_train/R/R895.jpg
R,/kaggle/input/datasets/grassknoted/asl-alphabet/asl_alphabet_train/asl_alphabet_train/R/R9.jpg
R,/kaggle/input/datasets/grassknoted/asl-alphabet/asl_alphabet_train/asl_alphabet_train/R/R92.jpg
R,/kaggle/input/datasets/grassknoted/asl-alphabet/asl_alphabet_train/asl_alphabet_train/R/R951.jpg
R,/kaggle/input/datasets/grassknoted/asl-alphabet/asl_alphabet_train/asl_alphabet_train/R/R990.jpg
S,/kaggle/input/datasets/grassknoted/asl-alphabet/asl_alphabet_train/asl_alphabet_train/S/S10.jpg
S,/kaggle/input/datasets/grassknoted/asl-alphabet/asl_alphabet_train/asl_alphabet_train/S/S1085.jpg
S,/kaggle/input/datasets/grassknoted/asl-alphabet/asl_alphabet_train/asl_alphabet_train/S/S1097.jpg
S,/kaggle/input/datasets/grassknoted/asl-alphabet/asl_alphabet_train/asl_alphabet_train/S/S1134.jpg
S,/kaggle/input/datasets/grassknoted/asl-alphabet/asl_alphabet_train/asl_alphabet_train/S/S1190.jpg
S,/kaggle/input/datasets/grassknoted/asl-alphabet/asl_alphabet_train/asl_alphabet_train/S/S1194.jpg
S,/kaggle/input/datasets/grassknoted/asl-alphabet/asl_alphabet_train/asl_alphabet_train/S/S1218.jpg
S,/kaggle/input/datasets/grassknoted/asl-alphabet/asl_alphabet_train/asl_alphabet_train/S/S1227.jpg
S,/kaggle/input/datasets/grassknoted/asl-alphabet/asl_alphabet_train/asl_alphabet_train/S/S1254.jpg
S,/kaggle/input/datasets/grassknoted/asl-alphabet/asl_alphabet_train/asl_alphabet_train/S/S1290.jpg
S,/kaggle/input/datasets/grassknoted/asl-alphabet/asl_alphabet_train/asl_alphabet_train/S/S1319.jpg
S,/kaggle/input/datasets/grassknoted/asl-alphabet/asl_alphabet_train/asl_alphabet_train/S/S1353.jpg
S,/kaggle/input/datasets/grassknoted/asl-alphabet/asl_alphabet_train/asl_alphabet_train/S/S1386.jpg
S,/kaggle/input/datasets/grassknoted/asl-alphabet/asl_alphabet_train/asl_alphabet_train/S/S1406.jpg
S,/kaggle/input/datasets/grassknoted/asl-alphabet/asl_alphabet_train/asl_alphabet_train/S/S1485.jpg
S,/kaggle/input/datasets/grassknoted/asl-alphabet/asl_alphabet_train/asl_alphabet_train/S/S1538.jpg
S,/kaggle/input/datasets/grassknoted/asl-alphabet/asl_alphabet_train/asl_alphabet_train/S/S1565.jpg
S,/kaggle/input/datasets/grassknoted/asl-alphabet/asl_alphabet_train/asl_alphabet_train/S/S1582.jpg
S,/kaggle/input/datasets/grassknoted/asl-alphabet/asl_alphabet_train/asl_alphabet_train/S/S1587.jpg
S,/kaggle/input/datasets/grassknoted/asl-alphabet/asl_alphabet_train/asl_alphabet_train/S/S1627.jpg
S,/kaggle/input/datasets/grassknoted/asl-alphabet/asl_alphabet_train/asl_alphabet_train/S/S1650.jpg
S,/kaggle/input/datasets/grassknoted/asl-alphabet/asl_alphabet_train/asl_alphabet_train/S/S1746.jpg
S,/kaggle/input/datasets/grassknoted/asl-alphabet/asl_alphabet_train/asl_alphabet_train/S/S1759.jpg
S,/kaggle/input/datasets/grassknoted/asl-alphabet/asl_alphabet_train/asl_alphabet_train/S/S1771.jpg
S,/kaggle/input/datasets/grassknoted/asl-alphabet/asl_alphabet_train/asl_alphabet_train/S/S1801.jpg
S,/kaggle/input/datasets/grassknoted/asl-alphabet/asl_alphabet_train/asl_alphabet_train/S/S1860.jpg
S,/kaggle/input/datasets/grassknoted/asl-alphabet/asl_alphabet_train/asl_alphabet_train/S/S1874.jpg
S,/kaggle/input/datasets/grassknoted/asl-alphabet/asl_alphabet_train/asl_alphabet_train/S/S1889.jpg
S,/kaggle/input/datasets/grassknoted/asl-alphabet/asl_alphabet_train/asl_alphabet_train/S/S1896.jpg
S,/kaggle/input/datasets/grassknoted/asl-alphabet/asl_alphabet_train/asl_alphabet_train/S/S1987.jpg
S,/kaggle/input/datasets/grassknoted/asl-alphabet/asl_alphabet_train/asl_alphabet_train/S/S2079.jpg
S,/kaggle/input/datasets/grassknoted/asl-alphabet/asl_alphabet_train/asl_alphabet_train/S/S2094.jpg
S,/kaggle/input/datasets/grassknoted/asl-alphabet/asl_alphabet_train/asl_alphabet_train/S/S2143.jpg
S,/kaggle/input/datasets/grassknoted/asl-alphabet/asl_alphabet_train/asl_alphabet_train/S/S2149.jpg
S,/kaggle/input/datasets/grassknoted/asl-alphabet/asl_alphabet_train/asl_alphabet_train/S/S2162.jpg
S,/kaggle/input/datasets/grassknoted/asl-alphabet/asl_alphabet_train/asl_alphabet_train/S/S2166.jpg
S,/kaggle/input/datasets/grassknoted/asl-alphabet/asl_alphabet_train/asl_alphabet_train/S/S2168.jpg
S,/kaggle/input/datasets/grassknoted/asl-alphabet/asl_alphabet_train/asl_alphabet_train/S/S2179.jpg
S,/kaggle/input/datasets/grassknoted/asl-alphabet/asl_alphabet_train/asl_alphabet_train/S/S2181.jpg
S,/kaggle/input/datasets/grassknoted/asl-alphabet/asl_alphabet_train/asl_alphabet_train/S/S2208.jpg
S,/kaggle/input/datasets/grassknoted/asl-alphabet/asl_alphabet_train/asl_alphabet_train/S/S2229.jpg
S,/kaggle/input/datasets/grassknoted/asl-alphabet/asl_alphabet_train/asl_alphabet_train/S/S2254.jpg
S,/kaggle/input/datasets/grassknoted/asl-alphabet/asl_alphabet_train/asl_alphabet_train/S/S2288.jpg
S,/kaggle/input/datasets/grassknoted/asl-alphabet/asl_alphabet_train/asl_alphabet_train/S/S2309.jpg
S,/kaggle/input/datasets/grassknoted/asl-alphabet/asl_alphabet_train/asl_alphabet_train/S/S2320.jpg
S,/kaggle/input/datasets/grassknoted/asl-alphabet/asl_alphabet_train/asl_alphabet_train/S/S2326.jpg
S,/kaggle/input/datasets/grassknoted/asl-alphabet/asl_alphabet_train/asl_alphabet_train/S/S2376.jpg
S,/kaggle/input/datasets/grassknoted/asl-alphabet/asl_alphabet_train/asl_alphabet_train/S/S2377.jpg
S,/kaggle/input/datasets/grassknoted/asl-alphabet/asl_alphabet_train/asl_alphabet_train/S/S2378.jpg
S,/kaggle/input/datasets/grassknoted/asl-alphabet/asl_alphabet_train/asl_alphabet_train/S/S2408.jpg
S,/kaggle/input/datasets/grassknoted/asl-alphabet/asl_alphabet_train/asl_alphabet_train/S/S2436.jpg
S,/kaggle/input/datasets/grassknoted/asl-alphabet/asl_alphabet_train/asl_alphabet_train/S/S2448.jpg
S,/kaggle/input/datasets/grassknoted/asl-alphabet/asl_alphabet_train/asl_alphabet_train/S/S2451.jpg
S,/kaggle/input/datasets/grassknoted/asl-alphabet/asl_alphabet_train/asl_alphabet_train/S/S2453.jpg
S,/kaggle/input/datasets/grassknoted/asl-alphabet/asl_alphabet_train/asl_alphabet_train/S/S2473.jpg
S,/kaggle/input/datasets/grassknoted/asl-alphabet/asl_alphabet_train/asl_alphabet_train/S/S249.jpg
S,/kaggle/input/datasets/grassknoted/asl-alphabet/asl_alphabet_train/asl_alphabet_train/S/S2493.jpg
S,/kaggle/input/datasets/grassknoted/asl-alphabet/asl_alphabet_train/asl_alphabet_train/S/S2579.jpg
S,/kaggle/input/datasets/grassknoted/asl-alphabet/asl_alphabet_train/asl_alphabet_train/S/S2581.jpg
S,/kaggle/input/datasets/grassknoted/asl-alphabet/asl_alphabet_train/asl_alphabet_train/S/S2602.jpg
S,/kaggle/input/datasets/grassknoted/asl-alphabet/asl_alphabet_train/asl_alphabet_train/S/S2605.jpg
S,/kaggle/input/datasets/grassknoted/asl-alphabet/asl_alphabet_train/asl_alphabet_train/S/S2606.jpg
S,/kaggle/input/datasets/grassknoted/asl-alphabet/asl_alphabet_train/asl_alphabet_train/S/S2625.jpg
S,/kaggle/input/datasets/grassknoted/asl-alphabet/asl_alphabet_train/asl_alphabet_train/S/S2631.jpg
S,/kaggle/input/datasets/grassknoted/asl-alphabet/asl_alphabet_train/asl_alphabet_train/S/S2639.jpg
S,/kaggle/input/datasets/grassknoted/asl-alphabet/asl_alphabet_train/asl_alphabet_train/S/S2649.jpg
S,/kaggle/input/datasets/grassknoted/asl-alphabet/asl_alphabet_train/asl_alphabet_train/S/S270.jpg
S,/kaggle/input/datasets/grassknoted/asl-alphabet/asl_alphabet_train/asl_alphabet_train/S/S2711.jpg
S,/kaggle/input/datasets/grassknoted/asl-alphabet/asl_alphabet_train/asl_alphabet_train/S/S2739.jpg
S,/kaggle/input/datasets/grassknoted/asl-alphabet/asl_alphabet_train/asl_alphabet_train/S/S2777.jpg
S,/kaggle/input/datasets/grassknoted/asl-alphabet/asl_alphabet_train/asl_alphabet_train/S/S2788.jpg
S,/kaggle/input/datasets/grassknoted/asl-alphabet/asl_alphabet_train/asl_alphabet_train/S/S2799.jpg
S,/kaggle/input/datasets/grassknoted/asl-alphabet/asl_alphabet_train/asl_alphabet_train/S/S280.jpg
S,/kaggle/input/datasets/grassknoted/asl-alphabet/asl_alphabet_train/asl_alphabet_train/S/S2825.jpg
S,/kaggle/input/datasets/grassknoted/asl-alphabet/asl_alphabet_train/asl_alphabet_train/S/S2913.jpg
S,/kaggle/input/datasets/grassknoted/asl-alphabet/asl_alphabet_train/asl_alphabet_train/S/S292.jpg
S,/kaggle/input/datasets/grassknoted/asl-alphabet/asl_alphabet_train/asl_alphabet_train/S/S2965.jpg
S,/kaggle/input/datasets/grassknoted/asl-alphabet/asl_alphabet_train/asl_alphabet_train/S/S2968.jpg
S,/kaggle/input/datasets/grassknoted/asl-alphabet/asl_alphabet_train/asl_alphabet_train/S/S2969.jpg
S,/kaggle/input/datasets/grassknoted/asl-alphabet/asl_alphabet_train/asl_alphabet_train/S/S2978.jpg
S,/kaggle/input/datasets/grassknoted/asl-alphabet/asl_alphabet_train/asl_alphabet_train/S/S2982.jpg
S,/kaggle/input/datasets/grassknoted/asl-alphabet/asl_alphabet_train/asl_alphabet_train/S/S318.jpg
S,/kaggle/input/datasets/grassknoted/asl-alphabet/asl_alphabet_train/asl_alphabet_train/S/S341.jpg
S,/kaggle/input/datasets/grassknoted/asl-alphabet/asl_alphabet_train/asl_alphabet_train/S/S372.jpg
S,/kaggle/input/datasets/grassknoted/asl-alphabet/asl_alphabet_train/asl_alphabet_train/S/S50.jpg
S,/kaggle/input/datasets/grassknoted/asl-alphabet/asl_alphabet_train/asl_alphabet_train/S/S503.jpg
S,/kaggle/input/datasets/grassknoted/asl-alphabet/asl_alphabet_train/asl_alphabet_train/S/S540.jpg
S,/kaggle/input/datasets/grassknoted/asl-alphabet/asl_alphabet_train/asl_alphabet_train/S/S68.jpg
S,/kaggle/input/datasets/grassknoted/asl-alphabet/asl_alphabet_train/asl_alphabet_train/S/S731.jpg
S,/kaggle/input/datasets/grassknoted/asl-alphabet/asl_alphabet_train/asl_alphabet_train/S/S767.jpg
S,/kaggle/input/datasets/grassknoted/asl-alphabet/asl_alphabet_train/asl_alphabet_train/S/S770.jpg
S,/kaggle/input/datasets/grassknoted/asl-alphabet/asl_alphabet_train/asl_alphabet_train/S/S777.jpg
S,/kaggle/input/datasets/grassknoted/asl-alphabet/asl_alphabet_train/asl_alphabet_train/S/S852.jpg
S,/kaggle/input/datasets/grassknoted/asl-alphabet/asl_alphabet_train/asl_alphabet_train/S/S856.jpg
S,/kaggle/input/datasets/grassknoted/asl-alphabet/asl_alphabet_train/asl_alphabet_train/S/S879.jpg
S,/kaggle/input/datasets/grassknoted/asl-alphabet/asl_alphabet_train/asl_alphabet_train/S/S881.jpg
S,/kaggle/input/datasets/grassknoted/asl-alphabet/asl_alphabet_train/asl_alphabet_train/S/S896.jpg
S,/kaggle/input/datasets/grassknoted/asl-alphabet/asl_alphabet_train/asl_alphabet_train/S/S933.jpg
S,/kaggle/input/datasets/grassknoted/asl-alphabet/asl_alphabet_train/asl_alphabet_train/S/S966.jpg
S,/kaggle/input/datasets/grassknoted/asl-alphabet/asl_alphabet_train/asl_alphabet_train/S/S980.jpg
T,/kaggle/input/datasets/grassknoted/asl-alphabet/asl_alphabet_train/asl_alphabet_train/T/T1024.jpg
T,/kaggle/input/datasets/grassknoted/asl-alphabet/asl_alphabet_train/asl_alphabet_train/T/T1027.jpg
T,/kaggle/input/datasets/grassknoted/asl-alphabet/asl_alphabet_train/asl_alphabet_train/T/T1047.jpg
T,/kaggle/input/datasets/grassknoted/asl-alphabet/asl_alphabet_train/asl_alphabet_train/T/T1053.jpg
T,/kaggle/input/datasets/grassknoted/asl-alphabet/asl_alphabet_train/asl_alphabet_train/T/T1055.jpg
T,/kaggle/input/datasets/grassknoted/asl-alphabet/asl_alphabet_train/asl_alphabet_train/T/T1057.jpg
T,/kaggle/input/datasets/grassknoted/asl-alphabet/asl_alphabet_train/asl_alphabet_train/T/T1112.jpg
T,/kaggle/input/datasets/grassknoted/asl-alphabet/asl_alphabet_train/asl_alphabet_train/T/T1120.jpg
T,/kaggle/input/datasets/grassknoted/asl-alphabet/asl_alphabet_train/asl_alphabet_train/T/T1121.jpg
T,/kaggle/input/datasets/grassknoted/asl-alphabet/asl_alphabet_train/asl_alphabet_train/T/T1142.jpg
T,/kaggle/input/datasets/grassknoted/asl-alphabet/asl_alphabet_train/asl_alphabet_train/T/T1169.jpg
T,/kaggle/input/datasets/grassknoted/asl-alphabet/asl_alphabet_train/asl_alphabet_train/T/T1188.jpg
T,/kaggle/input/datasets/grassknoted/asl-alphabet/asl_alphabet_train/asl_alphabet_train/T/T1269.jpg
T,/kaggle/input/datasets/grassknoted/asl-alphabet/asl_alphabet_train/asl_alphabet_train/T/T1272.jpg
T,/kaggle/input/datasets/grassknoted/asl-alphabet/asl_alphabet_train/asl_alphabet_train/T/T1275.jpg
T,/kaggle/input/datasets/grassknoted/asl-alphabet/asl_alphabet_train/asl_alphabet_train/T/T1279.jpg
T,/kaggle/input/datasets/grassknoted/asl-alphabet/asl_alphabet_train/asl_alphabet_train/T/T1291.jpg
T,/kaggle/input/datasets/grassknoted/asl-alphabet/asl_alphabet_train/asl_alphabet_train/T/T1331.jpg
T,/kaggle/input/datasets/grassknoted/asl-alphabet/asl_alphabet_train/asl_alphabet_train/T/T1373.jpg
T,/kaggle/input/datasets/grassknoted/asl-alphabet/asl_alphabet_train/asl_alphabet_train/T/T1397.jpg
T,/kaggle/input/datasets/grassknoted/asl-alphabet/asl_alphabet_train/asl_alphabet_train/T/T1407.jpg
T,/kaggle/input/datasets/grassknoted/asl-alphabet/asl_alphabet_train/asl_alphabet_train/T/T1460.jpg
T,/kaggle/input/datasets/grassknoted/asl-alphabet/asl_alphabet_train/asl_alphabet_train/T/T1462.jpg
T,/kaggle/input/datasets/grassknoted/asl-alphabet/asl_alphabet_train/asl_alphabet_train/T/T1471.jpg
T,/kaggle/input/datasets/grassknoted/asl-alphabet/asl_alphabet_train/asl_alphabet_train/T/T148.jpg
T,/kaggle/input/datasets/grassknoted/asl-alphabet/asl_alphabet_train/asl_alphabet_train/T/T1520.jpg
T,/kaggle/input/datasets/grassknoted/asl-alphabet/asl_alphabet_train/asl_alphabet_train/T/T1537.jpg
T,/kaggle/input/datasets/grassknoted/asl-alphabet/asl_alphabet_train/asl_alphabet_train/T/T1594.jpg
T,/kaggle/input/datasets/grassknoted/asl-alphabet/asl_alphabet_train/asl_alphabet_train/T/T1595.jpg
T,/kaggle/input/datasets/grassknoted/asl-alphabet/asl_alphabet_train/asl_alphabet_train/T/T1599.jpg
T,/kaggle/input/datasets/grassknoted/asl-alphabet/asl_alphabet_train/asl_alphabet_train/T/T1601.jpg
T,/kaggle/input/datasets/grassknoted/asl-alphabet/asl_alphabet_train/asl_alphabet_train/T/T1660.jpg
T,/kaggle/input/datasets/grassknoted/asl-alphabet/asl_alphabet_train/asl_alphabet_train/T/T1663.jpg
T,/kaggle/input/datasets/grassknoted/asl-alphabet/asl_alphabet_train/asl_alphabet_train/T/T1668.jpg
T,/kaggle/input/datasets/grassknoted/asl-alphabet/asl_alphabet_train/asl_alphabet_train/T/T172.jpg
T,/kaggle/input/datasets/grassknoted/asl-alphabet/asl_alphabet_train/asl_alphabet_train/T/T18.jpg
T,/kaggle/input/datasets/grassknoted/asl-alphabet/asl_alphabet_train/asl_alphabet_train/T/T1827.jpg
T,/kaggle/input/datasets/grassknoted/asl-alphabet/asl_alphabet_train/asl_alphabet_train/T/T1871.jpg
T,/kaggle/input/datasets/grassknoted/asl-alphabet/asl_alphabet_train/asl_alphabet_train/T/T1893.jpg
T,/kaggle/input/datasets/grassknoted/asl-alphabet/asl_alphabet_train/asl_alphabet_train/T/T1941.jpg
T,/kaggle/input/datasets/grassknoted/asl-alphabet/asl_alphabet_train/asl_alphabet_train/T/T196.jpg
T,/kaggle/input/datasets/grassknoted/asl-alphabet/asl_alphabet_train/asl_alphabet_train/T/T1960.jpg
T,/kaggle/input/datasets/grassknoted/asl-alphabet/asl_alphabet_train/asl_alphabet_train/T/T2008.jpg
T,/kaggle/input/datasets/grassknoted/asl-alphabet/asl_alphabet_train/asl_alphabet_train/T/T2167.jpg
T,/kaggle/input/datasets/grassknoted/asl-alphabet/asl_alphabet_train/asl_alphabet_train/T/T2171.jpg
T,/kaggle/input/datasets/grassknoted/asl-alphabet/asl_alphabet_train/asl_alphabet_train/T/T2176.jpg
T,/kaggle/input/datasets/grassknoted/asl-alphabet/asl_alphabet_train/asl_alphabet_train/T/T2192.jpg
T,/kaggle/input/datasets/grassknoted/asl-alphabet/asl_alphabet_train/asl_alphabet_train/T/T2271.jpg
T,/kaggle/input/datasets/grassknoted/asl-alphabet/asl_alphabet_train/asl_alphabet_train/T/T2278.jpg
T,/kaggle/input/datasets/grassknoted/asl-alphabet/asl_alphabet_train/asl_alphabet_train/T/T2289.jpg
T,/kaggle/input/datasets/grassknoted/asl-alphabet/asl_alphabet_train/asl_alphabet_train/T/T2314.jpg
T,/kaggle/input/datasets/grassknoted/asl-alphabet/asl_alphabet_train/asl_alphabet_train/T/T2366.jpg
T,/kaggle/input/datasets/grassknoted/asl-alphabet/asl_alphabet_train/asl_alphabet_train/T/T2400.jpg
T,/kaggle/input/datasets/grassknoted/asl-alphabet/asl_alphabet_train/asl_alphabet_train/T/T2447.jpg
T,/kaggle/input/datasets/grassknoted/asl-alphabet/asl_alphabet_train/asl_alphabet_train/T/T245.jpg
T,/kaggle/input/datasets/grassknoted/asl-alphabet/asl_alphabet_train/asl_alphabet_train/T/T2456.jpg
T,/kaggle/input/datasets/grassknoted/asl-alphabet/asl_alphabet_train/asl_alphabet_train/T/T2457.jpg
T,/kaggle/input/datasets/grassknoted/asl-alphabet/asl_alphabet_train/asl_alphabet_train/T/T2490.jpg
T,/kaggle/input/datasets/grassknoted/asl-alphabet/asl_alphabet_train/asl_alphabet_train/T/T2528.jpg
T,/kaggle/input/datasets/grassknoted/asl-alphabet/asl_alphabet_train/asl_alphabet_train/T/T2572.jpg
T,/kaggle/input/datasets/grassknoted/asl-alphabet/asl_alphabet_train/asl_alphabet_train/T/T2594.jpg
T,/kaggle/input/datasets/grassknoted/asl-alphabet/asl_alphabet_train/asl_alphabet_train/T/T2598.jpg
T,/kaggle/input/datasets/grassknoted/asl-alphabet/asl_alphabet_train/asl_alphabet_train/T/T2625.jpg
T,/kaggle/input/datasets/grassknoted/asl-alphabet/asl_alphabet_train/asl_alphabet_train/T/T2637.jpg
T,/kaggle/input/datasets/grassknoted/asl-alphabet/asl_alphabet_train/asl_alphabet_train/T/T2656.jpg
T,/kaggle/input/datasets/grassknoted/asl-alphabet/asl_alphabet_train/asl_alphabet_train/T/T2671.jpg
T,/kaggle/input/datasets/grassknoted/asl-alphabet/asl_alphabet_train/asl_alphabet_train/T/T2695.jpg
T,/kaggle/input/datasets/grassknoted/asl-alphabet/asl_alphabet_train/asl_alphabet_train/T/T2718.jpg
T,/kaggle/input/datasets/grassknoted/asl-alphabet/asl_alphabet_train/asl_alphabet_train/T/T2726.jpg
T,/kaggle/input/datasets/grassknoted/asl-alphabet/asl_alphabet_train/asl_alphabet_train/T/T2752.jpg
T,/kaggle/input/datasets/grassknoted/asl-alphabet/asl_alphabet_train/asl_alphabet_train/T/T278.jpg
T,/kaggle/input/datasets/grassknoted/asl-alphabet/asl_alphabet_train/asl_alphabet_train/T/T2801.jpg
T,/kaggle/input/datasets/grassknoted/asl-alphabet/asl_alphabet_train/asl_alphabet_train/T/T2807.jpg
T,/kaggle/input/datasets/grassknoted/asl-alphabet/asl_alphabet_train/asl_alphabet_train/T/T2872.jpg
T,/kaggle/input/datasets/grassknoted/asl-alphabet/asl_alphabet_train/asl_alphabet_train/T/T2903.jpg
T,/kaggle/input/datasets/grassknoted/asl-alphabet/asl_alphabet_train/asl_alphabet_train/T/T2913.jpg
T,/kaggle/input/datasets/grassknoted/asl-alphabet/asl_alphabet_train/asl_alphabet_train/T/T2926.jpg
T,/kaggle/input/datasets/grassknoted/asl-alphabet/asl_alphabet_train/asl_alphabet_train/T/T2960.jpg
T,/kaggle/input/datasets/grassknoted/asl-alphabet/asl_alphabet_train/asl_alphabet_train/T/T2977.jpg
T,/kaggle/input/datasets/grassknoted/asl-alphabet/asl_alphabet_train/asl_alphabet_train/T/T2983.jpg
T,/kaggle/input/datasets/grassknoted/asl-alphabet/asl_alphabet_train/asl_alphabet_train/T/T358.jpg
T,/kaggle/input/datasets/grassknoted/asl-alphabet/asl_alphabet_train/asl_alphabet_train/T/T385.jpg
T,/kaggle/input/datasets/grassknoted/asl-alphabet/asl_alphabet_train/asl_alphabet_train/T/T415.jpg
T,/kaggle/input/datasets/grassknoted/asl-alphabet/asl_alphabet_train/asl_alphabet_train/T/T42.jpg
T,/kaggle/input/datasets/grassknoted/asl-alphabet/asl_alphabet_train/asl_alphabet_train/T/T446.jpg
T,/kaggle/input/datasets/grassknoted/asl-alphabet/asl_alphabet_train/asl_alphabet_train/T/T478.jpg
T,/kaggle/input/datasets/grassknoted/asl-alphabet/asl_alphabet_train/asl_alphabet_train/T/T532.jpg
T,/kaggle/input/datasets/grassknoted/asl-alphabet/asl_alphabet_train/asl_alphabet_train/T/T619.jpg
T,/kaggle/input/datasets/grassknoted/asl-alphabet/asl_alphabet_train/asl_alphabet_train/T/T627.jpg
T,/kaggle/input/datasets/grassknoted/asl-alphabet/asl_alphabet_train/asl_alphabet_train/T/T633.jpg
T,/kaggle/input/datasets/grassknoted/asl-alphabet/asl_alphabet_train/asl_alphabet_train/T/T637.jpg
T,/kaggle/input/datasets/grassknoted/asl-alphabet/asl_alphabet_train/asl_alphabet_train/T/T660.jpg
T,/kaggle/input/datasets/grassknoted/asl-alphabet/asl_alphabet_train/asl_alphabet_train/T/T681.jpg
T,/kaggle/input/datasets/grassknoted/asl-alphabet/asl_alphabet_train/asl_alphabet_train/T/T694.jpg
T,/kaggle/input/datasets/grassknoted/asl-alphabet/asl_alphabet_train/asl_alphabet_train/T/T724.jpg
T,/kaggle/input/datasets/grassknoted/asl-alphabet/asl_alphabet_train/asl_alphabet_train/T/T755.jpg
T,/kaggle/input/datasets/grassknoted/asl-alphabet/asl_alphabet_train/asl_alphabet_train/T/T837.jpg
T,/kaggle/input/datasets/grassknoted/asl-alphabet/asl_alphabet_train/asl_alphabet_train/T/T853.jpg
T,/kaggle/input/datasets/grassknoted/asl-alphabet/asl_alphabet_train/asl_alphabet_train/T/T872.jpg
T,/kaggle/input/datasets/grassknoted/asl-alphabet/asl_alphabet_train/asl_alphabet_train/T/T960.jpg
U,/kaggle/input/datasets/grassknoted/asl-alphabet/asl_alphabet_train/asl_alphabet_train/U/U1013.jpg
U,/kaggle/input/datasets/grassknoted/asl-alphabet/asl_alphabet_train/asl_alphabet_train/U/U1034.jpg
U,/kaggle/input/datasets/grassknoted/asl-alphabet/asl_alphabet_train/asl_alphabet_train/U/U1057.jpg
U,/kaggle/input/datasets/grassknoted/asl-alphabet/asl_alphabet_train/asl_alphabet_train/U/U1058.jpg
U,/kaggle/input/datasets/grassknoted/asl-alphabet/asl_alphabet_train/asl_alphabet_train/U/U1065.jpg
U,/kaggle/input/datasets/grassknoted/asl-alphabet/asl_alphabet_train/asl_alphabet_train/U/U1083.jpg
U,/kaggle/input/datasets/grassknoted/asl-alphabet/asl_alphabet_train/asl_alphabet_train/U/U1091.jpg
U,/kaggle/input/datasets/grassknoted/asl-alphabet/asl_alphabet_train/asl_alphabet_train/U/U1123.jpg
U,/kaggle/input/datasets/grassknoted/asl-alphabet/asl_alphabet_train/asl_alphabet_train/U/U1185.jpg
U,/kaggle/input/datasets/grassknoted/asl-alphabet/asl_alphabet_train/asl_alphabet_train/U/U1229.jpg
U,/kaggle/input/datasets/grassknoted/asl-alphabet/asl_alphabet_train/asl_alphabet_train/U/U126.jpg
U,/kaggle/input/datasets/grassknoted/asl-alphabet/asl_alphabet_train/asl_alphabet_train/U/U1268.jpg
U,/kaggle/input/datasets/grassknoted/asl-alphabet/asl_alphabet_train/asl_alphabet_train/U/U1289.jpg
U,/kaggle/input/datasets/grassknoted/asl-alphabet/asl_alphabet_train/asl_alphabet_train/U/U1303.jpg
U,/kaggle/input/datasets/grassknoted/asl-alphabet/asl_alphabet_train/asl_alphabet_train/U/U135.jpg
U,/kaggle/input/datasets/grassknoted/asl-alphabet/asl_alphabet_train/asl_alphabet_train/U/U1366.jpg
U,/kaggle/input/datasets/grassknoted/asl-alphabet/asl_alphabet_train/asl_alphabet_train/U/U1369.jpg
U,/kaggle/input/datasets/grassknoted/asl-alphabet/asl_alphabet_train/asl_alphabet_train/U/U1372.jpg
U,/kaggle/input/datasets/grassknoted/asl-alphabet/asl_alphabet_train/asl_alphabet_train/U/U1388.jpg
U,/kaggle/input/datasets/grassknoted/asl-alphabet/asl_alphabet_train/asl_alphabet_train/U/U1401.jpg
U,/kaggle/input/datasets/grassknoted/asl-alphabet/asl_alphabet_train/asl_alphabet_train/U/U1493.jpg
U,/kaggle/input/datasets/grassknoted/asl-alphabet/asl_alphabet_train/asl_alphabet_train/U/U1499.jpg
U,/kaggle/input/datasets/grassknoted/asl-alphabet/asl_alphabet_train/asl_alphabet_train/U/U1549.jpg
U,/kaggle/input/datasets/grassknoted/asl-alphabet/asl_alphabet_train/asl_alphabet_train/U/U1555.jpg
U,/kaggle/input/datasets/grassknoted/asl-alphabet/asl_alphabet_train/asl_alphabet_train/U/U1660.jpg
U,/kaggle/input/datasets/grassknoted/asl-alphabet/asl_alphabet_train/asl_alphabet_train/U/U1661.jpg
U,/kaggle/input/datasets/grassknoted/asl-alphabet/asl_alphabet_train/asl_alphabet_train/U/U1666.jpg
U,/kaggle/input/datasets/grassknoted/asl-alphabet/asl_alphabet_train/asl_alphabet_train/U/U1712.jpg
U,/kaggle/input/datasets/grassknoted/asl-alphabet/asl_alphabet_train/asl_alphabet_train/U/U1714.jpg
U,/kaggle/input/datasets/grassknoted/asl-alphabet/asl_alphabet_train/asl_alphabet_train/U/U1742.jpg
U,/kaggle/input/datasets/grassknoted/asl-alphabet/asl_alphabet_train/asl_alphabet_train/U/U1746.jpg
U,/kaggle/input/datasets/grassknoted/asl-alphabet/asl_alphabet_train/asl_alphabet_train/U/U1758.jpg
U,/kaggle/input/datasets/grassknoted/asl-alphabet/asl_alphabet_train/asl_alphabet_train/U/U181.jpg
U,/kaggle/input/datasets/grassknoted/asl-alphabet/asl_alphabet_train/asl_alphabet_train/U/U1813.jpg
U,/kaggle/input/datasets/grassknoted/asl-alphabet/asl_alphabet_train/asl_alphabet_train/U/U1833.jpg
U,/kaggle/input/datasets/grassknoted/asl-alphabet/asl_alphabet_train/asl_alphabet_train/U/U1864.jpg
U,/kaggle/input/datasets/grassknoted/asl-alphabet/asl_alphabet_train/asl_alphabet_train/U/U1874.jpg
U,/kaggle/input/datasets/grassknoted/asl-alphabet/asl_alphabet_train/asl_alphabet_train/U/U1875.jpg
U,/kaggle/input/datasets/grassknoted/asl-alphabet/asl_alphabet_train/asl_alphabet_train/U/U1878.jpg
U,/kaggle/input/datasets/grassknoted/asl-alphabet/asl_alphabet_train/asl_alphabet_train/U/U1888.jpg
U,/kaggle/input/datasets/grassknoted/asl-alphabet/asl_alphabet_train/asl_alphabet_train/U/U1897.jpg
U,/kaggle/input/datasets/grassknoted/asl-alphabet/asl_alphabet_train/asl_alphabet_train/U/U1925.jpg
U,/kaggle/input/datasets/grassknoted/asl-alphabet/asl_alphabet_train/asl_alphabet_train/U/U193.jpg
U,/kaggle/input/datasets/grassknoted/asl-alphabet/asl_alphabet_train/asl_alphabet_train/U/U1995.jpg
U,/kaggle/input/datasets/grassknoted/asl-alphabet/asl_alphabet_train/asl_alphabet_train/U/U201.jpg
U,/kaggle/input/datasets/grassknoted/asl-alphabet/asl_alphabet_train/asl_alphabet_train/U/U2052.jpg
U,/kaggle/input/datasets/grassknoted/asl-alphabet/asl_alphabet_train/asl_alphabet_train/U/U2085.jpg
U,/kaggle/input/datasets/grassknoted/asl-alphabet/asl_alphabet_train/asl_alphabet_train/U/U2099.jpg
U,/kaggle/input/datasets/grassknoted/asl-alphabet/asl_alphabet_train/asl_alphabet_train/U/U2100.jpg
U,/kaggle/input/datasets/grassknoted/asl-alphabet/asl_alphabet_train/asl_alphabet_train/U/U2130.jpg
U,/kaggle/input/datasets/grassknoted/asl-alphabet/asl_alphabet_train/asl_alphabet_train/U/U2169.jpg
U,/kaggle/input/datasets/grassknoted/asl-alphabet/asl_alphabet_train/asl_alphabet_train/U/U2173.jpg
U,/kaggle/input/datasets/grassknoted/asl-alphabet/asl_alphabet_train/asl_alphabet_train/U/U2176.jpg
U,/kaggle/input/datasets/grassknoted/asl-alphabet/asl_alphabet_train/asl_alphabet_train/U/U2203.jpg
U,/kaggle/input/datasets/grassknoted/asl-alphabet/asl_alphabet_train/asl_alphabet_train/U/U2205.jpg
U,/kaggle/input/datasets/grassknoted/asl-alphabet/asl_alphabet_train/asl_alphabet_train/U/U2218.jpg
U,/kaggle/input/datasets/grassknoted/asl-alphabet/asl_alphabet_train/asl_alphabet_train/U/U2243.jpg
U,/kaggle/input/datasets/grassknoted/asl-alphabet/asl_alphabet_train/asl_alphabet_train/U/U2290.jpg
U,/kaggle/input/datasets/grassknoted/asl-alphabet/asl_alphabet_train/asl_alphabet_train/U/U234.jpg
U,/kaggle/input/datasets/grassknoted/asl-alphabet/asl_alphabet_train/asl_alphabet_train/U/U2365.jpg
U,/kaggle/input/datasets/grassknoted/asl-alphabet/asl_alphabet_train/asl_alphabet_train/U/U2382.jpg
U,/kaggle/input/datasets/grassknoted/asl-alphabet/asl_alphabet_train/asl_alphabet_train/U/U2385.jpg
U,/kaggle/input/datasets/grassknoted/asl-alphabet/asl_alphabet_train/asl_alphabet_train/U/U242.jpg
U,/kaggle/input/datasets/grassknoted/asl-alphabet/asl_alphabet_train/asl_alphabet_train/U/U2435.jpg
U,/kaggle/input/datasets/grassknoted/asl-alphabet/asl_alphabet_train/asl_alphabet_train/U/U2437.jpg
U,/kaggle/input/datasets/grassknoted/asl-alphabet/asl_alphabet_train/asl_alphabet_train/U/U2590.jpg
U,/kaggle/input/datasets/grassknoted/asl-alphabet/asl_alphabet_train/asl_alphabet_train/U/U2620.jpg
U,/kaggle/input/datasets/grassknoted/asl-alphabet/asl_alphabet_train/asl_alphabet_train/U/U2634.jpg
U,/kaggle/input/datasets/grassknoted/asl-alphabet/asl_alphabet_train/asl_alphabet_train/U/U2697.jpg
U,/kaggle/input/datasets/grassknoted/asl-alphabet/asl_alphabet_train/asl_alphabet_train/U/U2713.jpg
U,/kaggle/input/datasets/grassknoted/asl-alphabet/asl_alphabet_train/asl_alphabet_train/U/U2735.jpg
U,/kaggle/input/datasets/grassknoted/asl-alphabet/asl_alphabet_train/asl_alphabet_train/U/U2751.jpg
U,/kaggle/input/datasets/grassknoted/asl-alphabet/asl_alphabet_train/asl_alphabet_train/U/U2760.jpg
U,/kaggle/input/datasets/grassknoted/asl-alphabet/asl_alphabet_train/asl_alphabet_train/U/U2818.jpg
U,/kaggle/input/datasets/grassknoted/asl-alphabet/asl_alphabet_train/asl_alphabet_train/U/U2819.jpg
U,/kaggle/input/datasets/grassknoted/asl-alphabet/asl_alphabet_train/asl_alphabet_train/U/U2822.jpg
U,/kaggle/input/datasets/grassknoted/asl-alphabet/asl_alphabet_train/asl_alphabet_train/U/U283.jpg
U,/kaggle/input/datasets/grassknoted/asl-alphabet/asl_alphabet_train/asl_alphabet_train/U/U292.jpg
U,/kaggle/input/datasets/grassknoted/asl-alphabet/asl_alphabet_train/asl_alphabet_train/U/U2974.jpg
U,/kaggle/input/datasets/grassknoted/asl-alphabet/asl_alphabet_train/asl_alphabet_train/U/U2976.jpg
U,/kaggle/input/datasets/grassknoted/asl-alphabet/asl_alphabet_train/asl_alphabet_train/U/U2984.jpg
U,/kaggle/input/datasets/grassknoted/asl-alphabet/asl_alphabet_train/asl_alphabet_train/U/U324.jpg
U,/kaggle/input/datasets/grassknoted/asl-alphabet/asl_alphabet_train/asl_alphabet_train/U/U330.jpg
U,/kaggle/input/datasets/grassknoted/asl-alphabet/asl_alphabet_train/asl_alphabet_train/U/U344.jpg
U,/kaggle/input/datasets/grassknoted/asl-alphabet/asl_alphabet_train/asl_alphabet_train/U/U360.jpg
U,/kaggle/input/datasets/grassknoted/asl-alphabet/asl_alphabet_train/asl_alphabet_train/U/U406.jpg
U,/kaggle/input/datasets/grassknoted/asl-alphabet/asl_alphabet_train/asl_alphabet_train/U/U467.jpg
U,/kaggle/input/datasets/grassknoted/asl-alphabet/asl_alphabet_train/asl_alphabet_train/U/U514.jpg
U,/kaggle/input/datasets/grassknoted/asl-alphabet/asl_alphabet_train/asl_alphabet_train/U/U519.jpg
U,/kaggle/input/datasets/grassknoted/asl-alphabet/asl_alphabet_train/asl_alphabet_train/U/U540.jpg
U,/kaggle/input/datasets/grassknoted/asl-alphabet/asl_alphabet_train/asl_alphabet_train/U/U545.jpg
U,/kaggle/input/datasets/grassknoted/asl-alphabet/asl_alphabet_train/asl_alphabet_train/U/U568.jpg
U,/kaggle/input/datasets/grassknoted/asl-alphabet/asl_alphabet_train/asl_alphabet_train/U/U595.jpg
U,/kaggle/input/datasets/grassknoted/asl-alphabet/asl_alphabet_train/asl_alphabet_train/U/U634.jpg
U,/kaggle/input/datasets/grassknoted/asl-alphabet/asl_alphabet_train/asl_alphabet_train/U/U808.jpg
U,/kaggle/input/datasets/grassknoted/asl-alphabet/asl_alphabet_train/asl_alphabet_train/U/U838.jpg
U,/kaggle/input/datasets/grassknoted/asl-alphabet/asl_alphabet_train/asl_alphabet_train/U/U94.jpg
U,/kaggle/input/datasets/grassknoted/asl-alphabet/asl_alphabet_train/asl_alphabet_train/U/U941.jpg
U,/kaggle/input/datasets/grassknoted/asl-alphabet/asl_alphabet_train/asl_alphabet_train/U/U988.jpg
U,/kaggle/input/datasets/grassknoted/asl-alphabet/asl_alphabet_train/asl_alphabet_train/U/U991.jpg
V,/kaggle/input/datasets/grassknoted/asl-alphabet/asl_alphabet_train/asl_alphabet_train/V/V1035.jpg
V,/kaggle/input/datasets/grassknoted/asl-alphabet/asl_alphabet_train/asl_alphabet_train/V/V1066.jpg
V,/kaggle/input/datasets/grassknoted/asl-alphabet/asl_alphabet_train/asl_alphabet_train/V/V1086.jpg
V,/kaggle/input/datasets/grassknoted/asl-alphabet/asl_alphabet_train/asl_alphabet_train/V/V1088.jpg
V,/kaggle/input/datasets/grassknoted/asl-alphabet/asl_alphabet_train/asl_alphabet_train/V/V110.jpg
V,/kaggle/input/datasets/grassknoted/asl-alphabet/asl_alphabet_train/asl_alphabet_train/V/V1102.jpg
V,/kaggle/input/datasets/grassknoted/asl-alphabet/asl_alphabet_train/asl_alphabet_train/V/V1108.jpg
V,/kaggle/input/datasets/grassknoted/asl-alphabet/asl_alphabet_train/asl_alphabet_train/V/V1119.jpg
V,/kaggle/input/datasets/grassknoted/asl-alphabet/asl_alphabet_train/asl_alphabet_train/V/V1143.jpg
V,/kaggle/input/datasets/grassknoted/asl-alphabet/asl_alphabet_train/asl_alphabet_train/V/V1181.jpg
V,/kaggle/input/datasets/grassknoted/asl-alphabet/asl_alphabet_train/asl_alphabet_train/V/V1193.jpg
V,/kaggle/input/datasets/grassknoted/asl-alphabet/asl_alphabet_train/asl_alphabet_train/V/V1239.jpg
V,/kaggle/input/datasets/grassknoted/asl-alphabet/asl_alphabet_train/asl_alphabet_train/V/V1262.jpg
V,/kaggle/input/datasets/grassknoted/asl-alphabet/asl_alphabet_train/asl_alphabet_train/V/V1287.jpg
V,/kaggle/input/datasets/grassknoted/asl-alphabet/asl_alphabet_train/asl_alphabet_train/V/V1294.jpg
V,/kaggle/input/datasets/grassknoted/asl-alphabet/asl_alphabet_train/asl_alphabet_train/V/V1323.jpg
V,/kaggle/input/datasets/grassknoted/asl-alphabet/asl_alphabet_train/asl_alphabet_train/V/V1342.jpg
V,/kaggle/input/datasets/grassknoted/asl-alphabet/asl_alphabet_train/asl_alphabet_train/V/V1397.jpg
V,/kaggle/input/datasets/grassknoted/asl-alphabet/asl_alphabet_train/asl_alphabet_train/V/V1429.jpg
V,/kaggle/input/datasets/grassknoted/asl-alphabet/asl_alphabet_train/asl_alphabet_train/V/V1470.jpg
V,/kaggle/input/datasets/grassknoted/asl-alphabet/asl_alphabet_train/asl_alphabet_train/V/V1513.jpg
V,/kaggle/input/datasets/grassknoted/asl-alphabet/asl_alphabet_train/asl_alphabet_train/V/V1540.jpg
V,/kaggle/input/datasets/grassknoted/asl-alphabet/asl_alphabet_train/asl_alphabet_train/V/V1559.jpg
V,/kaggle/input/datasets/grassknoted/asl-alphabet/asl_alphabet_train/asl_alphabet_train/V/V1596.jpg
V,/kaggle/input/datasets/grassknoted/asl-alphabet/asl_alphabet_train/asl_alphabet_train/V/V1604.jpg
V,/kaggle/input/datasets/grassknoted/asl-alphabet/asl_alphabet_train/asl_alphabet_train/V/V1625.jpg
V,/kaggle/input/datasets/grassknoted/asl-alphabet/asl_alphabet_train/asl_alphabet_train/V/V1639.jpg
V,/kaggle/input/datasets/grassknoted/asl-alphabet/asl_alphabet_train/asl_alphabet_train/V/V1688.jpg
V,/kaggle/input/datasets/grassknoted/asl-alphabet/asl_alphabet_train/asl_alphabet_train/V/V1695.jpg
V,/kaggle/input/datasets/grassknoted/asl-alphabet/asl_alphabet_train/asl_alphabet_train/V/V1701.jpg
V,/kaggle/input/datasets/grassknoted/asl-alphabet/asl_alphabet_train/asl_alphabet_train/V/V1728.jpg
V,/kaggle/input/datasets/grassknoted/asl-alphabet/asl_alphabet_train/asl_alphabet_train/V/V1729.jpg
V,/kaggle/input/datasets/grassknoted/asl-alphabet/asl_alphabet_train/asl_alphabet_train/V/V1744.jpg
V,/kaggle/input/datasets/grassknoted/asl-alphabet/asl_alphabet_train/asl_alphabet_train/V/V1780.jpg
V,/kaggle/input/datasets/grassknoted/asl-alphabet/asl_alphabet_train/asl_alphabet_train/V/V1781.jpg
V,/kaggle/input/datasets/grassknoted/asl-alphabet/asl_alphabet_train/asl_alphabet_train/V/V1847.jpg
V,/kaggle/input/datasets/grassknoted/asl-alphabet/asl_alphabet_train/asl_alphabet_train/V/V1875.jpg
V,/kaggle/input/datasets/grassknoted/asl-alphabet/asl_alphabet_train/asl_alphabet_train/V/V1878.jpg
V,/kaggle/input/datasets/grassknoted/asl-alphabet/asl_alphabet_train/asl_alphabet_train/V/V1894.jpg
V,/kaggle/input/datasets/grassknoted/asl-alphabet/asl_alphabet_train/asl_alphabet_train/V/V1898.jpg
V,/kaggle/input/datasets/grassknoted/asl-alphabet/asl_alphabet_train/asl_alphabet_train/V/V1901.jpg
V,/kaggle/input/datasets/grassknoted/asl-alphabet/asl_alphabet_train/asl_alphabet_train/V/V1903.jpg
V,/kaggle/input/datasets/grassknoted/asl-alphabet/asl_alphabet_train/asl_alphabet_train/V/V1906.jpg
V,/kaggle/input/datasets/grassknoted/asl-alphabet/asl_alphabet_train/asl_alphabet_train/V/V1913.jpg
V,/kaggle/input/datasets/grassknoted/asl-alphabet/asl_alphabet_train/asl_alphabet_train/V/V1921.jpg
V,/kaggle/input/datasets/grassknoted/asl-alphabet/asl_alphabet_train/asl_alphabet_train/V/V1939.jpg
V,/kaggle/input/datasets/grassknoted/asl-alphabet/asl_alphabet_train/asl_alphabet_train/V/V1942.jpg
V,/kaggle/input/datasets/grassknoted/asl-alphabet/asl_alphabet_train/asl_alphabet_train/V/V1943.jpg
V,/kaggle/input/datasets/grassknoted/asl-alphabet/asl_alphabet_train/asl_alphabet_train/V/V201.jpg
V,/kaggle/input/datasets/grassknoted/asl-alphabet/asl_alphabet_train/asl_alphabet_train/V/V2029.jpg
V,/kaggle/input/datasets/grassknoted/asl-alphabet/asl_alphabet_train/asl_alphabet_train/V/V2097.jpg
V,/kaggle/input/datasets/grassknoted/asl-alphabet/asl_alphabet_train/asl_alphabet_train/V/V2116.jpg
V,/kaggle/input/datasets/grassknoted/asl-alphabet/asl_alphabet_train/asl_alphabet_train/V/V2122.jpg
V,/kaggle/input/datasets/grassknoted/asl-alphabet/asl_alphabet_train/asl_alphabet_train/V/V2190.jpg
V,/kaggle/input/datasets/grassknoted/asl-alphabet/asl_alphabet_train/asl_alphabet_train/V/V2216.jpg
V,/kaggle/input/datasets/grassknoted/asl-alphabet/asl_alphabet_train/asl_alphabet_train/V/V2290.jpg
V,/kaggle/input/datasets/grassknoted/asl-alphabet/asl_alphabet_train/asl_alphabet_train/V/V2297.jpg
V,/kaggle/input/datasets/grassknoted/asl-alphabet/asl_alphabet_train/asl_alphabet_train/V/V2356.jpg
V,/kaggle/input/datasets/grassknoted/asl-alphabet/asl_alphabet_train/asl_alphabet_train/V/V2373.jpg
V,/kaggle/input/datasets/grassknoted/asl-alphabet/asl_alphabet_train/asl_alphabet_train/V/V2392.jpg
V,/kaggle/input/datasets/grassknoted/asl-alphabet/asl_alphabet_train/asl_alphabet_train/V/V2411.jpg
V,/kaggle/input/datasets/grassknoted/asl-alphabet/asl_alphabet_train/asl_alphabet_train/V/V2430.jpg
V,/kaggle/input/datasets/grassknoted/asl-alphabet/asl_alphabet_train/asl_alphabet_train/V/V2451.jpg
V,/kaggle/input/datasets/grassknoted/asl-alphabet/asl_alphabet_train/asl_alphabet_train/V/V2480.jpg
V,/kaggle/input/datasets/grassknoted/asl-alphabet/asl_alphabet_train/asl_alphabet_train/V/V2495.jpg
V,/kaggle/input/datasets/grassknoted/asl-alphabet/asl_alphabet_train/asl_alphabet_train/V/V2599.jpg
V,/kaggle/input/datasets/grassknoted/asl-alphabet/asl_alphabet_train/asl_alphabet_train/V/V2607.jpg
V,/kaggle/input/datasets/grassknoted/asl-alphabet/asl_alphabet_train/asl_alphabet_train/V/V261.jpg
V,/kaggle/input/datasets/grassknoted/asl-alphabet/asl_alphabet_train/asl_alphabet_train/V/V2619.jpg
V,/kaggle/input/datasets/grassknoted/asl-alphabet/asl_alphabet_train/asl_alphabet_train/V/V2626.jpg
V,/kaggle/input/datasets/grassknoted/asl-alphabet/asl_alphabet_train/asl_alphabet_train/V/V2704.jpg
V,/kaggle/input/datasets/grassknoted/asl-alphabet/asl_alphabet_train/asl_alphabet_train/V/V2783.jpg
V,/kaggle/input/datasets/grassknoted/asl-alphabet/asl_alphabet_train/asl_alphabet_train/V/V2809.jpg
V,/kaggle/input/datasets/grassknoted/asl-alphabet/asl_alphabet_train/asl_alphabet_train/V/V2874.jpg
V,/kaggle/input/datasets/grassknoted/asl-alphabet/asl_alphabet_train/asl_alphabet_train/V/V2884.jpg
V,/kaggle/input/datasets/grassknoted/asl-alphabet/asl_alphabet_train/asl_alphabet_train/V/V2942.jpg
V,/kaggle/input/datasets/grassknoted/asl-alphabet/asl_alphabet_train/asl_alphabet_train/V/V2964.jpg
V,/kaggle/input/datasets/grassknoted/asl-alphabet/asl_alphabet_train/asl_alphabet_train/V/V298.jpg
V,/kaggle/input/datasets/grassknoted/asl-alphabet/asl_alphabet_train/asl_alphabet_train/V/V320.jpg
V,/kaggle/input/datasets/grassknoted/asl-alphabet/asl_alphabet_train/asl_alphabet_train/V/V330.jpg
V,/kaggle/input/datasets/grassknoted/asl-alphabet/asl_alphabet_train/asl_alphabet_train/V/V362.jpg
V,/kaggle/input/datasets/grassknoted/asl-alphabet/asl_alphabet_train/asl_alphabet_train/V/V371.jpg
V,/kaggle/input/datasets/grassknoted/asl-alphabet/asl_alphabet_train/asl_alphabet_train/V/V386.jpg
V,/kaggle/input/datasets/grassknoted/asl-alphabet/asl_alphabet_train/asl_alphabet_train/V/V423.jpg
V,/kaggle/input/datasets/grassknoted/asl-alphabet/asl_alphabet_train/asl_alphabet_train/V/V45.jpg
V,/kaggle/input/datasets/grassknoted/asl-alphabet/asl_alphabet_train/asl_alphabet_train/V/V485.jpg
V,/kaggle/input/datasets/grassknoted/asl-alphabet/asl_alphabet_train/asl_alphabet_train/V/V498.jpg
V,/kaggle/input/datasets/grassknoted/asl-alphabet/asl_alphabet_train/asl_alphabet_train/V/V527.jpg
V,/kaggle/input/datasets/grassknoted/asl-alphabet/asl_alphabet_train/asl_alphabet_train/V/V657.jpg
V,/kaggle/input/datasets/grassknoted/asl-alphabet/asl_alphabet_train/asl_alphabet_train/V/V688.jpg
V,/kaggle/input/datasets/grassknoted/asl-alphabet/asl_alphabet_train/asl_alphabet_train/V/V737.jpg
V,/kaggle/input/datasets/grassknoted/asl-alphabet/asl_alphabet_train/asl_alphabet_train/V/V764.jpg
V,/kaggle/input/datasets/grassknoted/asl-alphabet/asl_alphabet_train/asl_alphabet_train/V/V769.jpg
V,/kaggle/input/datasets/grassknoted/asl-alphabet/asl_alphabet_train/asl_alphabet_train/V/V797.jpg
V,/kaggle/input/datasets/grassknoted/asl-alphabet/asl_alphabet_train/asl_alphabet_train/V/V801.jpg
V,/kaggle/input/datasets/grassknoted/asl-alphabet/asl_alphabet_train/asl_alphabet_train/V/V813.jpg
V,/kaggle/input/datasets/grassknoted/asl-alphabet/asl_alphabet_train/asl_alphabet_train/V/V922.jpg
V,/kaggle/input/datasets/grassknoted/asl-alphabet/asl_alphabet_train/asl_alphabet_train/V/V962.jpg
V,/kaggle/input/datasets/grassknoted/asl-alphabet/asl_alphabet_train/asl_alphabet_train/V/V975.jpg
V,/kaggle/input/datasets/grassknoted/asl-alphabet/asl_alphabet_train/asl_alphabet_train/V/V993.jpg
W,/kaggle/input/datasets/grassknoted/asl-alphabet/asl_alphabet_train/asl_alphabet_train/W/W103.jpg
W,/kaggle/input/datasets/grassknoted/asl-alphabet/asl_alphabet_train/asl_alphabet_train/W/W1101.jpg
W,/kaggle/input/datasets/grassknoted/asl-alphabet/asl_alphabet_train/asl_alphabet_train/W/W1152.jpg
W,/kaggle/input/datasets/grassknoted/asl-alphabet/asl_alphabet_train/asl_alphabet_train/W/W1175.jpg
W,/kaggle/input/datasets/grassknoted/asl-alphabet/asl_alphabet_train/asl_alphabet_train/W/W1178.jpg
W,/kaggle/input/datasets/grassknoted/asl-alphabet/asl_alphabet_train/asl_alphabet_train/W/W1181.jpg
W,/kaggle/input/datasets/grassknoted/asl-alphabet/asl_alphabet_train/asl_alphabet_train/W/W1231.jpg
W,/kaggle/input/datasets/grassknoted/asl-alphabet/asl_alphabet_train/asl_alphabet_train/W/W1250.jpg
W,/kaggle/input/datasets/grassknoted/asl-alphabet/asl_alphabet_train/asl_alphabet_train/W/W1273.jpg
W,/kaggle/input/datasets/grassknoted/asl-alphabet/asl_alphabet_train/asl_alphabet_train/W/W1274.jpg
W,/kaggle/input/datasets/grassknoted/asl-alphabet/asl_alphabet_train/asl_alphabet_train/W/W13.jpg
W,/kaggle/input/datasets/grassknoted/asl-alphabet/asl_alphabet_train/asl_alphabet_train/W/W1301.jpg
W,/kaggle/input/datasets/grassknoted/asl-alphabet/asl_alphabet_train/asl_alphabet_train/W/W1310.jpg
W,/kaggle/input/datasets/grassknoted/asl-alphabet/asl_alphabet_train/asl_alphabet_train/W/W1316.jpg
W,/kaggle/input/datasets/grassknoted/asl-alphabet/asl_alphabet_train/asl_alphabet_train/W/W1366.jpg
W,/kaggle/input/datasets/grassknoted/asl-alphabet/asl_alphabet_train/asl_alphabet_train/W/W1411.jpg
W,/kaggle/input/datasets/grassknoted/asl-alphabet/asl_alphabet_train/asl_alphabet_train/W/W1431.jpg
W,/kaggle/input/datasets/grassknoted/asl-alphabet/asl_alphabet_train/asl_alphabet_train/W/W1472.jpg
W,/kaggle/input/datasets/grassknoted/asl-alphabet/asl_alphabet_train/asl_alphabet_train/W/W1489.jpg
W,/kaggle/input/datasets/grassknoted/asl-alphabet/asl_alphabet_train/asl_alphabet_train/W/W1506.jpg
W,/kaggle/input/datasets/grassknoted/asl-alphabet/asl_alphabet_train/asl_alphabet_train/W/W1677.jpg
W,/kaggle/input/datasets/grassknoted/asl-alphabet/asl_alphabet_train/asl_alphabet_train/W/W1678.jpg
W,/kaggle/input/datasets/grassknoted/asl-alphabet/asl_alphabet_train/asl_alphabet_train/W/W1680.jpg
W,/kaggle/input/datasets/grassknoted/asl-alphabet/asl_alphabet_train/asl_alphabet_train/W/W1681.jpg
W,/kaggle/input/datasets/grassknoted/asl-alphabet/asl_alphabet_train/asl_alphabet_train/W/W1686.jpg
W,/kaggle/input/datasets/grassknoted/asl-alphabet/asl_alphabet_train/asl_alphabet_train/W/W1687.jpg
W,/kaggle/input/datasets/grassknoted/asl-alphabet/asl_alphabet_train/asl_alphabet_train/W/W1773.jpg
W,/kaggle/input/datasets/grassknoted/asl-alphabet/asl_alphabet_train/asl_alphabet_train/W/W1820.jpg
W,/kaggle/input/datasets/grassknoted/asl-alphabet/asl_alphabet_train/asl_alphabet_train/W/W1832.jpg
W,/kaggle/input/datasets/grassknoted/asl-alphabet/asl_alphabet_train/asl_alphabet_train/W/W1838.jpg
W,/kaggle/input/datasets/grassknoted/asl-alphabet/asl_alphabet_train/asl_alphabet_train/W/W1851.jpg
W,/kaggle/input/datasets/grassknoted/asl-alphabet/asl_alphabet_train/asl_alphabet_train/W/W1862.jpg
W,/kaggle/input/datasets/grassknoted/asl-alphabet/asl_alphabet_train/asl_alphabet_train/W/W1869.jpg
W,/kaggle/input/datasets/grassknoted/asl-alphabet/asl_alphabet_train/asl_alphabet_train/W/W188.jpg
W,/kaggle/input/datasets/grassknoted/asl-alphabet/asl_alphabet_train/asl_alphabet_train/W/W1881.jpg
W,/kaggle/input/datasets/grassknoted/asl-alphabet/asl_alphabet_train/asl_alphabet_train/W/W1909.jpg
W,/kaggle/input/datasets/grassknoted/asl-alphabet/asl_alphabet_train/asl_alphabet_train/W/W1916.jpg
W,/kaggle/input/datasets/grassknoted/asl-alphabet/asl_alphabet_train/asl_alphabet_train/W/W1922.jpg
W,/kaggle/input/datasets/grassknoted/asl-alphabet/asl_alphabet_train/asl_alphabet_train/W/W1946.jpg
W,/kaggle/input/datasets/grassknoted/asl-alphabet/asl_alphabet_train/asl_alphabet_train/W/W1994.jpg
W,/kaggle/input/datasets/grassknoted/asl-alphabet/asl_alphabet_train/asl_alphabet_train/W/W1996.jpg
W,/kaggle/input/datasets/grassknoted/asl-alphabet/asl_alphabet_train/asl_alphabet_train/W/W2000.jpg
W,/kaggle/input/datasets/grassknoted/asl-alphabet/asl_alphabet_train/asl_alphabet_train/W/W2050.jpg
W,/kaggle/input/datasets/grassknoted/asl-alphabet/asl_alphabet_train/asl_alphabet_train/W/W2081.jpg
W,/kaggle/input/datasets/grassknoted/asl-alphabet/asl_alphabet_train/asl_alphabet_train/W/W211.jpg
W,/kaggle/input/datasets/grassknoted/asl-alphabet/asl_alphabet_train/asl_alphabet_train/W/W2169.jpg
W,/kaggle/input/datasets/grassknoted/asl-alphabet/asl_alphabet_train/asl_alphabet_train/W/W2197.jpg
W,/kaggle/input/datasets/grassknoted/asl-alphabet/asl_alphabet_train/asl_alphabet_train/W/W2205.jpg
W,/kaggle/input/datasets/grassknoted/asl-alphabet/asl_alphabet_train/asl_alphabet_train/W/W2244.jpg
W,/kaggle/input/datasets/grassknoted/asl-alphabet/asl_alphabet_train/asl_alphabet_train/W/W2277.jpg
W,/kaggle/input/datasets/grassknoted/asl-alphabet/asl_alphabet_train/asl_alphabet_train/W/W228.jpg
W,/kaggle/input/datasets/grassknoted/asl-alphabet/asl_alphabet_train/asl_alphabet_train/W/W2297.jpg
W,/kaggle/input/datasets/grassknoted/asl-alphabet/asl_alphabet_train/asl_alphabet_train/W/W2314.jpg
W,/kaggle/input/datasets/grassknoted/asl-alphabet/asl_alphabet_train/asl_alphabet_train/W/W2334.jpg
W,/kaggle/input/datasets/grassknoted/asl-alphabet/asl_alphabet_train/asl_alphabet_train/W/W2343.jpg
W,/kaggle/input/datasets/grassknoted/asl-alphabet/asl_alphabet_train/asl_alphabet_train/W/W2472.jpg
W,/kaggle/input/datasets/grassknoted/asl-alphabet/asl_alphabet_train/asl_alphabet_train/W/W2473.jpg
W,/kaggle/input/datasets/grassknoted/asl-alphabet/asl_alphabet_train/asl_alphabet_train/W/W2550.jpg
W,/kaggle/input/datasets/grassknoted/asl-alphabet/asl_alphabet_train/asl_alphabet_train/W/W2554.jpg
W,/kaggle/input/datasets/grassknoted/asl-alphabet/asl_alphabet_train/asl_alphabet_train/W/W2565.jpg
W,/kaggle/input/datasets/grassknoted/asl-alphabet/asl_alphabet_train/asl_alphabet_train/W/W258.jpg
W,/kaggle/input/datasets/grassknoted/asl-alphabet/asl_alphabet_train/asl_alphabet_train/W/W2583.jpg
W,/kaggle/input/datasets/grassknoted/asl-alphabet/asl_alphabet_train/asl_alphabet_train/W/W264.jpg
W,/kaggle/input/datasets/grassknoted/asl-alphabet/asl_alphabet_train/asl_alphabet_train/W/W2742.jpg
W,/kaggle/input/datasets/grassknoted/asl-alphabet/asl_alphabet_train/asl_alphabet_train/W/W2753.jpg
W,/kaggle/input/datasets/grassknoted/asl-alphabet/asl_alphabet_train/asl_alphabet_train/W/W2760.jpg
W,/kaggle/input/datasets/grassknoted/asl-alphabet/asl_alphabet_train/asl_alphabet_train/W/W2820.jpg
W,/kaggle/input/datasets/grassknoted/asl-alphabet/asl_alphabet_train/asl_alphabet_train/W/W2886.jpg
W,/kaggle/input/datasets/grassknoted/asl-alphabet/asl_alphabet_train/asl_alphabet_train/W/W2888.jpg
W,/kaggle/input/datasets/grassknoted/asl-alphabet/asl_alphabet_train/asl_alphabet_train/W/W2897.jpg
W,/kaggle/input/datasets/grassknoted/asl-alphabet/asl_alphabet_train/asl_alphabet_train/W/W291.jpg
W,/kaggle/input/datasets/grassknoted/asl-alphabet/asl_alphabet_train/asl_alphabet_train/W/W2968.jpg
W,/kaggle/input/datasets/grassknoted/asl-alphabet/asl_alphabet_train/asl_alphabet_train/W/W313.jpg
W,/kaggle/input/datasets/grassknoted/asl-alphabet/asl_alphabet_train/asl_alphabet_train/W/W322.jpg
W,/kaggle/input/datasets/grassknoted/asl-alphabet/asl_alphabet_train/asl_alphabet_train/W/W345.jpg
W,/kaggle/input/datasets/grassknoted/asl-alphabet/asl_alphabet_train/asl_alphabet_train/W/W438.jpg
W,/kaggle/input/datasets/grassknoted/asl-alphabet/asl_alphabet_train/asl_alphabet_train/W/W448.jpg
W,/kaggle/input/datasets/grassknoted/asl-alphabet/asl_alphabet_train/asl_alphabet_train/W/W593.jpg
W,/kaggle/input/datasets/grassknoted/asl-alphabet/asl_alphabet_train/asl_alphabet_train/W/W597.jpg
W,/kaggle/input/datasets/grassknoted/asl-alphabet/asl_alphabet_train/asl_alphabet_train/W/W613.jpg
W,/kaggle/input/datasets/grassknoted/asl-alphabet/asl_alphabet_train/asl_alphabet_train/W/W656.jpg
W,/kaggle/input/datasets/grassknoted/asl-alphabet/asl_alphabet_train/asl_alphabet_train/W/W66.jpg
W,/kaggle/input/datasets/grassknoted/asl-alphabet/asl_alphabet_train/asl_alphabet_train/W/W688.jpg
W,/kaggle/input/datasets/grassknoted/asl-alphabet/asl_alphabet_train/asl_alphabet_train/W/W691.jpg
W,/kaggle/input/datasets/grassknoted/asl-alphabet/asl_alphabet_train/asl_alphabet_train/W/W700.jpg
W,/kaggle/input/datasets/grassknoted/asl-alphabet/asl_alphabet_train/asl_alphabet_train/W/W726.jpg
W,/kaggle/input/datasets/grassknoted/asl-alphabet/asl_alphabet_train/asl_alphabet_train/W/W746.jpg
W,/kaggle/input/datasets/grassknoted/asl-alphabet/asl_alphabet_train/asl_alphabet_train/W/W749.jpg
W,/kaggle/input/datasets/grassknoted/asl-alphabet/asl_alphabet_train/asl_alphabet_train/W/W755.jpg
W,/kaggle/input/datasets/grassknoted/asl-alphabet/asl_alphabet_train/asl_alphabet_train/W/W766.jpg
W,/kaggle/input/datasets/grassknoted/asl-alphabet/asl_alphabet_train/asl_alphabet_train/W/W773.jpg
W,/kaggle/input/datasets/grassknoted/asl-alphabet/asl_alphabet_train/asl_alphabet_train/W/W822.jpg
W,/kaggle/input/datasets/grassknoted/asl-alphabet/asl_alphabet_train/asl_alphabet_train/W/W832.jpg
W,/kaggle/input/datasets/grassknoted/asl-alphabet/asl_alphabet_train/asl_alphabet_train/W/W855.jpg
W,/kaggle/input/datasets/grassknoted/asl-alphabet/asl_alphabet_train/asl_alphabet_train/W/W934.jpg
W,/kaggle/input/datasets/grassknoted/asl-alphabet/asl_alphabet_train/asl_alphabet_train/W/W945.jpg
W,/kaggle/input/datasets/grassknoted/asl-alphabet/asl_alphabet_train/asl_alphabet_train/W/W948.jpg
W,/kaggle/input/datasets/grassknoted/asl-alphabet/asl_alphabet_train/asl_alphabet_train/W/W961.jpg
W,/kaggle/input/datasets/grassknoted/asl-alphabet/asl_alphabet_train/asl_alphabet_train/W/W968.jpg
W,/kaggle/input/datasets/grassknoted/asl-alphabet/asl_alphabet_train/asl_alphabet_train/W/W981.jpg
X,/kaggle/input/datasets/grassknoted/asl-alphabet/asl_alphabet_train/asl_alphabet_train/X/X1005.jpg
X,/kaggle/input/datasets/grassknoted/asl-alphabet/asl_alphabet_train/asl_alphabet_train/X/X1010.jpg
X,/kaggle/input/datasets/grassknoted/asl-alphabet/asl_alphabet_train/asl_alphabet_train/X/X1069.jpg
X,/kaggle/input/datasets/grassknoted/asl-alphabet/asl_alphabet_train/asl_alphabet_train/X/X1085.jpg
X,/kaggle/input/datasets/grassknoted/asl-alphabet/asl_alphabet_train/asl_alphabet_train/X/X1101.jpg
X,/kaggle/input/datasets/grassknoted/asl-alphabet/asl_alphabet_train/asl_alphabet_train/X/X1111.jpg
X,/kaggle/input/datasets/grassknoted/asl-alphabet/asl_alphabet_train/asl_alphabet_train/X/X1177.jpg
X,/kaggle/input/datasets/grassknoted/asl-alphabet/asl_alphabet_train/asl_alphabet_train/X/X119.jpg
X,/kaggle/input/datasets/grassknoted/asl-alphabet/asl_alphabet_train/asl_alphabet_train/X/X1207.jpg
X,/kaggle/input/datasets/grassknoted/asl-alphabet/asl_alphabet_train/asl_alphabet_train/X/X1212.jpg
X,/kaggle/input/datasets/grassknoted/asl-alphabet/asl_alphabet_train/asl_alphabet_train/X/X1242.jpg
X,/kaggle/input/datasets/grassknoted/asl-alphabet/asl_alphabet_train/asl_alphabet_train/X/X1257.jpg
X,/kaggle/input/datasets/grassknoted/asl-alphabet/asl_alphabet_train/asl_alphabet_train/X/X1268.jpg
X,/kaggle/input/datasets/grassknoted/asl-alphabet/asl_alphabet_train/asl_alphabet_train/X/X1326.jpg
X,/kaggle/input/datasets/grassknoted/asl-alphabet/asl_alphabet_train/asl_alphabet_train/X/X1355.jpg
X,/kaggle/input/datasets/grassknoted/asl-alphabet/asl_alphabet_train/asl_alphabet_train/X/X1371.jpg
X,/kaggle/input/datasets/grassknoted/asl-alphabet/asl_alphabet_train/asl_alphabet_train/X/X1391.jpg
X,/kaggle/input/datasets/grassknoted/asl-alphabet/asl_alphabet_train/asl_alphabet_train/X/X1415.jpg
X,/kaggle/input/datasets/grassknoted/asl-alphabet/asl_alphabet_train/asl_alphabet_train/X/X143.jpg
X,/kaggle/input/datasets/grassknoted/asl-alphabet/asl_alphabet_train/asl_alphabet_train/X/X1463.jpg
X,/kaggle/input/datasets/grassknoted/asl-alphabet/asl_alphabet_train/asl_alphabet_train/X/X1479.jpg
X,/kaggle/input/datasets/grassknoted/asl-alphabet/asl_alphabet_train/asl_alphabet_train/X/X1505.jpg
X,/kaggle/input/datasets/grassknoted/asl-alphabet/asl_alphabet_train/asl_alphabet_train/X/X152.jpg
X,/kaggle/input/datasets/grassknoted/asl-alphabet/asl_alphabet_train/asl_alphabet_train/X/X153.jpg
X,/kaggle/input/datasets/grassknoted/asl-alphabet/asl_alphabet_train/asl_alphabet_train/X/X1554.jpg
X,/kaggle/input/datasets/grassknoted/asl-alphabet/asl_alphabet_train/asl_alphabet_train/X/X1559.jpg
X,/kaggle/input/datasets/grassknoted/asl-alphabet/asl_alphabet_train/asl_alphabet_train/X/X1560.jpg
X,/kaggle/input/datasets/grassknoted/asl-alphabet/asl_alphabet_train/asl_alphabet_train/X/X1566.jpg
X,/kaggle/input/datasets/grassknoted/asl-alphabet/asl_alphabet_train/asl_alphabet_train/X/X1631.jpg
X,/kaggle/input/datasets/grassknoted/asl-alphabet/asl_alphabet_train/asl_alphabet_train/X/X1701.jpg
X,/kaggle/input/datasets/grassknoted/asl-alphabet/asl_alphabet_train/asl_alphabet_train/X/X1717.jpg
X,/kaggle/input/datasets/grassknoted/asl-alphabet/asl_alphabet_train/asl_alphabet_train/X/X173.jpg
X,/kaggle/input/datasets/grassknoted/asl-alphabet/asl_alphabet_train/asl_alphabet_train/X/X1762.jpg
X,/kaggle/input/datasets/grassknoted/asl-alphabet/asl_alphabet_train/asl_alphabet_train/X/X1763.jpg
X,/kaggle/input/datasets/grassknoted/asl-alphabet/asl_alphabet_train/asl_alphabet_train/X/X1773.jpg
X,/kaggle/input/datasets/grassknoted/asl-alphabet/asl_alphabet_train/asl_alphabet_train/X/X1782.jpg
X,/kaggle/input/datasets/grassknoted/asl-alphabet/asl_alphabet_train/asl_alphabet_train/X/X1783.jpg
X,/kaggle/input/datasets/grassknoted/asl-alphabet/asl_alphabet_train/asl_alphabet_train/X/X1804.jpg
X,/kaggle/input/datasets/grassknoted/asl-alphabet/asl_alphabet_train/asl_alphabet_train/X/X1823.jpg
X,/kaggle/input/datasets/grassknoted/asl-alphabet/asl_alphabet_train/asl_alphabet_train/X/X1825.jpg
X,/kaggle/input/datasets/grassknoted/asl-alphabet/asl_alphabet_train/asl_alphabet_train/X/X1839.jpg
X,/kaggle/input/datasets/grassknoted/asl-alphabet/asl_alphabet_train/asl_alphabet_train/X/X1856.jpg
X,/kaggle/input/datasets/grassknoted/asl-alphabet/asl_alphabet_train/asl_alphabet_train/X/X1887.jpg
X,/kaggle/input/datasets/grassknoted/asl-alphabet/asl_alphabet_train/asl_alphabet_train/X/X1934.jpg
X,/kaggle/input/datasets/grassknoted/asl-alphabet/asl_alphabet_train/asl_alphabet_train/X/X1997.jpg
X,/kaggle/input/datasets/grassknoted/asl-alphabet/asl_alphabet_train/asl_alphabet_train/X/X2010.jpg
X,/kaggle/input/datasets/grassknoted/asl-alphabet/asl_alphabet_train/asl_alphabet_train/X/X2019.jpg
X,/kaggle/input/datasets/grassknoted/asl-alphabet/asl_alphabet_train/asl_alphabet_train/X/X2039.jpg
X,/kaggle/input/datasets/grassknoted/asl-alphabet/asl_alphabet_train/asl_alphabet_train/X/X2061.jpg
X,/kaggle/input/datasets/grassknoted/asl-alphabet/asl_alphabet_train/asl_alphabet_train/X/X2076.jpg
X,/kaggle/input/datasets/grassknoted/asl-alphabet/asl_alphabet_train/asl_alphabet_train/X/X2126.jpg
X,/kaggle/input/datasets/grassknoted/asl-alphabet/asl_alphabet_train/asl_alphabet_train/X/X2139.jpg
X,/kaggle/input/datasets/grassknoted/asl-alphabet/asl_alphabet_train/asl_alphabet_train/X/X215.jpg
X,/kaggle/input/datasets/grassknoted/asl-alphabet/asl_alphabet_train/asl_alphabet_train/X/X2152.jpg
X,/kaggle/input/datasets/grassknoted/asl-alphabet/asl_alphabet_train/asl_alphabet_train/X/X2241.jpg
X,/kaggle/input/datasets/grassknoted/asl-alphabet/asl_alphabet_train/asl_alphabet_train/X/X2280.jpg
X,/kaggle/input/datasets/grassknoted/asl-alphabet/asl_alphabet_train/asl_alphabet_train/X/X2320.jpg
X,/kaggle/input/datasets/grassknoted/asl-alphabet/asl_alphabet_train/asl_alphabet_train/X/X2335.jpg
X,/kaggle/input/datasets/grassknoted/asl-alphabet/asl_alphabet_train/asl_alphabet_train/X/X2378.jpg
X,/kaggle/input/datasets/grassknoted/asl-alphabet/asl_alphabet_train/asl_alphabet_train/X/X248.jpg
X,/kaggle/input/datasets/grassknoted/asl-alphabet/asl_alphabet_train/asl_alphabet_train/X/X2499.jpg
X,/kaggle/input/datasets/grassknoted/asl-alphabet/asl_alphabet_train/asl_alphabet_train/X/X2534.jpg
X,/kaggle/input/datasets/grassknoted/asl-alphabet/asl_alphabet_train/asl_alphabet_train/X/X2538.jpg
X,/kaggle/input/datasets/grassknoted/asl-alphabet/asl_alphabet_train/asl_alphabet_train/X/X2558.jpg
X,/kaggle/input/datasets/grassknoted/asl-alphabet/asl_alphabet_train/asl_alphabet_train/X/X2582.jpg
X,/kaggle/input/datasets/grassknoted/asl-alphabet/asl_alphabet_train/asl_alphabet_train/X/X2589.jpg
X,/kaggle/input/datasets/grassknoted/asl-alphabet/asl_alphabet_train/asl_alphabet_train/X/X2598.jpg
X,/kaggle/input/datasets/grassknoted/asl-alphabet/asl_alphabet_train/asl_alphabet_train/X/X2618.jpg
X,/kaggle/input/datasets/grassknoted/asl-alphabet/asl_alphabet_train/asl_alphabet_train/X/X2635.jpg
X,/kaggle/input/datasets/grassknoted/asl-alphabet/asl_alphabet_train/asl_alphabet_train/X/X264.jpg
X,/kaggle/input/datasets/grassknoted/asl-alphabet/asl_alphabet_train/asl_alphabet_train/X/X2675.jpg
X,/kaggle/input/datasets/grassknoted/asl-alphabet/asl_alphabet_train/asl_alphabet_train/X/X2819.jpg
X,/kaggle/input/datasets/grassknoted/asl-alphabet/asl_alphabet_train/asl_alphabet_train/X/X2851.jpg
X,/kaggle/input/datasets/grassknoted/asl-alphabet/asl_alphabet_train/asl_alphabet_train/X/X2858.jpg
X,/kaggle/input/datasets/grassknoted/asl-alphabet/asl_alphabet_train/asl_alphabet_train/X/X2910.jpg
X,/kaggle/input/datasets/grassknoted/asl-alphabet/asl_alphabet_train/asl_alphabet_train/X/X2918.jpg
X,/kaggle/input/datasets/grassknoted/asl-alphabet/asl_alphabet_train/asl_alphabet_train/X/X2981.jpg
X,/kaggle/input/datasets/grassknoted/asl-alphabet/asl_alphabet_train/asl_alphabet_train/X/X2992.jpg
X,/kaggle/input/datasets/grassknoted/asl-alphabet/asl_alphabet_train/asl_alphabet_train/X/X2993.jpg
X,/kaggle/input/datasets/grassknoted/asl-alphabet/asl_alphabet_train/asl_alphabet_train/X/X322.jpg
X,/kaggle/input/datasets/grassknoted/asl-alphabet/asl_alphabet_train/asl_alphabet_train/X/X332.jpg
X,/kaggle/input/datasets/grassknoted/asl-alphabet/asl_alphabet_train/asl_alphabet_train/X/X377.jpg
X,/kaggle/input/datasets/grassknoted/asl-alphabet/asl_alphabet_train/asl_alphabet_train/X/X490.jpg
X,/kaggle/input/datasets/grassknoted/asl-alphabet/asl_alphabet_train/asl_alphabet_train/X/X495.jpg
X,/kaggle/input/datasets/grassknoted/asl-alphabet/asl_alphabet_train/asl_alphabet_train/X/X522.jpg
X,/kaggle/input/datasets/grassknoted/asl-alphabet/asl_alphabet_train/asl_alphabet_train/X/X533.jpg
X,/kaggle/input/datasets/grassknoted/asl-alphabet/asl_alphabet_train/asl_alphabet_train/X/X544.jpg
X,/kaggle/input/datasets/grassknoted/asl-alphabet/asl_alphabet_train/asl_alphabet_train/X/X546.jpg
X,/kaggle/input/datasets/grassknoted/asl-alphabet/asl_alphabet_train/asl_alphabet_train/X/X60.jpg
X,/kaggle/input/datasets/grassknoted/asl-alphabet/asl_alphabet_train/asl_alphabet_train/X/X640.jpg
X,/kaggle/input/datasets/grassknoted/asl-alphabet/asl_alphabet_train/asl_alphabet_train/X/X661.jpg
X,/kaggle/input/datasets/grassknoted/asl-alphabet/asl_alphabet_train/asl_alphabet_train/X/X678.jpg
X,/kaggle/input/datasets/grassknoted/asl-alphabet/asl_alphabet_train/asl_alphabet_train/X/X75.jpg
X,/kaggle/input/datasets/grassknoted/asl-alphabet/asl_alphabet_train/asl_alphabet_train/X/X797.jpg
X,/kaggle/input/datasets/grassknoted/asl-alphabet/asl_alphabet_train/asl_alphabet_train/X/X811.jpg
X,/kaggle/input/datasets/grassknoted/asl-alphabet/asl_alphabet_train/asl_alphabet_train/X/X84.jpg
X,/kaggle/input/datasets/grassknoted/asl-alphabet/asl_alphabet_train/asl_alphabet_train/X/X842.jpg
X,/kaggle/input/datasets/grassknoted/asl-alphabet/asl_alphabet_train/asl_alphabet_train/X/X9.jpg
X,/kaggle/input/datasets/grassknoted/asl-alphabet/asl_alphabet_train/asl_alphabet_train/X/X936.jpg
X,/kaggle/input/datasets/grassknoted/asl-alphabet/asl_alphabet_train/asl_alphabet_train/X/X939.jpg
Y,/kaggle/input/datasets/grassknoted/asl-alphabet/asl_alphabet_train/asl_alphabet_train/Y/Y1026.jpg
Y,/kaggle/input/datasets/grassknoted/asl-alphabet/asl_alphabet_train/asl_alphabet_train/Y/Y1147.jpg
Y,/kaggle/input/datasets/grassknoted/asl-alphabet/asl_alphabet_train/asl_alphabet_train/Y/Y1157.jpg
Y,/kaggle/input/datasets/grassknoted/asl-alphabet/asl_alphabet_train/asl_alphabet_train/Y/Y1158.jpg
Y,/kaggle/input/datasets/grassknoted/asl-alphabet/asl_alphabet_train/asl_alphabet_train/Y/Y1178.jpg
Y,/kaggle/input/datasets/grassknoted/asl-alphabet/asl_alphabet_train/asl_alphabet_train/Y/Y1182.jpg
Y,/kaggle/input/datasets/grassknoted/asl-alphabet/asl_alphabet_train/asl_alphabet_train/Y/Y1186.jpg
Y,/kaggle/input/datasets/grassknoted/asl-alphabet/asl_alphabet_train/asl_alphabet_train/Y/Y1258.jpg
Y,/kaggle/input/datasets/grassknoted/asl-alphabet/asl_alphabet_train/asl_alphabet_train/Y/Y1260.jpg
Y,/kaggle/input/datasets/grassknoted/asl-alphabet/asl_alphabet_train/asl_alphabet_train/Y/Y1277.jpg
Y,/kaggle/input/datasets/grassknoted/asl-alphabet/asl_alphabet_train/asl_alphabet_train/Y/Y1282.jpg
Y,/kaggle/input/datasets/grassknoted/asl-alphabet/asl_alphabet_train/asl_alphabet_train/Y/Y1284.jpg
Y,/kaggle/input/datasets/grassknoted/asl-alphabet/asl_alphabet_train/asl_alphabet_train/Y/Y1324.jpg
Y,/kaggle/input/datasets/grassknoted/asl-alphabet/asl_alphabet_train/asl_alphabet_train/Y/Y1329.jpg
Y,/kaggle/input/datasets/grassknoted/asl-alphabet/asl_alphabet_train/asl_alphabet_train/Y/Y1363.jpg
Y,/kaggle/input/datasets/grassknoted/asl-alphabet/asl_alphabet_train/asl_alphabet_train/Y/Y1408.jpg
Y,/kaggle/input/datasets/grassknoted/asl-alphabet/asl_alphabet_train/asl_alphabet_train/Y/Y1497.jpg
Y,/kaggle/input/datasets/grassknoted/asl-alphabet/asl_alphabet_train/asl_alphabet_train/Y/Y1511.jpg
Y,/kaggle/input/datasets/grassknoted/asl-alphabet/asl_alphabet_train/asl_alphabet_train/Y/Y1512.jpg
Y,/kaggle/input/datasets/grassknoted/asl-alphabet/asl_alphabet_train/asl_alphabet_train/Y/Y1515.jpg
Y,/kaggle/input/datasets/grassknoted/asl-alphabet/asl_alphabet_train/asl_alphabet_train/Y/Y1521.jpg
Y,/kaggle/input/datasets/grassknoted/asl-alphabet/asl_alphabet_train/asl_alphabet_train/Y/Y1527.jpg
Y,/kaggle/input/datasets/grassknoted/asl-alphabet/asl_alphabet_train/asl_alphabet_train/Y/Y1536.jpg
Y,/kaggle/input/datasets/grassknoted/asl-alphabet/asl_alphabet_train/asl_alphabet_train/Y/Y1582.jpg
Y,/kaggle/input/datasets/grassknoted/asl-alphabet/asl_alphabet_train/asl_alphabet_train/Y/Y1629.jpg
Y,/kaggle/input/datasets/grassknoted/asl-alphabet/asl_alphabet_train/asl_alphabet_train/Y/Y1651.jpg
Y,/kaggle/input/datasets/grassknoted/asl-alphabet/asl_alphabet_train/asl_alphabet_train/Y/Y1675.jpg
Y,/kaggle/input/datasets/grassknoted/asl-alphabet/asl_alphabet_train/asl_alphabet_train/Y/Y1701.jpg
Y,/kaggle/input/datasets/grassknoted/asl-alphabet/asl_alphabet_train/asl_alphabet_train/Y/Y1786.jpg
Y,/kaggle/input/datasets/grassknoted/asl-alphabet/asl_alphabet_train/asl_alphabet_train/Y/Y1800.jpg
Y,/kaggle/input/datasets/grassknoted/asl-alphabet/asl_alphabet_train/asl_alphabet_train/Y/Y1867.jpg
Y,/kaggle/input/datasets/grassknoted/asl-alphabet/asl_alphabet_train/asl_alphabet_train/Y/Y1872.jpg
Y,/kaggle/input/datasets/grassknoted/asl-alphabet/asl_alphabet_train/asl_alphabet_train/Y/Y1875.jpg
Y,/kaggle/input/datasets/grassknoted/asl-alphabet/asl_alphabet_train/asl_alphabet_train/Y/Y1897.jpg
Y,/kaggle/input/datasets/grassknoted/asl-alphabet/asl_alphabet_train/asl_alphabet_train/Y/Y1925.jpg
Y,/kaggle/input/datasets/grassknoted/asl-alphabet/asl_alphabet_train/asl_alphabet_train/Y/Y194.jpg
Y,/kaggle/input/datasets/grassknoted/asl-alphabet/asl_alphabet_train/asl_alphabet_train/Y/Y2026.jpg
Y,/kaggle/input/datasets/grassknoted/asl-alphabet/asl_alphabet_train/asl_alphabet_train/Y/Y2027.jpg
Y,/kaggle/input/datasets/grassknoted/asl-alphabet/asl_alphabet_train/asl_alphabet_train/Y/Y2035.jpg
Y,/kaggle/input/datasets/grassknoted/asl-alphabet/asl_alphabet_train/asl_alphabet_train/Y/Y2039.jpg
Y,/kaggle/input/datasets/grassknoted/asl-alphabet/asl_alphabet_train/asl_alphabet_train/Y/Y2104.jpg
Y,/kaggle/input/datasets/grassknoted/asl-alphabet/asl_alphabet_train/asl_alphabet_train/Y/Y2232.jpg
Y,/kaggle/input/datasets/grassknoted/asl-alphabet/asl_alphabet_train/asl_alphabet_train/Y/Y2259.jpg
Y,/kaggle/input/datasets/grassknoted/asl-alphabet/asl_alphabet_train/asl_alphabet_train/Y/Y2293.jpg
Y,/kaggle/input/datasets/grassknoted/asl-alphabet/asl_alphabet_train/asl_alphabet_train/Y/Y2323.jpg
Y,/kaggle/input/datasets/grassknoted/asl-alphabet/asl_alphabet_train/asl_alphabet_train/Y/Y2391.jpg
Y,/kaggle/input/datasets/grassknoted/asl-alphabet/asl_alphabet_train/asl_alphabet_train/Y/Y2403.jpg
Y,/kaggle/input/datasets/grassknoted/asl-alphabet/asl_alphabet_train/asl_alphabet_train/Y/Y2413.jpg
Y,/kaggle/input/datasets/grassknoted/asl-alphabet/asl_alphabet_train/asl_alphabet_train/Y/Y2426.jpg
Y,/kaggle/input/datasets/grassknoted/asl-alphabet/asl_alphabet_train/asl_alphabet_train/Y/Y2428.jpg
Y,/kaggle/input/datasets/grassknoted/asl-alphabet/asl_alphabet_train/asl_alphabet_train/Y/Y246.jpg
Y,/kaggle/input/datasets/grassknoted/asl-alphabet/asl_alphabet_train/asl_alphabet_train/Y/Y2469.jpg
Y,/kaggle/input/datasets/grassknoted/asl-alphabet/asl_alphabet_train/asl_alphabet_train/Y/Y2547.jpg
Y,/kaggle/input/datasets/grassknoted/asl-alphabet/asl_alphabet_train/asl_alphabet_train/Y/Y256.jpg
Y,/kaggle/input/datasets/grassknoted/asl-alphabet/asl_alphabet_train/asl_alphabet_train/Y/Y257.jpg
Y,/kaggle/input/datasets/grassknoted/asl-alphabet/asl_alphabet_train/asl_alphabet_train/Y/Y2576.jpg
Y,/kaggle/input/datasets/grassknoted/asl-alphabet/asl_alphabet_train/asl_alphabet_train/Y/Y2584.jpg
Y,/kaggle/input/datasets/grassknoted/asl-alphabet/asl_alphabet_train/asl_alphabet_train/Y/Y2609.jpg
Y,/kaggle/input/datasets/grassknoted/asl-alphabet/asl_alphabet_train/asl_alphabet_train/Y/Y2694.jpg
Y,/kaggle/input/datasets/grassknoted/asl-alphabet/asl_alphabet_train/asl_alphabet_train/Y/Y2793.jpg
Y,/kaggle/input/datasets/grassknoted/asl-alphabet/asl_alphabet_train/asl_alphabet_train/Y/Y2806.jpg
Y,/kaggle/input/datasets/grassknoted/asl-alphabet/asl_alphabet_train/asl_alphabet_train/Y/Y2822.jpg
Y,/kaggle/input/datasets/grassknoted/asl-alphabet/asl_alphabet_train/asl_alphabet_train/Y/Y2854.jpg
Y,/kaggle/input/datasets/grassknoted/asl-alphabet/asl_alphabet_train/asl_alphabet_train/Y/Y2878.jpg
Y,/kaggle/input/datasets/grassknoted/asl-alphabet/asl_alphabet_train/asl_alphabet_train/Y/Y2930.jpg
Y,/kaggle/input/datasets/grassknoted/asl-alphabet/asl_alphabet_train/asl_alphabet_train/Y/Y2942.jpg
Y,/kaggle/input/datasets/grassknoted/asl-alphabet/asl_alphabet_train/asl_alphabet_train/Y/Y2952.jpg
Y,/kaggle/input/datasets/grassknoted/asl-alphabet/asl_alphabet_train/asl_alphabet_train/Y/Y2973.jpg
Y,/kaggle/input/datasets/grassknoted/asl-alphabet/asl_alphabet_train/asl_alphabet_train/Y/Y2978.jpg
Y,/kaggle/input/datasets/grassknoted/asl-alphabet/asl_alphabet_train/asl_alphabet_train/Y/Y2985.jpg
Y,/kaggle/input/datasets/grassknoted/asl-alphabet/asl_alphabet_train/asl_alphabet_train/Y/Y305.jpg
Y,/kaggle/input/datasets/grassknoted/asl-alphabet/asl_alphabet_train/asl_alphabet_train/Y/Y331.jpg
Y,/kaggle/input/datasets/grassknoted/asl-alphabet/asl_alphabet_train/asl_alphabet_train/Y/Y334.jpg
Y,/kaggle/input/datasets/grassknoted/asl-alphabet/asl_alphabet_train/asl_alphabet_train/Y/Y344.jpg
Y,/kaggle/input/datasets/grassknoted/asl-alphabet/asl_alphabet_train/asl_alphabet_train/Y/Y386.jpg
Y,/kaggle/input/datasets/grassknoted/asl-alphabet/asl_alphabet_train/asl_alphabet_train/Y/Y426.jpg
Y,/kaggle/input/datasets/grassknoted/asl-alphabet/asl_alphabet_train/asl_alphabet_train/Y/Y509.jpg
Y,/kaggle/input/datasets/grassknoted/asl-alphabet/asl_alphabet_train/asl_alphabet_train/Y/Y519.jpg
Y,/kaggle/input/datasets/grassknoted/asl-alphabet/asl_alphabet_train/asl_alphabet_train/Y/Y523.jpg
Y,/kaggle/input/datasets/grassknoted/asl-alphabet/asl_alphabet_train/asl_alphabet_train/Y/Y539.jpg
Y,/kaggle/input/datasets/grassknoted/asl-alphabet/asl_alphabet_train/asl_alphabet_train/Y/Y567.jpg
Y,/kaggle/input/datasets/grassknoted/asl-alphabet/asl_alphabet_train/asl_alphabet_train/Y/Y568.jpg
Y,/kaggle/input/datasets/grassknoted/asl-alphabet/asl_alphabet_train/asl_alphabet_train/Y/Y608.jpg
Y,/kaggle/input/datasets/grassknoted/asl-alphabet/asl_alphabet_train/asl_alphabet_train/Y/Y653.jpg
Y,/kaggle/input/datasets/grassknoted/asl-alphabet/asl_alphabet_train/asl_alphabet_train/Y/Y664.jpg
Y,/kaggle/input/datasets/grassknoted/asl-alphabet/asl_alphabet_train/asl_alphabet_train/Y/Y697.jpg
Y,/kaggle/input/datasets/grassknoted/asl-alphabet/asl_alphabet_train/asl_alphabet_train/Y/Y708.jpg
Y,/kaggle/input/datasets/grassknoted/asl-alphabet/asl_alphabet_train/asl_alphabet_train/Y/Y739.jpg
Y,/kaggle/input/datasets/grassknoted/asl-alphabet/asl_alphabet_train/asl_alphabet_train/Y/Y768.jpg
Y,/kaggle/input/datasets/grassknoted/asl-alphabet/asl_alphabet_train/asl_alphabet_train/Y/Y781.jpg
Y,/kaggle/input/datasets/grassknoted/asl-alphabet/asl_alphabet_train/asl_alphabet_train/Y/Y783.jpg
Y,/kaggle/input/datasets/grassknoted/asl-alphabet/asl_alphabet_train/asl_alphabet_train/Y/Y786.jpg
Y,/kaggle/input/datasets/grassknoted/asl-alphabet/asl_alphabet_train/asl_alphabet_train/Y/Y848.jpg
Y,/kaggle/input/datasets/grassknoted/asl-alphabet/asl_alphabet_train/asl_alphabet_train/Y/Y88.jpg
Y,/kaggle/input/datasets/grassknoted/asl-alphabet/asl_alphabet_train/asl_alphabet_train/Y/Y885.jpg
Y,/kaggle/input/datasets/grassknoted/asl-alphabet/asl_alphabet_train/asl_alphabet_train/Y/Y90.jpg
Y,/kaggle/input/datasets/grassknoted/asl-alphabet/asl_alphabet_train/asl_alphabet_train/Y/Y942.jpg
Y,/kaggle/input/datasets/grassknoted/asl-alphabet/asl_alphabet_train/asl_alphabet_train/Y/Y952.jpg
Y,/kaggle/input/datasets/grassknoted/asl-alphabet/asl_alphabet_train/asl_alphabet_train/Y/Y961.jpg
Y,/kaggle/input/datasets/grassknoted/asl-alphabet/asl_alphabet_train/asl_alphabet_train/Y/Y975.jpg
Z,/kaggle/input/datasets/grassknoted/asl-alphabet/asl_alphabet_train/asl_alphabet_train/Z/Z1042.jpg
Z,/kaggle/input/datasets/grassknoted/asl-alphabet/asl_alphabet_train/asl_alphabet_train/Z/Z1054.jpg
Z,/kaggle/input/datasets/grassknoted/asl-alphabet/asl_alphabet_train/asl_alphabet_train/Z/Z1088.jpg
Z,/kaggle/input/datasets/grassknoted/asl-alphabet/asl_alphabet_train/asl_alphabet_train/Z/Z1093.jpg
Z,/kaggle/input/datasets/grassknoted/asl-alphabet/asl_alphabet_train/asl_alphabet_train/Z/Z1130.jpg
Z,/kaggle/input/datasets/grassknoted/asl-alphabet/asl_alphabet_train/asl_alphabet_train/Z/Z1131.jpg
Z,/kaggle/input/datasets/grassknoted/asl-alphabet/asl_alphabet_train/asl_alphabet_train/Z/Z1139.jpg
Z,/kaggle/input/datasets/grassknoted/asl-alphabet/asl_alphabet_train/asl_alphabet_train/Z/Z1147.jpg
Z,/kaggle/input/datasets/grassknoted/asl-alphabet/asl_alphabet_train/asl_alphabet_train/Z/Z1255.jpg
Z,/kaggle/input/datasets/grassknoted/asl-alphabet/asl_alphabet_train/asl_alphabet_train/Z/Z1288.jpg
Z,/kaggle/input/datasets/grassknoted/asl-alphabet/asl_alphabet_train/asl_alphabet_train/Z/Z1315.jpg
Z,/kaggle/input/datasets/grassknoted/asl-alphabet/asl_alphabet_train/asl_alphabet_train/Z/Z1385.jpg
Z,/kaggle/input/datasets/grassknoted/asl-alphabet/asl_alphabet_train/asl_alphabet_train/Z/Z1387.jpg
Z,/kaggle/input/datasets/grassknoted/asl-alphabet/asl_alphabet_train/asl_alphabet_train/Z/Z1402.jpg
Z,/kaggle/input/datasets/grassknoted/asl-alphabet/asl_alphabet_train/asl_alphabet_train/Z/Z1434.jpg
Z,/kaggle/input/datasets/grassknoted/asl-alphabet/asl_alphabet_train/asl_alphabet_train/Z/Z147.jpg
Z,/kaggle/input/datasets/grassknoted/asl-alphabet/asl_alphabet_train/asl_alphabet_train/Z/Z1489.jpg
Z,/kaggle/input/datasets/grassknoted/asl-alphabet/asl_alphabet_train/asl_alphabet_train/Z/Z1502.jpg
Z,/kaggle/input/datasets/grassknoted/asl-alphabet/asl_alphabet_train/asl_alphabet_train/Z/Z1519.jpg
Z,/kaggle/input/datasets/grassknoted/asl-alphabet/asl_alphabet_train/asl_alphabet_train/Z/Z1555.jpg
Z,/kaggle/input/datasets/grassknoted/asl-alphabet/asl_alphabet_train/asl_alphabet_train/Z/Z1572.jpg
Z,/kaggle/input/datasets/grassknoted/asl-alphabet/asl_alphabet_train/asl_alphabet_train/Z/Z1602.jpg
Z,/kaggle/input/datasets/grassknoted/asl-alphabet/asl_alphabet_train/asl_alphabet_train/Z/Z1617.jpg
Z,/kaggle/input/datasets/grassknoted/asl-alphabet/asl_alphabet_train/asl_alphabet_train/Z/Z1674.jpg
Z,/kaggle/input/datasets/grassknoted/asl-alphabet/asl_alphabet_train/asl_alphabet_train/Z/Z1683.jpg
Z,/kaggle/input/datasets/grassknoted/asl-alphabet/asl_alphabet_train/asl_alphabet_train/Z/Z1730.jpg
Z,/kaggle/input/datasets/grassknoted/asl-alphabet/asl_alphabet_train/asl_alphabet_train/Z/Z178.jpg
Z,/kaggle/input/datasets/grassknoted/asl-alphabet/asl_alphabet_train/asl_alphabet_train/Z/Z1842.jpg
Z,/kaggle/input/datasets/grassknoted/asl-alphabet/asl_alphabet_train/asl_alphabet_train/Z/Z1937.jpg
Z,/kaggle/input/datasets/grassknoted/asl-alphabet/asl_alphabet_train/asl_alphabet_train/Z/Z1958.jpg
Z,/kaggle/input/datasets/grassknoted/asl-alphabet/asl_alphabet_train/asl_alphabet_train/Z/Z1983.jpg
Z,/kaggle/input/datasets/grassknoted/asl-alphabet/asl_alphabet_train/asl_alphabet_train/Z/Z2050.jpg
Z,/kaggle/input/datasets/grassknoted/asl-alphabet/asl_alphabet_train/asl_alphabet_train/Z/Z2062.jpg
Z,/kaggle/input/datasets/grassknoted/asl-alphabet/asl_alphabet_train/asl_alphabet_train/Z/Z2111.jpg
Z,/kaggle/input/datasets/grassknoted/asl-alphabet/asl_alphabet_train/asl_alphabet_train/Z/Z2161.jpg
Z,/kaggle/input/datasets/grassknoted/asl-alphabet/asl_alphabet_train/asl_alphabet_train/Z/Z2225.jpg
Z,/kaggle/input/datasets/grassknoted/asl-alphabet/asl_alphabet_train/asl_alphabet_train/Z/Z2310.jpg
Z,/kaggle/input/datasets/grassknoted/asl-alphabet/asl_alphabet_train/asl_alphabet_train/Z/Z237.jpg
Z,/kaggle/input/datasets/grassknoted/asl-alphabet/asl_alphabet_train/asl_alphabet_train/Z/Z2381.jpg
Z,/kaggle/input/datasets/grassknoted/asl-alphabet/asl_alphabet_train/asl_alphabet_train/Z/Z2408.jpg
Z,/kaggle/input/datasets/grassknoted/asl-alphabet/asl_alphabet_train/asl_alphabet_train/Z/Z2416.jpg
Z,/kaggle/input/datasets/grassknoted/asl-alphabet/asl_alphabet_train/asl_alphabet_train/Z/Z2445.jpg
Z,/kaggle/input/datasets/grassknoted/asl-alphabet/asl_alphabet_train/asl_alphabet_train/Z/Z245.jpg
Z,/kaggle/input/datasets/grassknoted/asl-alphabet/asl_alphabet_train/asl_alphabet_train/Z/Z2461.jpg
Z,/kaggle/input/datasets/grassknoted/asl-alphabet/asl_alphabet_train/asl_alphabet_train/Z/Z2497.jpg
Z,/kaggle/input/datasets/grassknoted/asl-alphabet/asl_alphabet_train/asl_alphabet_train/Z/Z2503.jpg
Z,/kaggle/input/datasets/grassknoted/asl-alphabet/asl_alphabet_train/asl_alphabet_train/Z/Z2579.jpg
Z,/kaggle/input/datasets/grassknoted/asl-alphabet/asl_alphabet_train/asl_alphabet_train/Z/Z2582.jpg
Z,/kaggle/input/datasets/grassknoted/asl-alphabet/asl_alphabet_train/asl_alphabet_train/Z/Z2590.jpg
Z,/kaggle/input/datasets/grassknoted/asl-alphabet/asl_alphabet_train/asl_alphabet_train/Z/Z2651.jpg
Z,/kaggle/input/datasets/grassknoted/asl-alphabet/asl_alphabet_train/asl_alphabet_train/Z/Z2656.jpg
Z,/kaggle/input/datasets/grassknoted/asl-alphabet/asl_alphabet_train/asl_alphabet_train/Z/Z2666.jpg
Z,/kaggle/input/datasets/grassknoted/asl-alphabet/asl_alphabet_train/asl_alphabet_train/Z/Z2674.jpg
Z,/kaggle/input/datasets/grassknoted/asl-alphabet/asl_alphabet_train/asl_alphabet_train/Z/Z2687.jpg
Z,/kaggle/input/datasets/grassknoted/asl-alphabet/asl_alphabet_train/asl_alphabet_train/Z/Z2695.jpg
Z,/kaggle/input/datasets/grassknoted/asl-alphabet/asl_alphabet_train/asl_alphabet_train/Z/Z2700.jpg
Z,/kaggle/input/datasets/grassknoted/asl-alphabet/asl_alphabet_train/asl_alphabet_train/Z/Z2718.jpg
Z,/kaggle/input/datasets/grassknoted/asl-alphabet/asl_alphabet_train/asl_alphabet_train/Z/Z2742.jpg
Z,/kaggle/input/datasets/grassknoted/asl-alphabet/asl_alphabet_train/asl_alphabet_train/Z/Z2785.jpg
Z,/kaggle/input/datasets/grassknoted/asl-alphabet/asl_alphabet_train/asl_alphabet_train/Z/Z28.jpg
Z,/kaggle/input/datasets/grassknoted/asl-alphabet/asl_alphabet_train/asl_alphabet_train/Z/Z281.jpg
Z,/kaggle/input/datasets/grassknoted/asl-alphabet/asl_alphabet_train/asl_alphabet_train/Z/Z2858.jpg
Z,/kaggle/input/datasets/grassknoted/asl-alphabet/asl_alphabet_train/asl_alphabet_train/Z/Z2866.jpg
Z,/kaggle/input/datasets/grassknoted/asl-alphabet/asl_alphabet_train/asl_alphabet_train/Z/Z2890.jpg
Z,/kaggle/input/datasets/grassknoted/asl-alphabet/asl_alphabet_train/asl_alphabet_train/Z/Z2962.jpg
Z,/kaggle/input/datasets/grassknoted/asl-alphabet/asl_alphabet_train/asl_alphabet_train/Z/Z335.jpg
Z,/kaggle/input/datasets/grassknoted/asl-alphabet/asl_alphabet_train/asl_alphabet_train/Z/Z361.jpg
Z,/kaggle/input/datasets/grassknoted/asl-alphabet/asl_alphabet_train/asl_alphabet_train/Z/Z367.jpg
Z,/kaggle/input/datasets/grassknoted/asl-alphabet/asl_alphabet_train/asl_alphabet_train/Z/Z394.jpg
Z,/kaggle/input/datasets/grassknoted/asl-alphabet/asl_alphabet_train/asl_alphabet_train/Z/Z407.jpg
Z,/kaggle/input/datasets/grassknoted/asl-alphabet/asl_alphabet_train/asl_alphabet_train/Z/Z454.jpg
Z,/kaggle/input/datasets/grassknoted/asl-alphabet/asl_alphabet_train/asl_alphabet_train/Z/Z459.jpg
Z,/kaggle/input/datasets/grassknoted/asl-alphabet/asl_alphabet_train/asl_alphabet_train/Z/Z487.jpg
Z,/kaggle/input/datasets/grassknoted/asl-alphabet/asl_alphabet_train/asl_alphabet_train/Z/Z524.jpg
Z,/kaggle/input/datasets/grassknoted/asl-alphabet/asl_alphabet_train/asl_alphabet_train/Z/Z531.jpg
Z,/kaggle/input/datasets/grassknoted/asl-alphabet/asl_alphabet_train/asl_alphabet_train/Z/Z613.jpg
Z,/kaggle/input/datasets/grassknoted/asl-alphabet/asl_alphabet_train/asl_alphabet_train/Z/Z616.jpg
Z,/kaggle/input/datasets/grassknoted/asl-alphabet/asl_alphabet_train/asl_alphabet_train/Z/Z633.jpg
Z,/kaggle/input/datasets/grassknoted/asl-alphabet/asl_alphabet_train/asl_alphabet_train/Z/Z656.jpg
Z,/kaggle/input/datasets/grassknoted/asl-alphabet/asl_alphabet_train/asl_alphabet_train/Z/Z711.jpg
Z,/kaggle/input/datasets/grassknoted/asl-alphabet/asl_alphabet_train/asl_alphabet_train/Z/Z719.jpg
Z,/kaggle/input/datasets/grassknoted/asl-alphabet/asl_alphabet_train/asl_alphabet_train/Z/Z72.jpg
Z,/kaggle/input/datasets/grassknoted/asl-alphabet/asl_alphabet_train/asl_alphabet_train/Z/Z737.jpg
Z,/kaggle/input/datasets/grassknoted/asl-alphabet/asl_alphabet_train/asl_alphabet_train/Z/Z740.jpg
Z,/kaggle/input/datasets/grassknoted/asl-alphabet/asl_alphabet_train/asl_alphabet_train/Z/Z742.jpg
Z,/kaggle/input/datasets/grassknoted/asl-alphabet/asl_alphabet_train/asl_alphabet_train/Z/Z748.jpg
Z,/kaggle/input/datasets/grassknoted/asl-alphabet/asl_alphabet_train/asl_alphabet_train/Z/Z750.jpg
Z,/kaggle/input/datasets/grassknoted/asl-alphabet/asl_alphabet_train/asl_alphabet_train/Z/Z779.jpg
Z,/kaggle/input/datasets/grassknoted/asl-alphabet/asl_alphabet_train/asl_alphabet_train/Z/Z786.jpg
Z,/kaggle/input/datasets/grassknoted/asl-alphabet/asl_alphabet_train/asl_alphabet_train/Z/Z805.jpg
Z,/kaggle/input/datasets/grassknoted/asl-alphabet/asl_alphabet_train/asl_alphabet_train/Z/Z808.jpg
Z,/kaggle/input/datasets/grassknoted/asl-alphabet/asl_alphabet_train/asl_alphabet_train/Z/Z831.jpg
Z,/kaggle/input/datasets/grassknoted/asl-alphabet/asl_alphabet_train/asl_alphabet_train/Z/Z841.jpg
Z,/kaggle/input/datasets/grassknoted/asl-alphabet/asl_alphabet_train/asl_alphabet_train/Z/Z879.jpg
Z,/kaggle/input/datasets/grassknoted/asl-alphabet/asl_alphabet_train/asl_alphabet_train/Z/Z881.jpg
Z,/kaggle/input/datasets/grassknoted/asl-alphabet/asl_alphabet_train/asl_alphabet_train/Z/Z902.jpg
Z,/kaggle/input/datasets/grassknoted/asl-alphabet/asl_alphabet_train/asl_alphabet_train/Z/Z937.jpg
Z,/kaggle/input/datasets/grassknoted/asl-alphabet/asl_alphabet_train/asl_alphabet_train/Z/Z949.jpg
Z,/kaggle/input/datasets/grassknoted/asl-alphabet/asl_alphabet_train/asl_alphabet_train/Z/Z952.jpg
Z,/kaggle/input/datasets/grassknoted/asl-alphabet/asl_alphabet_train/asl_alphabet_train/Z/Z983.jpg
del,/kaggle/input/datasets/grassknoted/asl-alphabet/asl_alphabet_train/asl_alphabet_train/del/del1081.jpg
del,/kaggle/input/datasets/grassknoted/asl-alphabet/asl_alphabet_train/asl_alphabet_train/del/del1135.jpg
del,/kaggle/input/datasets/grassknoted/asl-alphabet/asl_alphabet_train/asl_alphabet_train/del/del1159.jpg
del,/kaggle/input/datasets/grassknoted/asl-alphabet/asl_alphabet_train/asl_alphabet_train/del/del122.jpg
del,/kaggle/input/datasets/grassknoted/asl-alphabet/asl_alphabet_train/asl_alphabet_train/del/del1226.jpg
del,/kaggle/input/datasets/grassknoted/asl-alphabet/asl_alphabet_train/asl_alphabet_train/del/del1227.jpg
del,/kaggle/input/datasets/grassknoted/asl-alphabet/asl_alphabet_train/asl_alphabet_train/del/del1231.jpg
del,/kaggle/input/datasets/grassknoted/asl-alphabet/asl_alphabet_train/asl_alphabet_train/del/del1268.jpg
del,/kaggle/input/datasets/grassknoted/asl-alphabet/asl_alphabet_train/asl_alphabet_train/del/del1324.jpg
del,/kaggle/input/datasets/grassknoted/asl-alphabet/asl_alphabet_train/asl_alphabet_train/del/del1358.jpg
del,/kaggle/input/datasets/grassknoted/asl-alphabet/asl_alphabet_train/asl_alphabet_train/del/del138.jpg
del,/kaggle/input/datasets/grassknoted/asl-alphabet/asl_alphabet_train/asl_alphabet_train/del/del1399.jpg
del,/kaggle/input/datasets/grassknoted/asl-alphabet/asl_alphabet_train/asl_alphabet_train/del/del1431.jpg
del,/kaggle/input/datasets/grassknoted/asl-alphabet/asl_alphabet_train/asl_alphabet_train/del/del1498.jpg
del,/kaggle/input/datasets/grassknoted/asl-alphabet/asl_alphabet_train/asl_alphabet_train/del/del1521.jpg
del,/kaggle/input/datasets/grassknoted/asl-alphabet/asl_alphabet_train/asl_alphabet_train/del/del1524.jpg
del,/kaggle/input/datasets/grassknoted/asl-alphabet/asl_alphabet_train/asl_alphabet_train/del/del1532.jpg
del,/kaggle/input/datasets/grassknoted/asl-alphabet/asl_alphabet_train/asl_alphabet_train/del/del1609.jpg
del,/kaggle/input/datasets/grassknoted/asl-alphabet/asl_alphabet_train/asl_alphabet_train/del/del1614.jpg
del,/kaggle/input/datasets/grassknoted/asl-alphabet/asl_alphabet_train/asl_alphabet_train/del/del1647.jpg
del,/kaggle/input/datasets/grassknoted/asl-alphabet/asl_alphabet_train/asl_alphabet_train/del/del1650.jpg
del,/kaggle/input/datasets/grassknoted/asl-alphabet/asl_alphabet_train/asl_alphabet_train/del/del172.jpg
del,/kaggle/input/datasets/grassknoted/asl-alphabet/asl_alphabet_train/asl_alphabet_train/del/del1774.jpg
del,/kaggle/input/datasets/grassknoted/asl-alphabet/asl_alphabet_train/asl_alphabet_train/del/del1797.jpg
del,/kaggle/input/datasets/grassknoted/asl-alphabet/asl_alphabet_train/asl_alphabet_train/del/del1800.jpg
del,/kaggle/input/datasets/grassknoted/asl-alphabet/asl_alphabet_train/asl_alphabet_train/del/del1826.jpg
del,/kaggle/input/datasets/grassknoted/asl-alphabet/asl_alphabet_train/asl_alphabet_train/del/del1918.jpg
del,/kaggle/input/datasets/grassknoted/asl-alphabet/asl_alphabet_train/asl_alphabet_train/del/del1925.jpg
del,/kaggle/input/datasets/grassknoted/asl-alphabet/asl_alphabet_train/asl_alphabet_train/del/del193.jpg
del,/kaggle/input/datasets/grassknoted/asl-alphabet/asl_alphabet_train/asl_alphabet_train/del/del1936.jpg
del,/kaggle/input/datasets/grassknoted/asl-alphabet/asl_alphabet_train/asl_alphabet_train/del/del1937.jpg
del,/kaggle/input/datasets/grassknoted/asl-alphabet/asl_alphabet_train/asl_alphabet_train/del/del1972.jpg
del,/kaggle/input/datasets/grassknoted/asl-alphabet/asl_alphabet_train/asl_alphabet_train/del/del2000.jpg
del,/kaggle/input/datasets/grassknoted/asl-alphabet/asl_alphabet_train/asl_alphabet_train/del/del2050.jpg
del,/kaggle/input/datasets/grassknoted/asl-alphabet/asl_alphabet_train/asl_alphabet_train/del/del2068.jpg
del,/kaggle/input/datasets/grassknoted/asl-alphabet/asl_alphabet_train/asl_alphabet_train/del/del2082.jpg
del,/kaggle/input/datasets/grassknoted/asl-alphabet/asl_alphabet_train/asl_alphabet_train/del/del2130.jpg
del,/kaggle/input/datasets/grassknoted/asl-alphabet/asl_alphabet_train/asl_alphabet_train/del/del2148.jpg
del,/kaggle/input/datasets/grassknoted/asl-alphabet/asl_alphabet_train/asl_alphabet_train/del/del2154.jpg
del,/kaggle/input/datasets/grassknoted/asl-alphabet/asl_alphabet_train/asl_alphabet_train/del/del2177.jpg
del,/kaggle/input/datasets/grassknoted/asl-alphabet/asl_alphabet_train/asl_alphabet_train/del/del2203.jpg
del,/kaggle/input/datasets/grassknoted/asl-alphabet/asl_alphabet_train/asl_alphabet_train/del/del2220.jpg
del,/kaggle/input/datasets/grassknoted/asl-alphabet/asl_alphabet_train/asl_alphabet_train/del/del2252.jpg
del,/kaggle/input/datasets/grassknoted/asl-alphabet/asl_alphabet_train/asl_alphabet_train/del/del2294.jpg
del,/kaggle/input/datasets/grassknoted/asl-alphabet/asl_alphabet_train/asl_alphabet_train/del/del2300.jpg
del,/kaggle/input/datasets/grassknoted/asl-alphabet/asl_alphabet_train/asl_alphabet_train/del/del2307.jpg
del,/kaggle/input/datasets/grassknoted/asl-alphabet/asl_alphabet_train/asl_alphabet_train/del/del2314.jpg
del,/kaggle/input/datasets/grassknoted/asl-alphabet/asl_alphabet_train/asl_alphabet_train/del/del2334.jpg
del,/kaggle/input/datasets/grassknoted/asl-alphabet/asl_alphabet_train/asl_alphabet_train/del/del2377.jpg
del,/kaggle/input/datasets/grassknoted/asl-alphabet/asl_alphabet_train/asl_alphabet_train/del/del2400.jpg
del,/kaggle/input/datasets/grassknoted/asl-alphabet/asl_alphabet_train/asl_alphabet_train/del/del2402.jpg
del,/kaggle/input/datasets/grassknoted/asl-alphabet/asl_alphabet_train/asl_alphabet_train/del/del2462.jpg
del,/kaggle/input/datasets/grassknoted/asl-alphabet/asl_alphabet_train/asl_alphabet_train/del/del2487.jpg
del,/kaggle/input/datasets/grassknoted/asl-alphabet/asl_alphabet_train/asl_alphabet_train/del/del2495.jpg
del,/kaggle/input/datasets/grassknoted/asl-alphabet/asl_alphabet_train/asl_alphabet_train/del/del2500.jpg
del,/kaggle/input/datasets/grassknoted/asl-alphabet/asl_alphabet_train/asl_alphabet_train/del/del2528.jpg
del,/kaggle/input/datasets/grassknoted/asl-alphabet/asl_alphabet_train/asl_alphabet_train/del/del2562.jpg
del,/kaggle/input/datasets/grassknoted/asl-alphabet/asl_alphabet_train/asl_alphabet_train/del/del2582.jpg
del,/kaggle/input/datasets/grassknoted/asl-alphabet/asl_alphabet_train/asl_alphabet_train/del/del2623.jpg
del,/kaggle/input/datasets/grassknoted/asl-alphabet/asl_alphabet_train/asl_alphabet_train/del/del2667.jpg
del,/kaggle/input/datasets/grassknoted/asl-alphabet/asl_alphabet_train/asl_alphabet_train/del/del2697.jpg
del,/kaggle/input/datasets/grassknoted/asl-alphabet/asl_alphabet_train/asl_alphabet_train/del/del2709.jpg
del,/kaggle/input/datasets/grassknoted/asl-alphabet/asl_alphabet_train/asl_alphabet_train/del/del2759.jpg
del,/kaggle/input/datasets/grassknoted/asl-alphabet/asl_alphabet_train/asl_alphabet_train/del/del2763.jpg
del,/kaggle/input/datasets/grassknoted/asl-alphabet/asl_alphabet_train/asl_alphabet_train/del/del2798.jpg
del,/kaggle/input/datasets/grassknoted/asl-alphabet/asl_alphabet_train/asl_alphabet_train/del/del2861.jpg
del,/kaggle/input/datasets/grassknoted/asl-alphabet/asl_alphabet_train/asl_alphabet_train/del/del2883.jpg
del,/kaggle/input/datasets/grassknoted/asl-alphabet/asl_alphabet_train/asl_alphabet_train/del/del2913.jpg
del,/kaggle/input/datasets/grassknoted/asl-alphabet/asl_alphabet_train/asl_alphabet_train/del/del2923.jpg
del,/kaggle/input/datasets/grassknoted/asl-alphabet/asl_alphabet_train/asl_alphabet_train/del/del2989.jpg
del,/kaggle/input/datasets/grassknoted/asl-alphabet/asl_alphabet_train/asl_alphabet_train/del/del307.jpg
del,/kaggle/input/datasets/grassknoted/asl-alphabet/asl_alphabet_train/asl_alphabet_train/del/del342.jpg
del,/kaggle/input/datasets/grassknoted/asl-alphabet/asl_alphabet_train/asl_alphabet_train/del/del353.jpg
del,/kaggle/input/datasets/grassknoted/asl-alphabet/asl_alphabet_train/asl_alphabet_train/del/del381.jpg
del,/kaggle/input/datasets/grassknoted/asl-alphabet/asl_alphabet_train/asl_alphabet_train/del/del425.jpg
del,/kaggle/input/datasets/grassknoted/asl-alphabet/asl_alphabet_train/asl_alphabet_train/del/del445.jpg
del,/kaggle/input/datasets/grassknoted/asl-alphabet/asl_alphabet_train/asl_alphabet_train/del/del473.jpg
del,/kaggle/input/datasets/grassknoted/asl-alphabet/asl_alphabet_train/asl_alphabet_train/del/del494.jpg
del,/kaggle/input/datasets/grassknoted/asl-alphabet/asl_alphabet_train/asl_alphabet_train/del/del503.jpg
del,/kaggle/input/datasets/grassknoted/asl-alphabet/asl_alphabet_train/asl_alphabet_train/del/del534.jpg
del,/kaggle/input/datasets/grassknoted/asl-alphabet/asl_alphabet_train/asl_alphabet_train/del/del541.jpg
del,/kaggle/input/datasets/grassknoted/asl-alphabet/asl_alphabet_train/asl_alphabet_train/del/del561.jpg
del,/kaggle/input/datasets/grassknoted/asl-alphabet/asl_alphabet_train/asl_alphabet_train/del/del593.jpg
del,/kaggle/input/datasets/grassknoted/asl-alphabet/asl_alphabet_train/asl_alphabet_train/del/del638.jpg
del,/kaggle/input/datasets/grassknoted/asl-alphabet/asl_alphabet_train/asl_alphabet_train/del/del642.jpg
del,/kaggle/input/datasets/grassknoted/asl-alphabet/asl_alphabet_train/asl_alphabet_train/del/del650.jpg
del,/kaggle/input/datasets/grassknoted/asl-alphabet/asl_alphabet_train/asl_alphabet_train/del/del69.jpg
del,/kaggle/input/datasets/grassknoted/asl-alphabet/asl_alphabet_train/asl_alphabet_train/del/del698.jpg
del,/kaggle/input/datasets/grassknoted/asl-alphabet/asl_alphabet_train/asl_alphabet_train/del/del706.jpg
del,/kaggle/input/datasets/grassknoted/asl-alphabet/asl_alphabet_train/asl_alphabet_train/del/del71.jpg
del,/kaggle/input/datasets/grassknoted/asl-alphabet/asl_alphabet_train/asl_alphabet_train/del/del728.jpg
del,/kaggle/input/datasets/grassknoted/asl-alphabet/asl_alphabet_train/asl_alphabet_train/del/del737.jpg
del,/kaggle/input/datasets/grassknoted/asl-alphabet/asl_alphabet_train/asl_alphabet_train/del/del743.jpg
del,/kaggle/input/datasets/grassknoted/asl-alphabet/asl_alphabet_train/asl_alphabet_train/del/del763.jpg
del,/kaggle/input/datasets/grassknoted/asl-alphabet/asl_alphabet_train/asl_alphabet_train/del/del779.jpg
del,/kaggle/input/datasets/grassknoted/asl-alphabet/asl_alphabet_train/asl_alphabet_train/del/del793.jpg
del,/kaggle/input/datasets/grassknoted/asl-alphabet/asl_alphabet_train/asl_alphabet_train/del/del801.jpg
del,/kaggle/input/datasets/grassknoted/asl-alphabet/asl_alphabet_train/asl_alphabet_train/del/del864.jpg
del,/kaggle/input/datasets/grassknoted/asl-alphabet/asl_alphabet_train/asl_alphabet_train/del/del97.jpg
del,/kaggle/input/datasets/grassknoted/asl-alphabet/asl_alphabet_train/asl_alphabet_train/del/del984.jpg
nothing,/kaggle/input/datasets/grassknoted/asl-alphabet/asl_alphabet_train/asl_alphabet_train/nothing/nothing1005.jpg
nothing,/kaggle/input/datasets/grassknoted/asl-alphabet/asl_alphabet_train/asl_alphabet_train/nothing/nothing103.jpg
nothing,/kaggle/input/datasets/grassknoted/asl-alphabet/asl_alphabet_train/asl_alphabet_train/nothing/nothing1055.jpg
nothing,/kaggle/input/datasets/grassknoted/asl-alphabet/asl_alphabet_train/asl_alphabet_train/nothing/nothing1063.jpg
nothing,/kaggle/input/datasets/grassknoted/asl-alphabet/asl_alphabet_train/asl_alphabet_train/nothing/nothing1077.jpg
nothing,/kaggle/input/datasets/grassknoted/asl-alphabet/asl_alphabet_train/asl_alphabet_train/nothing/nothing1082.jpg
nothing,/kaggle/input/datasets/grassknoted/asl-alphabet/asl_alphabet_train/asl_alphabet_train/nothing/nothing109.jpg
nothing,/kaggle/input/datasets/grassknoted/asl-alphabet/asl_alphabet_train/asl_alphabet_train/nothing/nothing1157.jpg
nothing,/kaggle/input/datasets/grassknoted/asl-alphabet/asl_alphabet_train/asl_alphabet_train/nothing/nothing1194.jpg
nothing,/kaggle/input/datasets/grassknoted/asl-alphabet/asl_alphabet_train/asl_alphabet_train/nothing/nothing1365.jpg
nothing,/kaggle/input/datasets/grassknoted/asl-alphabet/asl_alphabet_train/asl_alphabet_train/nothing/nothing137.jpg
nothing,/kaggle/input/datasets/grassknoted/asl-alphabet/asl_alphabet_train/asl_alphabet_train/nothing/nothing1427.jpg
nothing,/kaggle/input/datasets/grassknoted/asl-alphabet/asl_alphabet_train/asl_alphabet_train/nothing/nothing1432.jpg
nothing,/kaggle/input/datasets/grassknoted/asl-alphabet/asl_alphabet_train/asl_alphabet_train/nothing/nothing1434.jpg
nothing,/kaggle/input/datasets/grassknoted/asl-alphabet/asl_alphabet_train/asl_alphabet_train/nothing/nothing1444.jpg
nothing,/kaggle/input/datasets/grassknoted/asl-alphabet/asl_alphabet_train/asl_alphabet_train/nothing/nothing1448.jpg
nothing,/kaggle/input/datasets/grassknoted/asl-alphabet/asl_alphabet_train/asl_alphabet_train/nothing/nothing145.jpg
nothing,/kaggle/input/datasets/grassknoted/asl-alphabet/asl_alphabet_train/asl_alphabet_train/nothing/nothing1469.jpg
nothing,/kaggle/input/datasets/grassknoted/asl-alphabet/asl_alphabet_train/asl_alphabet_train/nothing/nothing1530.jpg
nothing,/kaggle/input/datasets/grassknoted/asl-alphabet/asl_alphabet_train/asl_alphabet_train/nothing/nothing1600.jpg
nothing,/kaggle/input/datasets/grassknoted/asl-alphabet/asl_alphabet_train/asl_alphabet_train/nothing/nothing1607.jpg
nothing,/kaggle/input/datasets/grassknoted/asl-alphabet/asl_alphabet_train/asl_alphabet_train/nothing/nothing1615.jpg
nothing,/kaggle/input/datasets/grassknoted/asl-alphabet/asl_alphabet_train/asl_alphabet_train/nothing/nothing1621.jpg
nothing,/kaggle/input/datasets/grassknoted/asl-alphabet/asl_alphabet_train/asl_alphabet_train/nothing/nothing1655.jpg
nothing,/kaggle/input/datasets/grassknoted/asl-alphabet/asl_alphabet_train/asl_alphabet_train/nothing/nothing1662.jpg
nothing,/kaggle/input/datasets/grassknoted/asl-alphabet/asl_alphabet_train/asl_alphabet_train/nothing/nothing1666.jpg
nothing,/kaggle/input/datasets/grassknoted/asl-alphabet/asl_alphabet_train/asl_alphabet_train/nothing/nothing1672.jpg
nothing,/kaggle/input/datasets/grassknoted/asl-alphabet/asl_alphabet_train/asl_alphabet_train/nothing/nothing1680.jpg
nothing,/kaggle/input/datasets/grassknoted/asl-alphabet/asl_alphabet_train/asl_alphabet_train/nothing/nothing1732.jpg
nothing,/kaggle/input/datasets/grassknoted/asl-alphabet/asl_alphabet_train/asl_alphabet_train/nothing/nothing1798.jpg
nothing,/kaggle/input/datasets/grassknoted/asl-alphabet/asl_alphabet_train/asl_alphabet_train/nothing/nothing1802.jpg
nothing,/kaggle/input/datasets/grassknoted/asl-alphabet/asl_alphabet_train/asl_alphabet_train/nothing/nothing1822.jpg
nothing,/kaggle/input/datasets/grassknoted/asl-alphabet/asl_alphabet_train/asl_alphabet_train/nothing/nothing1824.jpg
nothing,/kaggle/input/datasets/grassknoted/asl-alphabet/asl_alphabet_train/asl_alphabet_train/nothing/nothing1886.jpg
nothing,/kaggle/input/datasets/grassknoted/asl-alphabet/asl_alphabet_train/asl_alphabet_train/nothing/nothing19.jpg
nothing,/kaggle/input/datasets/grassknoted/asl-alphabet/asl_alphabet_train/asl_alphabet_train/nothing/nothing1932.jpg
nothing,/kaggle/input/datasets/grassknoted/asl-alphabet/asl_alphabet_train/asl_alphabet_train/nothing/nothing195.jpg
nothing,/kaggle/input/datasets/grassknoted/asl-alphabet/asl_alphabet_train/asl_alphabet_train/nothing/nothing1998.jpg
nothing,/kaggle/input/datasets/grassknoted/asl-alphabet/asl_alphabet_train/asl_alphabet_train/nothing/nothing2015.jpg
nothing,/kaggle/input/datasets/grassknoted/asl-alphabet/asl_alphabet_train/asl_alphabet_train/nothing/nothing2021.jpg
nothing,/kaggle/input/datasets/grassknoted/asl-alphabet/asl_alphabet_train/asl_alphabet_train/nothing/nothing2033.jpg
nothing,/kaggle/input/datasets/grassknoted/asl-alphabet/asl_alphabet_train/asl_alphabet_train/nothing/nothing2055.jpg
nothing,/kaggle/input/datasets/grassknoted/asl-alphabet/asl_alphabet_train/asl_alphabet_train/nothing/nothing2076.jpg
nothing,/kaggle/input/datasets/grassknoted/asl-alphabet/asl_alphabet_train/asl_alphabet_train/nothing/nothing2097.jpg
nothing,/kaggle/input/datasets/grassknoted/asl-alphabet/asl_alphabet_train/asl_alphabet_train/nothing/nothing2126.jpg
nothing,/kaggle/input/datasets/grassknoted/asl-alphabet/asl_alphabet_train/asl_alphabet_train/nothing/nothing2145.jpg
nothing,/kaggle/input/datasets/grassknoted/asl-alphabet/asl_alphabet_train/asl_alphabet_train/nothing/nothing2237.jpg
nothing,/kaggle/input/datasets/grassknoted/asl-alphabet/asl_alphabet_train/asl_alphabet_train/nothing/nothing224.jpg
nothing,/kaggle/input/datasets/grassknoted/asl-alphabet/asl_alphabet_train/asl_alphabet_train/nothing/nothing227.jpg
nothing,/kaggle/input/datasets/grassknoted/asl-alphabet/asl_alphabet_train/asl_alphabet_train/nothing/nothing230.jpg
nothing,/kaggle/input/datasets/grassknoted/asl-alphabet/asl_alphabet_train/asl_alphabet_train/nothing/nothing2335.jpg
nothing,/kaggle/input/datasets/grassknoted/asl-alphabet/asl_alphabet_train/asl_alphabet_train/nothing/nothing2339.jpg
nothing,/kaggle/input/datasets/grassknoted/asl-alphabet/asl_alphabet_train/asl_alphabet_train/nothing/nothing2341.jpg
nothing,/kaggle/input/datasets/grassknoted/asl-alphabet/asl_alphabet_train/asl_alphabet_train/nothing/nothing2367.jpg
nothing,/kaggle/input/datasets/grassknoted/asl-alphabet/asl_alphabet_train/asl_alphabet_train/nothing/nothing238.jpg
nothing,/kaggle/input/datasets/grassknoted/asl-alphabet/asl_alphabet_train/asl_alphabet_train/nothing/nothing2390.jpg
nothing,/kaggle/input/datasets/grassknoted/asl-alphabet/asl_alphabet_train/asl_alphabet_train/nothing/nothing240.jpg
nothing,/kaggle/input/datasets/grassknoted/asl-alphabet/asl_alphabet_train/asl_alphabet_train/nothing/nothing2403.jpg
nothing,/kaggle/input/datasets/grassknoted/asl-alphabet/asl_alphabet_train/asl_alphabet_train/nothing/nothing2426.jpg
nothing,/kaggle/input/datasets/grassknoted/asl-alphabet/asl_alphabet_train/asl_alphabet_train/nothing/nothing2477.jpg
nothing,/kaggle/input/datasets/grassknoted/asl-alphabet/asl_alphabet_train/asl_alphabet_train/nothing/nothing248.jpg
nothing,/kaggle/input/datasets/grassknoted/asl-alphabet/asl_alphabet_train/asl_alphabet_train/nothing/nothing2485.jpg
nothing,/kaggle/input/datasets/grassknoted/asl-alphabet/asl_alphabet_train/asl_alphabet_train/nothing/nothing2488.jpg
nothing,/kaggle/input/datasets/grassknoted/asl-alphabet/asl_alphabet_train/asl_alphabet_train/nothing/nothing2494.jpg
nothing,/kaggle/input/datasets/grassknoted/asl-alphabet/asl_alphabet_train/asl_alphabet_train/nothing/nothing26.jpg
nothing,/kaggle/input/datasets/grassknoted/asl-alphabet/asl_alphabet_train/asl_alphabet_train/nothing/nothing2703.jpg
nothing,/kaggle/input/datasets/grassknoted/asl-alphabet/asl_alphabet_train/asl_alphabet_train/nothing/nothing2753.jpg
nothing,/kaggle/input/datasets/grassknoted/asl-alphabet/asl_alphabet_train/asl_alphabet_train/nothing/nothing2774.jpg
nothing,/kaggle/input/datasets/grassknoted/asl-alphabet/asl_alphabet_train/asl_alphabet_train/nothing/nothing2786.jpg
nothing,/kaggle/input/datasets/grassknoted/asl-alphabet/asl_alphabet_train/asl_alphabet_train/nothing/nothing2814.jpg
nothing,/kaggle/input/datasets/grassknoted/asl-alphabet/asl_alphabet_train/asl_alphabet_train/nothing/nothing2874.jpg
nothing,/kaggle/input/datasets/grassknoted/asl-alphabet/asl_alphabet_train/asl_alphabet_train/nothing/nothing2902.jpg
nothing,/kaggle/input/datasets/grassknoted/asl-alphabet/asl_alphabet_train/asl_alphabet_train/nothing/nothing2928.jpg
nothing,/kaggle/input/datasets/grassknoted/asl-alphabet/asl_alphabet_train/asl_alphabet_train/nothing/nothing2938.jpg
nothing,/kaggle/input/datasets/grassknoted/asl-alphabet/asl_alphabet_train/asl_alphabet_train/nothing/nothing2985.jpg
nothing,/kaggle/input/datasets/grassknoted/asl-alphabet/asl_alphabet_train/asl_alphabet_train/nothing/nothing403.jpg
nothing,/kaggle/input/datasets/grassknoted/asl-alphabet/asl_alphabet_train/asl_alphabet_train/nothing/nothing423.jpg
nothing,/kaggle/input/datasets/grassknoted/asl-alphabet/asl_alphabet_train/asl_alphabet_train/nothing/nothing444.jpg
nothing,/kaggle/input/datasets/grassknoted/asl-alphabet/asl_alphabet_train/asl_alphabet_train/nothing/nothing453.jpg
nothing,/kaggle/input/datasets/grassknoted/asl-alphabet/asl_alphabet_train/asl_alphabet_train/nothing/nothing457.jpg
nothing,/kaggle/input/datasets/grassknoted/asl-alphabet/asl_alphabet_train/asl_alphabet_train/nothing/nothing498.jpg
nothing,/kaggle/input/datasets/grassknoted/asl-alphabet/asl_alphabet_train/asl_alphabet_train/nothing/nothing542.jpg
nothing,/kaggle/input/datasets/grassknoted/asl-alphabet/asl_alphabet_train/asl_alphabet_train/nothing/nothing559.jpg
nothing,/kaggle/input/datasets/grassknoted/asl-alphabet/asl_alphabet_train/asl_alphabet_train/nothing/nothing589.jpg
nothing,/kaggle/input/datasets/grassknoted/asl-alphabet/asl_alphabet_train/asl_alphabet_train/nothing/nothing592.jpg
nothing,/kaggle/input/datasets/grassknoted/asl-alphabet/asl_alphabet_train/asl_alphabet_train/nothing/nothing595.jpg
nothing,/kaggle/input/datasets/grassknoted/asl-alphabet/asl_alphabet_train/asl_alphabet_train/nothing/nothing660.jpg
nothing,/kaggle/input/datasets/grassknoted/asl-alphabet/asl_alphabet_train/asl_alphabet_train/nothing/nothing7.jpg
nothing,/kaggle/input/datasets/grassknoted/asl-alphabet/asl_alphabet_train/asl_alphabet_train/nothing/nothing715.jpg
nothing,/kaggle/input/datasets/grassknoted/asl-alphabet/asl_alphabet_train/asl_alphabet_train/nothing/nothing763.jpg
nothing,/kaggle/input/datasets/grassknoted/asl-alphabet/asl_alphabet_train/asl_alphabet_train/nothing/nothing765.jpg
nothing,/kaggle/input/datasets/grassknoted/asl-alphabet/asl_alphabet_train/asl_alphabet_train/nothing/nothing782.jpg
nothing,/kaggle/input/datasets/grassknoted/asl-alphabet/asl_alphabet_train/asl_alphabet_train/nothing/nothing859.jpg
nothing,/kaggle/input/datasets/grassknoted/asl-alphabet/asl_alphabet_train/asl_alphabet_train/nothing/nothing879.jpg
nothing,/kaggle/input/datasets/grassknoted/asl-alphabet/asl_alphabet_train/asl_alphabet_train/nothing/nothing888.jpg
nothing,/kaggle/input/datasets/grassknoted/asl-alphabet/asl_alphabet_train/asl_alphabet_train/nothing/nothing923.jpg
nothing,/kaggle/input/datasets/grassknoted/asl-alphabet/asl_alphabet_train/asl_alphabet_train/nothing/nothing93.jpg
nothing,/kaggle/input/datasets/grassknoted/asl-alphabet/asl_alphabet_train/asl_alphabet_train/nothing/nothing940.jpg
nothing,/kaggle/input/datasets/grassknoted/asl-alphabet/asl_alphabet_train/asl_alphabet_train/nothing/nothing981.jpg
nothing,/kaggle/input/datasets/grassknoted/asl-alphabet/asl_alphabet_train/asl_alphabet_train/nothing/nothing999.jpg
space,/kaggle/input/datasets/grassknoted/asl-alphabet/asl_alphabet_train/asl_alphabet_train/space/space1023.jpg
space,/kaggle/input/datasets/grassknoted/asl-alphabet/asl_alphabet_train/asl_alphabet_train/space/space1056.jpg
space,/kaggle/input/datasets/grassknoted/asl-alphabet/asl_alphabet_train/asl_alphabet_train/space/space1073.jpg
space,/kaggle/input/datasets/grassknoted/asl-alphabet/asl_alphabet_train/asl_alphabet_train/space/space1104.jpg
space,/kaggle/input/datasets/grassknoted/asl-alphabet/asl_alphabet_train/asl_alphabet_train/space/space1117.jpg
space,/kaggle/input/datasets/grassknoted/asl-alphabet/asl_alphabet_train/asl_alphabet_train/space/space1142.jpg
space,/kaggle/input/datasets/grassknoted/asl-alphabet/asl_alphabet_train/asl_alphabet_train/space/space1150.jpg
space,/kaggle/input/datasets/grassknoted/asl-alphabet/asl_alphabet_train/asl_alphabet_train/space/space116.jpg
space,/kaggle/input/datasets/grassknoted/asl-alphabet/asl_alphabet_train/asl_alphabet_train/space/space1195.jpg
space,/kaggle/input/datasets/grassknoted/asl-alphabet/asl_alphabet_train/asl_alphabet_train/space/space1212.jpg
space,/kaggle/input/datasets/grassknoted/asl-alphabet/asl_alphabet_train/asl_alphabet_train/space/space1288.jpg
space,/kaggle/input/datasets/grassknoted/asl-alphabet/asl_alphabet_train/asl_alphabet_train/space/space1312.jpg
space,/kaggle/input/datasets/grassknoted/asl-alphabet/asl_alphabet_train/asl_alphabet_train/space/space1346.jpg
space,/kaggle/input/datasets/grassknoted/asl-alphabet/asl_alphabet_train/asl_alphabet_train/space/space1438.jpg
space,/kaggle/input/datasets/grassknoted/asl-alphabet/asl_alphabet_train/asl_alphabet_train/space/space1486.jpg
space,/kaggle/input/datasets/grassknoted/asl-alphabet/asl_alphabet_train/asl_alphabet_train/space/space1532.jpg
space,/kaggle/input/datasets/grassknoted/asl-alphabet/asl_alphabet_train/asl_alphabet_train/space/space1543.jpg
space,/kaggle/input/datasets/grassknoted/asl-alphabet/asl_alphabet_train/asl_alphabet_train/space/space1550.jpg
space,/kaggle/input/datasets/grassknoted/asl-alphabet/asl_alphabet_train/asl_alphabet_train/space/space1586.jpg
space,/kaggle/input/datasets/grassknoted/asl-alphabet/asl_alphabet_train/asl_alphabet_train/space/space159.jpg
space,/kaggle/input/datasets/grassknoted/asl-alphabet/asl_alphabet_train/asl_alphabet_train/space/space1596.jpg
space,/kaggle/input/datasets/grassknoted/asl-alphabet/asl_alphabet_train/asl_alphabet_train/space/space1621.jpg
space,/kaggle/input/datasets/grassknoted/asl-alphabet/asl_alphabet_train/asl_alphabet_train/space/space1646.jpg
space,/kaggle/input/datasets/grassknoted/asl-alphabet/asl_alphabet_train/asl_alphabet_train/space/space1657.jpg
space,/kaggle/input/datasets/grassknoted/asl-alphabet/asl_alphabet_train/asl_alphabet_train/space/space1679.jpg
space,/kaggle/input/datasets/grassknoted/asl-alphabet/asl_alphabet_train/asl_alphabet_train/space/space1732.jpg
space,/kaggle/input/datasets/grassknoted/asl-alphabet/asl_alphabet_train/asl_alphabet_train/space/space1751.jpg
space,/kaggle/input/datasets/grassknoted/asl-alphabet/asl_alphabet_train/asl_alphabet_train/space/space1768.jpg
space,/kaggle/input/datasets/grassknoted/asl-alphabet/asl_alphabet_train/asl_alphabet_train/space/space187.jpg
space,/kaggle/input/datasets/grassknoted/asl-alphabet/asl_alphabet_train/asl_alphabet_train/space/space1887.jpg
space,/kaggle/input/datasets/grassknoted/asl-alphabet/asl_alphabet_train/asl_alphabet_train/space/space1929.jpg
space,/kaggle/input/datasets/grassknoted/asl-alphabet/asl_alphabet_train/asl_alphabet_train/space/space1952.jpg
space,/kaggle/input/datasets/grassknoted/asl-alphabet/asl_alphabet_train/asl_alphabet_train/space/space2006.jpg
space,/kaggle/input/datasets/grassknoted/asl-alphabet/asl_alphabet_train/asl_alphabet_train/space/space2110.jpg
space,/kaggle/input/datasets/grassknoted/asl-alphabet/asl_alphabet_train/asl_alphabet_train/space/space2159.jpg
space,/kaggle/input/datasets/grassknoted/asl-alphabet/asl_alphabet_train/asl_alphabet_train/space/space2180.jpg
space,/kaggle/input/datasets/grassknoted/asl-alphabet/asl_alphabet_train/asl_alphabet_train/space/space2186.jpg
space,/kaggle/input/datasets/grassknoted/asl-alphabet/asl_alphabet_train/asl_alphabet_train/space/space2190.jpg
space,/kaggle/input/datasets/grassknoted/asl-alphabet/asl_alphabet_train/asl_alphabet_train/space/space2201.jpg
space,/kaggle/input/datasets/grassknoted/asl-alphabet/asl_alphabet_train/asl_alphabet_train/space/space2213.jpg
space,/kaggle/input/datasets/grassknoted/asl-alphabet/asl_alphabet_train/asl_alphabet_train/space/space2245.jpg
space,/kaggle/input/datasets/grassknoted/asl-alphabet/asl_alphabet_train/asl_alphabet_train/space/space2247.jpg
space,/kaggle/input/datasets/grassknoted/asl-alphabet/asl_alphabet_train/asl_alphabet_train/space/space2266.jpg
space,/kaggle/input/datasets/grassknoted/asl-alphabet/asl_alphabet_train/asl_alphabet_train/space/space2298.jpg
space,/kaggle/input/datasets/grassknoted/asl-alphabet/asl_alphabet_train/asl_alphabet_train/space/space2386.jpg
space,/kaggle/input/datasets/grassknoted/asl-alphabet/asl_alphabet_train/asl_alphabet_train/space/space2388.jpg
space,/kaggle/input/datasets/grassknoted/asl-alphabet/asl_alphabet_train/asl_alphabet_train/space/space2401.jpg
space,/kaggle/input/datasets/grassknoted/asl-alphabet/asl_alphabet_train/asl_alphabet_train/space/space2403.jpg
space,/kaggle/input/datasets/grassknoted/asl-alphabet/asl_alphabet_train/asl_alphabet_train/space/space2407.jpg
space,/kaggle/input/datasets/grassknoted/asl-alphabet/asl_alphabet_train/asl_alphabet_train/space/space2409.jpg
space,/kaggle/input/datasets/grassknoted/asl-alphabet/asl_alphabet_train/asl_alphabet_train/space/space2471.jpg
space,/kaggle/input/datasets/grassknoted/asl-alphabet/asl_alphabet_train/asl_alphabet_train/space/space2487.jpg
space,/kaggle/input/datasets/grassknoted/asl-alphabet/asl_alphabet_train/asl_alphabet_train/space/space2510.jpg
space,/kaggle/input/datasets/grassknoted/asl-alphabet/asl_alphabet_train/asl_alphabet_train/space/space2511.jpg
space,/kaggle/input/datasets/grassknoted/asl-alphabet/asl_alphabet_train/asl_alphabet_train/space/space2521.jpg
space,/kaggle/input/datasets/grassknoted/asl-alphabet/asl_alphabet_train/asl_alphabet_train/space/space2573.jpg
space,/kaggle/input/datasets/grassknoted/asl-alphabet/asl_alphabet_train/asl_alphabet_train/space/space2590.jpg
space,/kaggle/input/datasets/grassknoted/asl-alphabet/asl_alphabet_train/asl_alphabet_train/space/space2604.jpg
space,/kaggle/input/datasets/grassknoted/asl-alphabet/asl_alphabet_train/asl_alphabet_train/space/space2605.jpg
space,/kaggle/input/datasets/grassknoted/asl-alphabet/asl_alphabet_train/asl_alphabet_train/space/space263.jpg
space,/kaggle/input/datasets/grassknoted/asl-alphabet/asl_alphabet_train/asl_alphabet_train/space/space2647.jpg
space,/kaggle/input/datasets/grassknoted/asl-alphabet/asl_alphabet_train/asl_alphabet_train/space/space2693.jpg
space,/kaggle/input/datasets/grassknoted/asl-alphabet/asl_alphabet_train/asl_alphabet_train/space/space2735.jpg
space,/kaggle/input/datasets/grassknoted/asl-alphabet/asl_alphabet_train/asl_alphabet_train/space/space2789.jpg
space,/kaggle/input/datasets/grassknoted/asl-alphabet/asl_alphabet_train/asl_alphabet_train/space/space2793.jpg
space,/kaggle/input/datasets/grassknoted/asl-alphabet/asl_alphabet_train/asl_alphabet_train/space/space2803.jpg
space,/kaggle/input/datasets/grassknoted/asl-alphabet/asl_alphabet_train/asl_alphabet_train/space/space2815.jpg
space,/kaggle/input/datasets/grassknoted/asl-alphabet/asl_alphabet_train/asl_alphabet_train/space/space2842.jpg
space,/kaggle/input/datasets/grassknoted/asl-alphabet/asl_alphabet_train/asl_alphabet_train/space/space2844.jpg
space,/kaggle/input/datasets/grassknoted/asl-alphabet/asl_alphabet_train/asl_alphabet_train/space/space2858.jpg
space,/kaggle/input/datasets/grassknoted/asl-alphabet/asl_alphabet_train/asl_alphabet_train/space/space2863.jpg
space,/kaggle/input/datasets/grassknoted/asl-alphabet/asl_alphabet_train/asl_alphabet_train/space/space2936.jpg
space,/kaggle/input/datasets/grassknoted/asl-alphabet/asl_alphabet_train/asl_alphabet_train/space/space2939.jpg
space,/kaggle/input/datasets/grassknoted/asl-alphabet/asl_alphabet_train/asl_alphabet_train/space/space298.jpg
space,/kaggle/input/datasets/grassknoted/asl-alphabet/asl_alphabet_train/asl_alphabet_train/space/space2981.jpg
space,/kaggle/input/datasets/grassknoted/asl-alphabet/asl_alphabet_train/asl_alphabet_train/space/space2983.jpg
space,/kaggle/input/datasets/grassknoted/asl-alphabet/asl_alphabet_train/asl_alphabet_train/space/space31.jpg
space,/kaggle/input/datasets/grassknoted/asl-alphabet/asl_alphabet_train/asl_alphabet_train/space/space328.jpg
space,/kaggle/input/datasets/grassknoted/asl-alphabet/asl_alphabet_train/asl_alphabet_train/space/space342.jpg
space,/kaggle/input/datasets/grassknoted/asl-alphabet/asl_alphabet_train/asl_alphabet_train/space/space343.jpg
space,/kaggle/input/datasets/grassknoted/asl-alphabet/asl_alphabet_train/asl_alphabet_train/space/space410.jpg
space,/kaggle/input/datasets/grassknoted/asl-alphabet/asl_alphabet_train/asl_alphabet_train/space/space42.jpg
space,/kaggle/input/datasets/grassknoted/asl-alphabet/asl_alphabet_train/asl_alphabet_train/space/space482.jpg
space,/kaggle/input/datasets/grassknoted/asl-alphabet/asl_alphabet_train/asl_alphabet_train/space/space488.jpg
space,/kaggle/input/datasets/grassknoted/asl-alphabet/asl_alphabet_train/asl_alphabet_train/space/space521.jpg
space,/kaggle/input/datasets/grassknoted/asl-alphabet/asl_alphabet_train/asl_alphabet_train/space/space526.jpg
space,/kaggle/input/datasets/grassknoted/asl-alphabet/asl_alphabet_train/asl_alphabet_train/space/space53.jpg
space,/kaggle/input/datasets/grassknoted/asl-alphabet/asl_alphabet_train/asl_alphabet_train/space/space535.jpg
space,/kaggle/input/datasets/grassknoted/asl-alphabet/asl_alphabet_train/asl_alphabet_train/space/space614.jpg
space,/kaggle/input/datasets/grassknoted/asl-alphabet/asl_alphabet_train/asl_alphabet_train/space/space618.jpg
space,/kaggle/input/datasets/grassknoted/asl-alphabet/asl_alphabet_train/asl_alphabet_train/space/space650.jpg
space,/kaggle/input/datasets/grassknoted/asl-alphabet/asl_alphabet_train/asl_alphabet_train/space/space695.jpg
space,/kaggle/input/datasets/grassknoted/asl-alphabet/asl_alphabet_train/asl_alphabet_train/space/space743.jpg
space,/kaggle/input/datasets/grassknoted/asl-alphabet/asl_alphabet_train/asl_alphabet_train/space/space765.jpg
space,/kaggle/input/datasets/grassknoted/asl-alphabet/asl_alphabet_train/asl_alphabet_train/space/space789.jpg
space,/kaggle/input/datasets/grassknoted/asl-alphabet/asl_alphabet_train/asl_alphabet_train/space/space859.jpg
space,/kaggle/input/datasets/grassknoted/asl-alphabet/asl_alphabet_train/asl_alphabet_train/space/space893.jpg
space,/kaggle/input/datasets/grassknoted/asl-alphabet/asl_alphabet_train/asl_alphabet_train/space/space909.jpg
space,/kaggle/input/datasets/grassknoted/asl-alphabet/asl_alphabet_train/asl_alphabet_train/space/space927.jpg
space,/kaggle/input/datasets/grassknoted/asl-alphabet/asl_alphabet_train/asl_alphabet_train/space/space930.jpg
