class,path,found_hand,prediction,confidence,correct
A,/kaggle/input/datasets/grassknoted/asl-alphabet/asl_alphabet_train/asl_alphabet_train/A/A1114.jpg,True,A,0.8967559933662415,True
A,/kaggle/input/datasets/grassknoted/asl-alphabet/asl_alphabet_train/asl_alphabet_train/A/A1167.jpg,True,A,0.8859045505523682,True
A,/kaggle/input/datasets/grassknoted/asl-alphabet/asl_alphabet_train/asl_alphabet_train/A/A1179.jpg,True,A,0.8833346962928772,True
A,/kaggle/input/datasets/grassknoted/asl-alphabet/asl_alphabet_train/asl_alphabet_train/A/A1201.jpg,True,A,0.8799025416374207,True
A,/kaggle/input/datasets/grassknoted/asl-alphabet/asl_alphabet_train/asl_alphabet_train/A/A1222.jpg,True,A,0.8810737729072571,True
A,/kaggle/input/datasets/grassknoted/asl-alphabet/asl_alphabet_train/asl_alphabet_train/A/A1230.jpg,True,A,0.8866263628005981,True
A,/kaggle/input/datasets/grassknoted/asl-alphabet/asl_alphabet_train/asl_alphabet_train/A/A1241.jpg,True,A,0.8760660886764526,True
A,/kaggle/input/datasets/grassknoted/asl-alphabet/asl_alphabet_train/asl_alphabet_train/A/A1245.jpg,True,A,0.8774078488349915,True
A,/kaggle/input/datasets/grassknoted/asl-alphabet/asl_alphabet_train/asl_alphabet_train/A/A126.jpg,False,A,0.8867837190628052,True
A,/kaggle/input/datasets/grassknoted/asl-alphabet/asl_alphabet_train/asl_alphabet_train/A/A1334.jpg,True,A,0.8702113032341003,True
A,/kaggle/input/datasets/grassknoted/asl-alphabet/asl_alphabet_train/asl_alphabet_train/A/A1346.jpg,True,A,0.8696625828742981,True
A,/kaggle/input/datasets/grassknoted/asl-alphabet/asl_alphabet_train/asl_alphabet_train/A/A1376.jpg,True,A,0.8971667885780334,True
A,/kaggle/input/datasets/grassknoted/asl-alphabet/asl_alphabet_train/asl_alphabet_train/A/A1409.jpg,True,A,0.8975431323051453,True
A,/kaggle/input/datasets/grassknoted/asl-alphabet/asl_alphabet_train/asl_alphabet_train/A/A143.jpg,False,A,0.8952504992485046,True
A,/kaggle/input/datasets/grassknoted/asl-alphabet/asl_alphabet_train/asl_alphabet_train/A/A1435.jpg,True,A,0.8819172382354736,True
A,/kaggle/input/datasets/grassknoted/asl-alphabet/asl_alphabet_train/asl_alphabet_train/A/A1479.jpg,True,A,0.8920636773109436,True
A,/kaggle/input/datasets/grassknoted/asl-alphabet/asl_alphabet_train/asl_alphabet_train/A/A1505.jpg,True,A,0.9000964164733887,True
A,/kaggle/input/datasets/grassknoted/asl-alphabet/asl_alphabet_train/asl_alphabet_train/A/A1515.jpg,True,A,0.9070490002632141,True
A,/kaggle/input/datasets/grassknoted/asl-alphabet/asl_alphabet_train/asl_alphabet_train/A/A1526.jpg,True,A,0.9056334495544434,True
A,/kaggle/input/datasets/grassknoted/asl-alphabet/asl_alphabet_train/asl_alphabet_train/A/A1599.jpg,True,A,0.8977705240249634,True
A,/kaggle/input/datasets/grassknoted/asl-alphabet/asl_alphabet_train/asl_alphabet_train/A/A1606.jpg,True,A,0.8927144408226013,True
A,/kaggle/input/datasets/grassknoted/asl-alphabet/asl_alphabet_train/asl_alphabet_train/A/A1644.jpg,True,A,0.8933306336402893,True
A,/kaggle/input/datasets/grassknoted/asl-alphabet/asl_alphabet_train/asl_alphabet_train/A/A1730.jpg,True,A,0.8674484491348267,True
A,/kaggle/input/datasets/grassknoted/asl-alphabet/asl_alphabet_train/asl_alphabet_train/A/A1776.jpg,True,A,0.8764584064483643,True
A,/kaggle/input/datasets/grassknoted/asl-alphabet/asl_alphabet_train/asl_alphabet_train/A/A1839.jpg,True,A,0.9099704623222351,True
A,/kaggle/input/datasets/grassknoted/asl-alphabet/asl_alphabet_train/asl_alphabet_train/A/A1869.jpg,True,A,0.9160407185554504,True
A,/kaggle/input/datasets/grassknoted/asl-alphabet/asl_alphabet_train/asl_alphabet_train/A/A1883.jpg,True,A,0.881584882736206,True
A,/kaggle/input/datasets/grassknoted/asl-alphabet/asl_alphabet_train/asl_alphabet_train/A/A1938.jpg,True,A,0.8906258344650269,True
A,/kaggle/input/datasets/grassknoted/asl-alphabet/asl_alphabet_train/asl_alphabet_train/A/A1966.jpg,True,A,0.8897504210472107,True
A,/kaggle/input/datasets/grassknoted/asl-alphabet/asl_alphabet_train/asl_alphabet_train/A/A1974.jpg,True,A,0.8801208734512329,True
A,/kaggle/input/datasets/grassknoted/asl-alphabet/asl_alphabet_train/asl_alphabet_train/A/A1977.jpg,True,A,0.8820907473564148,True
A,/kaggle/input/datasets/grassknoted/asl-alphabet/asl_alphabet_train/asl_alphabet_train/A/A1989.jpg,True,A,0.8925303220748901,True
A,/kaggle/input/datasets/grassknoted/asl-alphabet/asl_alphabet_train/asl_alphabet_train/A/A2042.jpg,True,A,0.8662253022193909,True
A,/kaggle/input/datasets/grassknoted/asl-alphabet/asl_alphabet_train/asl_alphabet_train/A/A2058.jpg,True,A,0.8972404599189758,True
A,/kaggle/input/datasets/grassknoted/asl-alphabet/asl_alphabet_train/asl_alphabet_train/A/A2095.jpg,True,A,0.8808073401451111,True
A,/kaggle/input/datasets/grassknoted/asl-alphabet/asl_alphabet_train/asl_alphabet_train/A/A213.jpg,False,A,0.8909305930137634,True
A,/kaggle/input/datasets/grassknoted/asl-alphabet/asl_alphabet_train/asl_alphabet_train/A/A2145.jpg,True,A,0.8853585720062256,True
A,/kaggle/input/datasets/grassknoted/asl-alphabet/asl_alphabet_train/asl_alphabet_train/A/A2168.jpg,True,A,0.888583242893219,True
A,/kaggle/input/datasets/grassknoted/asl-alphabet/asl_alphabet_train/asl_alphabet_train/A/A217.jpg,False,A,0.8940503597259521,True
A,/kaggle/input/datasets/grassknoted/asl-alphabet/asl_alphabet_train/asl_alphabet_train/A/A2171.jpg,True,A,0.88868248462677,True
A,/kaggle/input/datasets/grassknoted/asl-alphabet/asl_alphabet_train/asl_alphabet_train/A/A2180.jpg,True,A,0.904933512210846,True
A,/kaggle/input/datasets/grassknoted/asl-alphabet/asl_alphabet_train/asl_alphabet_train/A/A2182.jpg,True,A,0.9001389145851135,True
A,/kaggle/input/datasets/grassknoted/asl-alphabet/asl_alphabet_train/asl_alphabet_train/A/A2187.jpg,True,A,0.8983265161514282,True
A,/kaggle/input/datasets/grassknoted/asl-alphabet/asl_alphabet_train/asl_alphabet_train/A/A2237.jpg,True,A,0.841627299785614,True
A,/kaggle/input/datasets/grassknoted/asl-alphabet/asl_alphabet_train/asl_alphabet_train/A/A2239.jpg,True,A,0.8317638635635376,True
A,/kaggle/input/datasets/grassknoted/asl-alphabet/asl_alphabet_train/asl_alphabet_train/A/A2253.jpg,True,A,0.8734779357910156,True
A,/kaggle/input/datasets/grassknoted/asl-alphabet/asl_alphabet_train/asl_alphabet_train/A/A2272.jpg,True,A,0.8766133785247803,True
A,/kaggle/input/datasets/grassknoted/asl-alphabet/asl_alphabet_train/asl_alphabet_train/A/A2313.jpg,True,A,0.8689242005348206,True
A,/kaggle/input/datasets/grassknoted/asl-alphabet/asl_alphabet_train/asl_alphabet_train/A/A2321.jpg,True,A,0.8718964457511902,True
A,/kaggle/input/datasets/grassknoted/asl-alphabet/asl_alphabet_train/asl_alphabet_train/A/A2346.jpg,True,A,0.8983520865440369,True
A,/kaggle/input/datasets/grassknoted/asl-alphabet/asl_alphabet_train/asl_alphabet_train/A/A2378.jpg,True,A,0.8998456001281738,True
A,/kaggle/input/datasets/grassknoted/asl-alphabet/asl_alphabet_train/asl_alphabet_train/A/A2436.jpg,False,A,0.8805403113365173,True
A,/kaggle/input/datasets/grassknoted/asl-alphabet/asl_alphabet_train/asl_alphabet_train/A/A2453.jpg,True,A,0.8524795770645142,True
A,/kaggle/input/datasets/grassknoted/asl-alphabet/asl_alphabet_train/asl_alphabet_train/A/A2463.jpg,True,A,0.8067917823791504,True
A,/kaggle/input/datasets/grassknoted/asl-alphabet/asl_alphabet_train/asl_alphabet_train/A/A2511.jpg,False,A,0.862568199634552,True
A,/kaggle/input/datasets/grassknoted/asl-alphabet/asl_alphabet_train/asl_alphabet_train/A/A2670.jpg,True,A,0.7435542941093445,True
A,/kaggle/input/datasets/grassknoted/asl-alphabet/asl_alphabet_train/asl_alphabet_train/A/A2690.jpg,False,M,0.2812557816505432,False
A,/kaggle/input/datasets/grassknoted/asl-alphabet/asl_alphabet_train/asl_alphabet_train/A/A2694.jpg,False,A,0.5172086954116821,True
A,/kaggle/input/datasets/grassknoted/asl-alphabet/asl_alphabet_train/asl_alphabet_train/A/A2709.jpg,False,A,0.8720315098762512,True
A,/kaggle/input/datasets/grassknoted/asl-alphabet/asl_alphabet_train/asl_alphabet_train/A/A2717.jpg,False,A,0.8455620408058167,True
A,/kaggle/input/datasets/grassknoted/asl-alphabet/asl_alphabet_train/asl_alphabet_train/A/A2796.jpg,False,A,0.8283509612083435,True
A,/kaggle/input/datasets/grassknoted/asl-alphabet/asl_alphabet_train/asl_alphabet_train/A/A2799.jpg,False,A,0.8547823429107666,True
A,/kaggle/input/datasets/grassknoted/asl-alphabet/asl_alphabet_train/asl_alphabet_train/A/A2818.jpg,False,A,0.8588144183158875,True
A,/kaggle/input/datasets/grassknoted/asl-alphabet/asl_alphabet_train/asl_alphabet_train/A/A2823.jpg,False,A,0.845824122428894,True
A,/kaggle/input/datasets/grassknoted/asl-alphabet/asl_alphabet_train/asl_alphabet_train/A/A2837.jpg,False,A,0.8846541047096252,True
A,/kaggle/input/datasets/grassknoted/asl-alphabet/asl_alphabet_train/asl_alphabet_train/A/A2840.jpg,False,A,0.8712370991706848,True
A,/kaggle/input/datasets/grassknoted/asl-alphabet/asl_alphabet_train/asl_alphabet_train/A/A2854.jpg,False,A,0.8706687688827515,True
A,/kaggle/input/datasets/grassknoted/asl-alphabet/asl_alphabet_train/asl_alphabet_train/A/A2880.jpg,False,A,0.9025259017944336,True
A,/kaggle/input/datasets/grassknoted/asl-alphabet/asl_alphabet_train/asl_alphabet_train/A/A2881.jpg,False,A,0.8922162055969238,True
A,/kaggle/input/datasets/grassknoted/asl-alphabet/asl_alphabet_train/asl_alphabet_train/A/A2928.jpg,False,A,0.869548499584198,True
A,/kaggle/input/datasets/grassknoted/asl-alphabet/asl_alphabet_train/asl_alphabet_train/A/A2979.jpg,True,A,0.9024215936660767,True
A,/kaggle/input/datasets/grassknoted/asl-alphabet/asl_alphabet_train/asl_alphabet_train/A/A2984.jpg,True,A,0.8883734941482544,True
A,/kaggle/input/datasets/grassknoted/asl-alphabet/asl_alphabet_train/asl_alphabet_train/A/A2995.jpg,False,A,0.8855396509170532,True
A,/kaggle/input/datasets/grassknoted/asl-alphabet/asl_alphabet_train/asl_alphabet_train/A/A305.jpg,True,A,0.8821247220039368,True
A,/kaggle/input/datasets/grassknoted/asl-alphabet/asl_alphabet_train/asl_alphabet_train/A/A316.jpg,True,A,0.8926972150802612,True
A,/kaggle/input/datasets/grassknoted/asl-alphabet/asl_alphabet_train/asl_alphabet_train/A/A32.jpg,True,A,0.8771960139274597,True
A,/kaggle/input/datasets/grassknoted/asl-alphabet/asl_alphabet_train/asl_alphabet_train/A/A356.jpg,True,A,0.8660335540771484,True
A,/kaggle/input/datasets/grassknoted/asl-alphabet/asl_alphabet_train/asl_alphabet_train/A/A361.jpg,True,A,0.8666425943374634,True
A,/kaggle/input/datasets/grassknoted/asl-alphabet/asl_alphabet_train/asl_alphabet_train/A/A364.jpg,True,A,0.8673039674758911,True
A,/kaggle/input/datasets/grassknoted/asl-alphabet/asl_alphabet_train/asl_alphabet_train/A/A365.jpg,True,A,0.8599551320075989,True
A,/kaggle/input/datasets/grassknoted/asl-alphabet/asl_alphabet_train/asl_alphabet_train/A/A425.jpg,True,A,0.8993141055107117,True
A,/kaggle/input/datasets/grassknoted/asl-alphabet/asl_alphabet_train/asl_alphabet_train/A/A465.jpg,True,A,0.8731359243392944,True
A,/kaggle/input/datasets/grassknoted/asl-alphabet/asl_alphabet_train/asl_alphabet_train/A/A467.jpg,True,A,0.8792737126350403,True
A,/kaggle/input/datasets/grassknoted/asl-alphabet/asl_alphabet_train/asl_alphabet_train/A/A487.jpg,True,A,0.890070915222168,True
A,/kaggle/input/datasets/grassknoted/asl-alphabet/asl_alphabet_train/asl_alphabet_train/A/A504.jpg,True,A,0.8852569460868835,True
A,/kaggle/input/datasets/grassknoted/asl-alphabet/asl_alphabet_train/asl_alphabet_train/A/A534.jpg,True,A,0.8855863809585571,True
A,/kaggle/input/datasets/grassknoted/asl-alphabet/asl_alphabet_train/asl_alphabet_train/A/A538.jpg,True,A,0.8871815800666809,True
A,/kaggle/input/datasets/grassknoted/asl-alphabet/asl_alphabet_train/asl_alphabet_train/A/A544.jpg,True,A,0.8880007863044739,True
A,/kaggle/input/datasets/grassknoted/asl-alphabet/asl_alphabet_train/asl_alphabet_train/A/A566.jpg,True,A,0.89637291431427,True
A,/kaggle/input/datasets/grassknoted/asl-alphabet/asl_alphabet_train/asl_alphabet_train/A/A567.jpg,True,A,0.8992645740509033,True
A,/kaggle/input/datasets/grassknoted/asl-alphabet/asl_alphabet_train/asl_alphabet_train/A/A643.jpg,True,A,0.9045191407203674,True
A,/kaggle/input/datasets/grassknoted/asl-alphabet/asl_alphabet_train/asl_alphabet_train/A/A668.jpg,True,A,0.8941472768783569,True
A,/kaggle/input/datasets/grassknoted/asl-alphabet/asl_alphabet_train/asl_alphabet_train/A/A716.jpg,True,A,0.8842549920082092,True
A,/kaggle/input/datasets/grassknoted/asl-alphabet/asl_alphabet_train/asl_alphabet_train/A/A719.jpg,True,A,0.8866217136383057,True
A,/kaggle/input/datasets/grassknoted/asl-alphabet/asl_alphabet_train/asl_alphabet_train/A/A737.jpg,True,A,0.87967848777771,True
A,/kaggle/input/datasets/grassknoted/asl-alphabet/asl_alphabet_train/asl_alphabet_train/A/A757.jpg,True,A,0.8754778504371643,True
A,/kaggle/input/datasets/grassknoted/asl-alphabet/asl_alphabet_train/asl_alphabet_train/A/A821.jpg,False,A,0.8947049975395203,True
A,/kaggle/input/datasets/grassknoted/asl-alphabet/asl_alphabet_train/asl_alphabet_train/A/A856.jpg,False,A,0.8945658802986145,True
A,/kaggle/input/datasets/grassknoted/asl-alphabet/asl_alphabet_train/asl_alphabet_train/A/A872.jpg,False,A,0.9133473634719849,True
A,/kaggle/input/datasets/grassknoted/asl-alphabet/asl_alphabet_train/asl_alphabet_train/A/A88.jpg,False,A,0.8931781649589539,True
B,/kaggle/input/datasets/grassknoted/asl-alphabet/asl_alphabet_train/asl_alphabet_train/B/B105.jpg,False,B,0.8875927329063416,True
B,/kaggle/input/datasets/grassknoted/asl-alphabet/asl_alphabet_train/asl_alphabet_train/B/B1059.jpg,True,B,0.9060778021812439,True
B,/kaggle/input/datasets/grassknoted/asl-alphabet/asl_alphabet_train/asl_alphabet_train/B/B1108.jpg,True,B,0.8921247720718384,True
B,/kaggle/input/datasets/grassknoted/asl-alphabet/asl_alphabet_train/asl_alphabet_train/B/B1172.jpg,True,B,0.8999931812286377,True
B,/kaggle/input/datasets/grassknoted/asl-alphabet/asl_alphabet_train/asl_alphabet_train/B/B1206.jpg,True,B,0.8906164169311523,True
B,/kaggle/input/datasets/grassknoted/asl-alphabet/asl_alphabet_train/asl_alphabet_train/B/B122.jpg,False,B,0.8979000449180603,True
B,/kaggle/input/datasets/grassknoted/asl-alphabet/asl_alphabet_train/asl_alphabet_train/B/B1221.jpg,True,B,0.8830794095993042,True
B,/kaggle/input/datasets/grassknoted/asl-alphabet/asl_alphabet_train/asl_alphabet_train/B/B1249.jpg,True,B,0.9141831994056702,True
B,/kaggle/input/datasets/grassknoted/asl-alphabet/asl_alphabet_train/asl_alphabet_train/B/B1251.jpg,True,B,0.9043963551521301,True
B,/kaggle/input/datasets/grassknoted/asl-alphabet/asl_alphabet_train/asl_alphabet_train/B/B1273.jpg,True,B,0.9049928784370422,True
B,/kaggle/input/datasets/grassknoted/asl-alphabet/asl_alphabet_train/asl_alphabet_train/B/B1333.jpg,True,B,0.884689211845398,True
B,/kaggle/input/datasets/grassknoted/asl-alphabet/asl_alphabet_train/asl_alphabet_train/B/B137.jpg,False,B,0.8951472043991089,True
B,/kaggle/input/datasets/grassknoted/asl-alphabet/asl_alphabet_train/asl_alphabet_train/B/B1383.jpg,True,B,0.9039533138275146,True
B,/kaggle/input/datasets/grassknoted/asl-alphabet/asl_alphabet_train/asl_alphabet_train/B/B1403.jpg,True,B,0.9042894840240479,True
B,/kaggle/input/datasets/grassknoted/asl-alphabet/asl_alphabet_train/asl_alphabet_train/B/B1431.jpg,True,B,0.90252286195755,True
B,/kaggle/input/datasets/grassknoted/asl-alphabet/asl_alphabet_train/asl_alphabet_train/B/B1453.jpg,True,B,0.9068928360939026,True
B,/kaggle/input/datasets/grassknoted/asl-alphabet/asl_alphabet_train/asl_alphabet_train/B/B1465.jpg,True,B,0.908818244934082,True
B,/kaggle/input/datasets/grassknoted/asl-alphabet/asl_alphabet_train/asl_alphabet_train/B/B1475.jpg,True,B,0.9034658074378967,True
B,/kaggle/input/datasets/grassknoted/asl-alphabet/asl_alphabet_train/asl_alphabet_train/B/B15.jpg,True,B,0.8803492784500122,True
B,/kaggle/input/datasets/grassknoted/asl-alphabet/asl_alphabet_train/asl_alphabet_train/B/B1530.jpg,True,B,0.9090455770492554,True
B,/kaggle/input/datasets/grassknoted/asl-alphabet/asl_alphabet_train/asl_alphabet_train/B/B1683.jpg,True,B,0.9108400940895081,True
B,/kaggle/input/datasets/grassknoted/asl-alphabet/asl_alphabet_train/asl_alphabet_train/B/B1689.jpg,True,B,0.9158602952957153,True
B,/kaggle/input/datasets/grassknoted/asl-alphabet/asl_alphabet_train/asl_alphabet_train/B/B1694.jpg,True,B,0.9069826602935791,True
B,/kaggle/input/datasets/grassknoted/asl-alphabet/asl_alphabet_train/asl_alphabet_train/B/B1713.jpg,True,B,0.8988149762153625,True
B,/kaggle/input/datasets/grassknoted/asl-alphabet/asl_alphabet_train/asl_alphabet_train/B/B1718.jpg,True,B,0.8973381519317627,True
B,/kaggle/input/datasets/grassknoted/asl-alphabet/asl_alphabet_train/asl_alphabet_train/B/B1739.jpg,True,B,0.8979067802429199,True
B,/kaggle/input/datasets/grassknoted/asl-alphabet/asl_alphabet_train/asl_alphabet_train/B/B1767.jpg,True,B,0.8830156326293945,True
B,/kaggle/input/datasets/grassknoted/asl-alphabet/asl_alphabet_train/asl_alphabet_train/B/B1788.jpg,True,B,0.9056870937347412,True
B,/kaggle/input/datasets/grassknoted/asl-alphabet/asl_alphabet_train/asl_alphabet_train/B/B18.jpg,True,B,0.8803446888923645,True
B,/kaggle/input/datasets/grassknoted/asl-alphabet/asl_alphabet_train/asl_alphabet_train/B/B1804.jpg,True,B,0.9046149253845215,True
B,/kaggle/input/datasets/grassknoted/asl-alphabet/asl_alphabet_train/asl_alphabet_train/B/B1815.jpg,True,B,0.889570415019989,True
B,/kaggle/input/datasets/grassknoted/asl-alphabet/asl_alphabet_train/asl_alphabet_train/B/B1876.jpg,True,B,0.8794877529144287,True
B,/kaggle/input/datasets/grassknoted/asl-alphabet/asl_alphabet_train/asl_alphabet_train/B/B1893.jpg,True,B,0.8658375144004822,True
B,/kaggle/input/datasets/grassknoted/asl-alphabet/asl_alphabet_train/asl_alphabet_train/B/B1925.jpg,True,B,0.8978703618049622,True
B,/kaggle/input/datasets/grassknoted/asl-alphabet/asl_alphabet_train/asl_alphabet_train/B/B1955.jpg,True,B,0.8949045538902283,True
B,/kaggle/input/datasets/grassknoted/asl-alphabet/asl_alphabet_train/asl_alphabet_train/B/B2101.jpg,False,B,0.9073441624641418,True
B,/kaggle/input/datasets/grassknoted/asl-alphabet/asl_alphabet_train/asl_alphabet_train/B/B2118.jpg,False,B,0.8932948708534241,True
B,/kaggle/input/datasets/grassknoted/asl-alphabet/asl_alphabet_train/asl_alphabet_train/B/B2140.jpg,True,B,0.8810029625892639,True
B,/kaggle/input/datasets/grassknoted/asl-alphabet/asl_alphabet_train/asl_alphabet_train/B/B2173.jpg,True,B,0.8580403327941895,True
B,/kaggle/input/datasets/grassknoted/asl-alphabet/asl_alphabet_train/asl_alphabet_train/B/B2177.jpg,True,B,0.8509078025817871,True
B,/kaggle/input/datasets/grassknoted/asl-alphabet/asl_alphabet_train/asl_alphabet_train/B/B2183.jpg,True,B,0.8716392517089844,True
B,/kaggle/input/datasets/grassknoted/asl-alphabet/asl_alphabet_train/asl_alphabet_train/B/B2184.jpg,True,B,0.871120035648346,True
B,/kaggle/input/datasets/grassknoted/asl-alphabet/asl_alphabet_train/asl_alphabet_train/B/B2192.jpg,True,B,0.8698341846466064,True
B,/kaggle/input/datasets/grassknoted/asl-alphabet/asl_alphabet_train/asl_alphabet_train/B/B2195.jpg,True,B,0.8671654462814331,True
B,/kaggle/input/datasets/grassknoted/asl-alphabet/asl_alphabet_train/asl_alphabet_train/B/B2198.jpg,True,B,0.8869407176971436,True
B,/kaggle/input/datasets/grassknoted/asl-alphabet/asl_alphabet_train/asl_alphabet_train/B/B2220.jpg,True,B,0.8848657011985779,True
B,/kaggle/input/datasets/grassknoted/asl-alphabet/asl_alphabet_train/asl_alphabet_train/B/B2250.jpg,True,B,0.915157675743103,True
B,/kaggle/input/datasets/grassknoted/asl-alphabet/asl_alphabet_train/asl_alphabet_train/B/B2273.jpg,True,B,0.8665018677711487,True
B,/kaggle/input/datasets/grassknoted/asl-alphabet/asl_alphabet_train/asl_alphabet_train/B/B2290.jpg,False,B,0.7653868198394775,True
B,/kaggle/input/datasets/grassknoted/asl-alphabet/asl_alphabet_train/asl_alphabet_train/B/B2292.jpg,True,B,0.861879289150238,True
B,/kaggle/input/datasets/grassknoted/asl-alphabet/asl_alphabet_train/asl_alphabet_train/B/B230.jpg,False,B,0.9059128165245056,True
B,/kaggle/input/datasets/grassknoted/asl-alphabet/asl_alphabet_train/asl_alphabet_train/B/B2304.jpg,False,B,0.8623152375221252,True
B,/kaggle/input/datasets/grassknoted/asl-alphabet/asl_alphabet_train/asl_alphabet_train/B/B2310.jpg,True,B,0.837108314037323,True
B,/kaggle/input/datasets/grassknoted/asl-alphabet/asl_alphabet_train/asl_alphabet_train/B/B2316.jpg,True,B,0.8756389617919922,True
B,/kaggle/input/datasets/grassknoted/asl-alphabet/asl_alphabet_train/asl_alphabet_train/B/B2402.jpg,True,B,0.9011222124099731,True
B,/kaggle/input/datasets/grassknoted/asl-alphabet/asl_alphabet_train/asl_alphabet_train/B/B2440.jpg,True,B,0.8831444978713989,True
B,/kaggle/input/datasets/grassknoted/asl-alphabet/asl_alphabet_train/asl_alphabet_train/B/B2458.jpg,True,B,0.8638325333595276,True
B,/kaggle/input/datasets/grassknoted/asl-alphabet/asl_alphabet_train/asl_alphabet_train/B/B2468.jpg,True,B,0.8804932236671448,True
B,/kaggle/input/datasets/grassknoted/asl-alphabet/asl_alphabet_train/asl_alphabet_train/B/B2525.jpg,False,B,0.8667925596237183,True
B,/kaggle/input/datasets/grassknoted/asl-alphabet/asl_alphabet_train/asl_alphabet_train/B/B2536.jpg,False,B,0.8619886636734009,True
B,/kaggle/input/datasets/grassknoted/asl-alphabet/asl_alphabet_train/asl_alphabet_train/B/B2546.jpg,False,B,0.8727639317512512,True
B,/kaggle/input/datasets/grassknoted/asl-alphabet/asl_alphabet_train/asl_alphabet_train/B/B2550.jpg,False,B,0.8659471273422241,True
B,/kaggle/input/datasets/grassknoted/asl-alphabet/asl_alphabet_train/asl_alphabet_train/B/B2565.jpg,True,B,0.8463649153709412,True
B,/kaggle/input/datasets/grassknoted/asl-alphabet/asl_alphabet_train/asl_alphabet_train/B/B2579.jpg,False,B,0.8629408478736877,True
B,/kaggle/input/datasets/grassknoted/asl-alphabet/asl_alphabet_train/asl_alphabet_train/B/B2635.jpg,False,B,0.8851879835128784,True
B,/kaggle/input/datasets/grassknoted/asl-alphabet/asl_alphabet_train/asl_alphabet_train/B/B2659.jpg,False,B,0.8698406219482422,True
B,/kaggle/input/datasets/grassknoted/asl-alphabet/asl_alphabet_train/asl_alphabet_train/B/B2666.jpg,False,B,0.8637990355491638,True
B,/kaggle/input/datasets/grassknoted/asl-alphabet/asl_alphabet_train/asl_alphabet_train/B/B2720.jpg,False,B,0.8579011559486389,True
B,/kaggle/input/datasets/grassknoted/asl-alphabet/asl_alphabet_train/asl_alphabet_train/B/B2752.jpg,False,B,0.8637570142745972,True
B,/kaggle/input/datasets/grassknoted/asl-alphabet/asl_alphabet_train/asl_alphabet_train/B/B2756.jpg,False,B,0.8623614311218262,True
B,/kaggle/input/datasets/grassknoted/asl-alphabet/asl_alphabet_train/asl_alphabet_train/B/B2800.jpg,False,B,0.8852421045303345,True
B,/kaggle/input/datasets/grassknoted/asl-alphabet/asl_alphabet_train/asl_alphabet_train/B/B2802.jpg,False,B,0.8824186325073242,True
B,/kaggle/input/datasets/grassknoted/asl-alphabet/asl_alphabet_train/asl_alphabet_train/B/B2828.jpg,False,B,0.8765393495559692,True
B,/kaggle/input/datasets/grassknoted/asl-alphabet/asl_alphabet_train/asl_alphabet_train/B/B2851.jpg,True,B,0.8521590232849121,True
B,/kaggle/input/datasets/grassknoted/asl-alphabet/asl_alphabet_train/asl_alphabet_train/B/B2879.jpg,False,B,0.8622247576713562,True
B,/kaggle/input/datasets/grassknoted/asl-alphabet/asl_alphabet_train/asl_alphabet_train/B/B29.jpg,False,B,0.8859835863113403,True
B,/kaggle/input/datasets/grassknoted/asl-alphabet/asl_alphabet_train/asl_alphabet_train/B/B2900.jpg,False,B,0.8611193299293518,True
B,/kaggle/input/datasets/grassknoted/asl-alphabet/asl_alphabet_train/asl_alphabet_train/B/B2932.jpg,False,B,0.8393192291259766,True
B,/kaggle/input/datasets/grassknoted/asl-alphabet/asl_alphabet_train/asl_alphabet_train/B/B3.jpg,True,B,0.8881682753562927,True
B,/kaggle/input/datasets/grassknoted/asl-alphabet/asl_alphabet_train/asl_alphabet_train/B/B301.jpg,True,B,0.8766040205955505,True
B,/kaggle/input/datasets/grassknoted/asl-alphabet/asl_alphabet_train/asl_alphabet_train/B/B308.jpg,True,B,0.8671027421951294,True
B,/kaggle/input/datasets/grassknoted/asl-alphabet/asl_alphabet_train/asl_alphabet_train/B/B338.jpg,True,B,0.8922089338302612,True
B,/kaggle/input/datasets/grassknoted/asl-alphabet/asl_alphabet_train/asl_alphabet_train/B/B368.jpg,True,B,0.8825609683990479,True
B,/kaggle/input/datasets/grassknoted/asl-alphabet/asl_alphabet_train/asl_alphabet_train/B/B388.jpg,True,B,0.888777494430542,True
B,/kaggle/input/datasets/grassknoted/asl-alphabet/asl_alphabet_train/asl_alphabet_train/B/B397.jpg,True,B,0.8935059309005737,True
B,/kaggle/input/datasets/grassknoted/asl-alphabet/asl_alphabet_train/asl_alphabet_train/B/B413.jpg,True,B,0.8992754817008972,True
B,/kaggle/input/datasets/grassknoted/asl-alphabet/asl_alphabet_train/asl_alphabet_train/B/B429.jpg,True,B,0.895342230796814,True
B,/kaggle/input/datasets/grassknoted/asl-alphabet/asl_alphabet_train/asl_alphabet_train/B/B473.jpg,True,B,0.8842650055885315,True
B,/kaggle/input/datasets/grassknoted/asl-alphabet/asl_alphabet_train/asl_alphabet_train/B/B56.jpg,False,B,0.877783477306366,True
B,/kaggle/input/datasets/grassknoted/asl-alphabet/asl_alphabet_train/asl_alphabet_train/B/B591.jpg,True,B,0.9076111912727356,True
B,/kaggle/input/datasets/grassknoted/asl-alphabet/asl_alphabet_train/asl_alphabet_train/B/B671.jpg,True,B,0.8950590491294861,True
B,/kaggle/input/datasets/grassknoted/asl-alphabet/asl_alphabet_train/asl_alphabet_train/B/B672.jpg,True,B,0.8932812809944153,True
B,/kaggle/input/datasets/grassknoted/asl-alphabet/asl_alphabet_train/asl_alphabet_train/B/B767.jpg,True,B,0.9004986882209778,True
B,/kaggle/input/datasets/grassknoted/asl-alphabet/asl_alphabet_train/asl_alphabet_train/B/B81.jpg,False,B,0.891607403755188,True
B,/kaggle/input/datasets/grassknoted/asl-alphabet/asl_alphabet_train/asl_alphabet_train/B/B82.jpg,False,B,0.8877184987068176,True
B,/kaggle/input/datasets/grassknoted/asl-alphabet/asl_alphabet_train/asl_alphabet_train/B/B836.jpg,True,B,0.880286455154419,True
B,/kaggle/input/datasets/grassknoted/asl-alphabet/asl_alphabet_train/asl_alphabet_train/B/B865.jpg,True,B,0.8769255876541138,True
B,/kaggle/input/datasets/grassknoted/asl-alphabet/asl_alphabet_train/asl_alphabet_train/B/B869.jpg,True,B,0.8709734082221985,True
B,/kaggle/input/datasets/grassknoted/asl-alphabet/asl_alphabet_train/asl_alphabet_train/B/B940.jpg,True,B,0.8872708082199097,True
B,/kaggle/input/datasets/grassknoted/asl-alphabet/asl_alphabet_train/asl_alphabet_train/B/B962.jpg,True,B,0.8918800354003906,True
C,/kaggle/input/datasets/grassknoted/asl-alphabet/asl_alphabet_train/asl_alphabet_train/C/C1015.jpg,True,C,0.9073311686515808,True
C,/kaggle/input/datasets/grassknoted/asl-alphabet/asl_alphabet_train/asl_alphabet_train/C/C1034.jpg,True,C,0.9165863394737244,True
C,/kaggle/input/datasets/grassknoted/asl-alphabet/asl_alphabet_train/asl_alphabet_train/C/C1045.jpg,True,C,0.9025159478187561,True
C,/kaggle/input/datasets/grassknoted/asl-alphabet/asl_alphabet_train/asl_alphabet_train/C/C1046.jpg,True,C,0.8965297937393188,True
C,/kaggle/input/datasets/grassknoted/asl-alphabet/asl_alphabet_train/asl_alphabet_train/C/C1064.jpg,True,C,0.9040735960006714,True
C,/kaggle/input/datasets/grassknoted/asl-alphabet/asl_alphabet_train/asl_alphabet_train/C/C1211.jpg,True,C,0.9051508903503418,True
C,/kaggle/input/datasets/grassknoted/asl-alphabet/asl_alphabet_train/asl_alphabet_train/C/C1220.jpg,True,C,0.9223403334617615,True
C,/kaggle/input/datasets/grassknoted/asl-alphabet/asl_alphabet_train/asl_alphabet_train/C/C1280.jpg,True,C,0.9130645394325256,True
C,/kaggle/input/datasets/grassknoted/asl-alphabet/asl_alphabet_train/asl_alphabet_train/C/C1291.jpg,True,C,0.9085590243339539,True
C,/kaggle/input/datasets/grassknoted/asl-alphabet/asl_alphabet_train/asl_alphabet_train/C/C1318.jpg,True,C,0.8875706791877747,True
C,/kaggle/input/datasets/grassknoted/asl-alphabet/asl_alphabet_train/asl_alphabet_train/C/C1319.jpg,True,C,0.892122745513916,True
C,/kaggle/input/datasets/grassknoted/asl-alphabet/asl_alphabet_train/asl_alphabet_train/C/C1325.jpg,True,C,0.8898212909698486,True
C,/kaggle/input/datasets/grassknoted/asl-alphabet/asl_alphabet_train/asl_alphabet_train/C/C1344.jpg,True,C,0.898729681968689,True
C,/kaggle/input/datasets/grassknoted/asl-alphabet/asl_alphabet_train/asl_alphabet_train/C/C1349.jpg,True,C,0.8869651556015015,True
C,/kaggle/input/datasets/grassknoted/asl-alphabet/asl_alphabet_train/asl_alphabet_train/C/C1372.jpg,True,C,0.9084250926971436,True
C,/kaggle/input/datasets/grassknoted/asl-alphabet/asl_alphabet_train/asl_alphabet_train/C/C1375.jpg,True,C,0.9117401838302612,True
C,/kaggle/input/datasets/grassknoted/asl-alphabet/asl_alphabet_train/asl_alphabet_train/C/C1393.jpg,True,C,0.9111396074295044,True
C,/kaggle/input/datasets/grassknoted/asl-alphabet/asl_alphabet_train/asl_alphabet_train/C/C1441.jpg,True,C,0.9139537215232849,True
C,/kaggle/input/datasets/grassknoted/asl-alphabet/asl_alphabet_train/asl_alphabet_train/C/C1455.jpg,False,C,0.9045332670211792,True
C,/kaggle/input/datasets/grassknoted/asl-alphabet/asl_alphabet_train/asl_alphabet_train/C/C1484.jpg,False,C,0.9068850874900818,True
C,/kaggle/input/datasets/grassknoted/asl-alphabet/asl_alphabet_train/asl_alphabet_train/C/C1524.jpg,True,C,0.9004964232444763,True
C,/kaggle/input/datasets/grassknoted/asl-alphabet/asl_alphabet_train/asl_alphabet_train/C/C1600.jpg,True,C,0.907936155796051,True
C,/kaggle/input/datasets/grassknoted/asl-alphabet/asl_alphabet_train/asl_alphabet_train/C/C1624.jpg,True,C,0.9075596332550049,True
C,/kaggle/input/datasets/grassknoted/asl-alphabet/asl_alphabet_train/asl_alphabet_train/C/C1671.jpg,True,C,0.900360643863678,True
C,/kaggle/input/datasets/grassknoted/asl-alphabet/asl_alphabet_train/asl_alphabet_train/C/C1730.jpg,True,C,0.9187738299369812,True
C,/kaggle/input/datasets/grassknoted/asl-alphabet/asl_alphabet_train/asl_alphabet_train/C/C1731.jpg,True,C,0.9195597767829895,True
C,/kaggle/input/datasets/grassknoted/asl-alphabet/asl_alphabet_train/asl_alphabet_train/C/C176.jpg,True,C,0.8833820819854736,True
C,/kaggle/input/datasets/grassknoted/asl-alphabet/asl_alphabet_train/asl_alphabet_train/C/C1771.jpg,True,C,0.9109457731246948,True
C,/kaggle/input/datasets/grassknoted/asl-alphabet/asl_alphabet_train/asl_alphabet_train/C/C1779.jpg,True,C,0.8988190293312073,True
C,/kaggle/input/datasets/grassknoted/asl-alphabet/asl_alphabet_train/asl_alphabet_train/C/C1780.jpg,True,C,0.8947742581367493,True
C,/kaggle/input/datasets/grassknoted/asl-alphabet/asl_alphabet_train/asl_alphabet_train/C/C1796.jpg,True,C,0.9129800796508789,True
C,/kaggle/input/datasets/grassknoted/asl-alphabet/asl_alphabet_train/asl_alphabet_train/C/C1809.jpg,True,C,0.9092184901237488,True
C,/kaggle/input/datasets/grassknoted/asl-alphabet/asl_alphabet_train/asl_alphabet_train/C/C1831.jpg,True,C,0.9026052951812744,True
C,/kaggle/input/datasets/grassknoted/asl-alphabet/asl_alphabet_train/asl_alphabet_train/C/C1836.jpg,True,C,0.895930290222168,True
C,/kaggle/input/datasets/grassknoted/asl-alphabet/asl_alphabet_train/asl_alphabet_train/C/C1899.jpg,True,C,0.9015109539031982,True
C,/kaggle/input/datasets/grassknoted/asl-alphabet/asl_alphabet_train/asl_alphabet_train/C/C2008.jpg,True,C,0.8889361023902893,True
C,/kaggle/input/datasets/grassknoted/asl-alphabet/asl_alphabet_train/asl_alphabet_train/C/C2050.jpg,True,C,0.9055572748184204,True
C,/kaggle/input/datasets/grassknoted/asl-alphabet/asl_alphabet_train/asl_alphabet_train/C/C2097.jpg,True,C,0.868659496307373,True
C,/kaggle/input/datasets/grassknoted/asl-alphabet/asl_alphabet_train/asl_alphabet_train/C/C2110.jpg,False,C,0.8672991991043091,True
C,/kaggle/input/datasets/grassknoted/asl-alphabet/asl_alphabet_train/asl_alphabet_train/C/C2117.jpg,False,C,0.8772884011268616,True
C,/kaggle/input/datasets/grassknoted/asl-alphabet/asl_alphabet_train/asl_alphabet_train/C/C2133.jpg,False,C,0.8953496813774109,True
C,/kaggle/input/datasets/grassknoted/asl-alphabet/asl_alphabet_train/asl_alphabet_train/C/C2145.jpg,False,C,0.9112770557403564,True
C,/kaggle/input/datasets/grassknoted/asl-alphabet/asl_alphabet_train/asl_alphabet_train/C/C2155.jpg,False,C,0.9123563766479492,True
C,/kaggle/input/datasets/grassknoted/asl-alphabet/asl_alphabet_train/asl_alphabet_train/C/C2243.jpg,True,C,0.8940045237541199,True
C,/kaggle/input/datasets/grassknoted/asl-alphabet/asl_alphabet_train/asl_alphabet_train/C/C225.jpg,True,C,0.9022903442382812,True
C,/kaggle/input/datasets/grassknoted/asl-alphabet/asl_alphabet_train/asl_alphabet_train/C/C2294.jpg,True,C,0.8945856094360352,True
C,/kaggle/input/datasets/grassknoted/asl-alphabet/asl_alphabet_train/asl_alphabet_train/C/C2304.jpg,True,C,0.8796039819717407,True
C,/kaggle/input/datasets/grassknoted/asl-alphabet/asl_alphabet_train/asl_alphabet_train/C/C2309.jpg,True,C,0.9032742977142334,True
C,/kaggle/input/datasets/grassknoted/asl-alphabet/asl_alphabet_train/asl_alphabet_train/C/C2326.jpg,True,C,0.8821678161621094,True
C,/kaggle/input/datasets/grassknoted/asl-alphabet/asl_alphabet_train/asl_alphabet_train/C/C233.jpg,True,C,0.9091745615005493,True
C,/kaggle/input/datasets/grassknoted/asl-alphabet/asl_alphabet_train/asl_alphabet_train/C/C2347.jpg,True,C,0.8884882926940918,True
C,/kaggle/input/datasets/grassknoted/asl-alphabet/asl_alphabet_train/asl_alphabet_train/C/C2382.jpg,True,C,0.8961098790168762,True
C,/kaggle/input/datasets/grassknoted/asl-alphabet/asl_alphabet_train/asl_alphabet_train/C/C2427.jpg,True,C,0.8965793251991272,True
C,/kaggle/input/datasets/grassknoted/asl-alphabet/asl_alphabet_train/asl_alphabet_train/C/C2477.jpg,True,C,0.8777123689651489,True
C,/kaggle/input/datasets/grassknoted/asl-alphabet/asl_alphabet_train/asl_alphabet_train/C/C25.jpg,False,C,0.8873106241226196,True
C,/kaggle/input/datasets/grassknoted/asl-alphabet/asl_alphabet_train/asl_alphabet_train/C/C2529.jpg,False,C,0.9090527892112732,True
C,/kaggle/input/datasets/grassknoted/asl-alphabet/asl_alphabet_train/asl_alphabet_train/C/C2588.jpg,False,C,0.9099814891815186,True
C,/kaggle/input/datasets/grassknoted/asl-alphabet/asl_alphabet_train/asl_alphabet_train/C/C2592.jpg,False,C,0.900874674320221,True
C,/kaggle/input/datasets/grassknoted/asl-alphabet/asl_alphabet_train/asl_alphabet_train/C/C2624.jpg,False,C,0.8856991529464722,True
C,/kaggle/input/datasets/grassknoted/asl-alphabet/asl_alphabet_train/asl_alphabet_train/C/C2630.jpg,False,C,0.8905264735221863,True
C,/kaggle/input/datasets/grassknoted/asl-alphabet/asl_alphabet_train/asl_alphabet_train/C/C2688.jpg,False,C,0.8399192690849304,True
C,/kaggle/input/datasets/grassknoted/asl-alphabet/asl_alphabet_train/asl_alphabet_train/C/C2699.jpg,False,C,0.8852014541625977,True
C,/kaggle/input/datasets/grassknoted/asl-alphabet/asl_alphabet_train/asl_alphabet_train/C/C2758.jpg,False,C,0.9038373231887817,True
C,/kaggle/input/datasets/grassknoted/asl-alphabet/asl_alphabet_train/asl_alphabet_train/C/C2779.jpg,False,C,0.8927093744277954,True
C,/kaggle/input/datasets/grassknoted/asl-alphabet/asl_alphabet_train/asl_alphabet_train/C/C278.jpg,True,C,0.8956777453422546,True
C,/kaggle/input/datasets/grassknoted/asl-alphabet/asl_alphabet_train/asl_alphabet_train/C/C2826.jpg,True,C,0.8667083978652954,True
C,/kaggle/input/datasets/grassknoted/asl-alphabet/asl_alphabet_train/asl_alphabet_train/C/C2887.jpg,False,C,0.8768648505210876,True
C,/kaggle/input/datasets/grassknoted/asl-alphabet/asl_alphabet_train/asl_alphabet_train/C/C2928.jpg,False,C,0.889868974685669,True
C,/kaggle/input/datasets/grassknoted/asl-alphabet/asl_alphabet_train/asl_alphabet_train/C/C2950.jpg,False,C,0.873153567314148,True
C,/kaggle/input/datasets/grassknoted/asl-alphabet/asl_alphabet_train/asl_alphabet_train/C/C2975.jpg,False,C,0.9023213982582092,True
C,/kaggle/input/datasets/grassknoted/asl-alphabet/asl_alphabet_train/asl_alphabet_train/C/C2998.jpg,False,C,0.8846083283424377,True
C,/kaggle/input/datasets/grassknoted/asl-alphabet/asl_alphabet_train/asl_alphabet_train/C/C315.jpg,True,C,0.9138596057891846,True
C,/kaggle/input/datasets/grassknoted/asl-alphabet/asl_alphabet_train/asl_alphabet_train/C/C329.jpg,True,C,0.8997763991355896,True
C,/kaggle/input/datasets/grassknoted/asl-alphabet/asl_alphabet_train/asl_alphabet_train/C/C33.jpg,True,C,0.8803070783615112,True
C,/kaggle/input/datasets/grassknoted/asl-alphabet/asl_alphabet_train/asl_alphabet_train/C/C358.jpg,True,C,0.914559006690979,True
C,/kaggle/input/datasets/grassknoted/asl-alphabet/asl_alphabet_train/asl_alphabet_train/C/C401.jpg,True,C,0.9219769239425659,True
C,/kaggle/input/datasets/grassknoted/asl-alphabet/asl_alphabet_train/asl_alphabet_train/C/C419.jpg,False,C,0.9075927138328552,True
C,/kaggle/input/datasets/grassknoted/asl-alphabet/asl_alphabet_train/asl_alphabet_train/C/C44.jpg,True,C,0.8923312425613403,True
C,/kaggle/input/datasets/grassknoted/asl-alphabet/asl_alphabet_train/asl_alphabet_train/C/C451.jpg,False,C,0.9052819013595581,True
C,/kaggle/input/datasets/grassknoted/asl-alphabet/asl_alphabet_train/asl_alphabet_train/C/C480.jpg,True,C,0.8976408243179321,True
C,/kaggle/input/datasets/grassknoted/asl-alphabet/asl_alphabet_train/asl_alphabet_train/C/C526.jpg,True,C,0.8946553468704224,True
C,/kaggle/input/datasets/grassknoted/asl-alphabet/asl_alphabet_train/asl_alphabet_train/C/C539.jpg,True,C,0.8948155045509338,True
C,/kaggle/input/datasets/grassknoted/asl-alphabet/asl_alphabet_train/asl_alphabet_train/C/C57.jpg,True,C,0.8928272724151611,True
C,/kaggle/input/datasets/grassknoted/asl-alphabet/asl_alphabet_train/asl_alphabet_train/C/C577.jpg,True,C,0.9057250618934631,True
C,/kaggle/input/datasets/grassknoted/asl-alphabet/asl_alphabet_train/asl_alphabet_train/C/C637.jpg,True,C,0.9034687280654907,True
C,/kaggle/input/datasets/grassknoted/asl-alphabet/asl_alphabet_train/asl_alphabet_train/C/C739.jpg,True,C,0.8905220031738281,True
C,/kaggle/input/datasets/grassknoted/asl-alphabet/asl_alphabet_train/asl_alphabet_train/C/C746.jpg,True,C,0.8901516199111938,True
C,/kaggle/input/datasets/grassknoted/asl-alphabet/asl_alphabet_train/asl_alphabet_train/C/C753.jpg,True,C,0.8935579657554626,True
C,/kaggle/input/datasets/grassknoted/asl-alphabet/asl_alphabet_train/asl_alphabet_train/C/C757.jpg,True,C,0.8856830596923828,True
C,/kaggle/input/datasets/grassknoted/asl-alphabet/asl_alphabet_train/asl_alphabet_train/C/C794.jpg,False,C,0.8832826018333435,True
C,/kaggle/input/datasets/grassknoted/asl-alphabet/asl_alphabet_train/asl_alphabet_train/C/C812.jpg,True,C,0.8891953825950623,True
C,/kaggle/input/datasets/grassknoted/asl-alphabet/asl_alphabet_train/asl_alphabet_train/C/C836.jpg,False,C,0.9014763832092285,True
C,/kaggle/input/datasets/grassknoted/asl-alphabet/asl_alphabet_train/asl_alphabet_train/C/C840.jpg,False,C,0.8970661163330078,True
C,/kaggle/input/datasets/grassknoted/asl-alphabet/asl_alphabet_train/asl_alphabet_train/C/C845.jpg,False,C,0.8930327892303467,True
C,/kaggle/input/datasets/grassknoted/asl-alphabet/asl_alphabet_train/asl_alphabet_train/C/C850.jpg,False,C,0.9014403223991394,True
C,/kaggle/input/datasets/grassknoted/asl-alphabet/asl_alphabet_train/asl_alphabet_train/C/C876.jpg,False,C,0.9107705950737,True
C,/kaggle/input/datasets/grassknoted/asl-alphabet/asl_alphabet_train/asl_alphabet_train/C/C88.jpg,True,C,0.8920986652374268,True
C,/kaggle/input/datasets/grassknoted/asl-alphabet/asl_alphabet_train/asl_alphabet_train/C/C906.jpg,False,C,0.8999376893043518,True
C,/kaggle/input/datasets/grassknoted/asl-alphabet/asl_alphabet_train/asl_alphabet_train/C/C940.jpg,False,C,0.8983891606330872,True
C,/kaggle/input/datasets/grassknoted/asl-alphabet/asl_alphabet_train/asl_alphabet_train/C/C959.jpg,False,C,0.8852741122245789,True
D,/kaggle/input/datasets/grassknoted/asl-alphabet/asl_alphabet_train/asl_alphabet_train/D/D1092.jpg,True,D,0.9053256511688232,True
D,/kaggle/input/datasets/grassknoted/asl-alphabet/asl_alphabet_train/asl_alphabet_train/D/D1159.jpg,True,D,0.9037758708000183,True
D,/kaggle/input/datasets/grassknoted/asl-alphabet/asl_alphabet_train/asl_alphabet_train/D/D1191.jpg,True,D,0.9291662573814392,True
D,/kaggle/input/datasets/grassknoted/asl-alphabet/asl_alphabet_train/asl_alphabet_train/D/D1224.jpg,True,D,0.9244946837425232,True
D,/kaggle/input/datasets/grassknoted/asl-alphabet/asl_alphabet_train/asl_alphabet_train/D/D1241.jpg,True,D,0.9178522825241089,True
D,/kaggle/input/datasets/grassknoted/asl-alphabet/asl_alphabet_train/asl_alphabet_train/D/D1253.jpg,True,D,0.9115285873413086,True
D,/kaggle/input/datasets/grassknoted/asl-alphabet/asl_alphabet_train/asl_alphabet_train/D/D1350.jpg,True,D,0.9062158465385437,True
D,/kaggle/input/datasets/grassknoted/asl-alphabet/asl_alphabet_train/asl_alphabet_train/D/D1351.jpg,True,D,0.8986396789550781,True
D,/kaggle/input/datasets/grassknoted/asl-alphabet/asl_alphabet_train/asl_alphabet_train/D/D1366.jpg,True,D,0.9052091240882874,True
D,/kaggle/input/datasets/grassknoted/asl-alphabet/asl_alphabet_train/asl_alphabet_train/D/D1368.jpg,True,D,0.9184375405311584,True
D,/kaggle/input/datasets/grassknoted/asl-alphabet/asl_alphabet_train/asl_alphabet_train/D/D1433.jpg,True,D,0.9028278589248657,True
D,/kaggle/input/datasets/grassknoted/asl-alphabet/asl_alphabet_train/asl_alphabet_train/D/D1454.jpg,True,D,0.8888508081436157,True
D,/kaggle/input/datasets/grassknoted/asl-alphabet/asl_alphabet_train/asl_alphabet_train/D/D147.jpg,True,D,0.8994060158729553,True
D,/kaggle/input/datasets/grassknoted/asl-alphabet/asl_alphabet_train/asl_alphabet_train/D/D1482.jpg,True,D,0.9129679799079895,True
D,/kaggle/input/datasets/grassknoted/asl-alphabet/asl_alphabet_train/asl_alphabet_train/D/D1537.jpg,True,D,0.9128727912902832,True
D,/kaggle/input/datasets/grassknoted/asl-alphabet/asl_alphabet_train/asl_alphabet_train/D/D1539.jpg,True,D,0.9089453816413879,True
D,/kaggle/input/datasets/grassknoted/asl-alphabet/asl_alphabet_train/asl_alphabet_train/D/D1611.jpg,True,D,0.9126676917076111,True
D,/kaggle/input/datasets/grassknoted/asl-alphabet/asl_alphabet_train/asl_alphabet_train/D/D1621.jpg,True,D,0.8952413201332092,True
D,/kaggle/input/datasets/grassknoted/asl-alphabet/asl_alphabet_train/asl_alphabet_train/D/D1655.jpg,True,D,0.9217280149459839,True
D,/kaggle/input/datasets/grassknoted/asl-alphabet/asl_alphabet_train/asl_alphabet_train/D/D1682.jpg,True,D,0.898902952671051,True
D,/kaggle/input/datasets/grassknoted/asl-alphabet/asl_alphabet_train/asl_alphabet_train/D/D17.jpg,False,D,0.904033362865448,True
D,/kaggle/input/datasets/grassknoted/asl-alphabet/asl_alphabet_train/asl_alphabet_train/D/D1767.jpg,True,D,0.9035636186599731,True
D,/kaggle/input/datasets/grassknoted/asl-alphabet/asl_alphabet_train/asl_alphabet_train/D/D1785.jpg,True,D,0.9050291776657104,True
D,/kaggle/input/datasets/grassknoted/asl-alphabet/asl_alphabet_train/asl_alphabet_train/D/D1845.jpg,True,D,0.914480984210968,True
D,/kaggle/input/datasets/grassknoted/asl-alphabet/asl_alphabet_train/asl_alphabet_train/D/D1864.jpg,True,D,0.9095094799995422,True
D,/kaggle/input/datasets/grassknoted/asl-alphabet/asl_alphabet_train/asl_alphabet_train/D/D1870.jpg,True,D,0.9149684309959412,True
D,/kaggle/input/datasets/grassknoted/asl-alphabet/asl_alphabet_train/asl_alphabet_train/D/D1891.jpg,True,D,0.9117832183837891,True
D,/kaggle/input/datasets/grassknoted/asl-alphabet/asl_alphabet_train/asl_alphabet_train/D/D1966.jpg,True,D,0.9011222124099731,True
D,/kaggle/input/datasets/grassknoted/asl-alphabet/asl_alphabet_train/asl_alphabet_train/D/D1969.jpg,True,D,0.9017734527587891,True
D,/kaggle/input/datasets/grassknoted/asl-alphabet/asl_alphabet_train/asl_alphabet_train/D/D2000.jpg,True,D,0.9111577272415161,True
D,/kaggle/input/datasets/grassknoted/asl-alphabet/asl_alphabet_train/asl_alphabet_train/D/D2009.jpg,True,D,0.8924635052680969,True
D,/kaggle/input/datasets/grassknoted/asl-alphabet/asl_alphabet_train/asl_alphabet_train/D/D2093.jpg,True,D,0.9099373817443848,True
D,/kaggle/input/datasets/grassknoted/asl-alphabet/asl_alphabet_train/asl_alphabet_train/D/D2097.jpg,True,D,0.9123842120170593,True
D,/kaggle/input/datasets/grassknoted/asl-alphabet/asl_alphabet_train/asl_alphabet_train/D/D2139.jpg,True,D,0.8870681524276733,True
D,/kaggle/input/datasets/grassknoted/asl-alphabet/asl_alphabet_train/asl_alphabet_train/D/D2144.jpg,True,D,0.9024800658226013,True
D,/kaggle/input/datasets/grassknoted/asl-alphabet/asl_alphabet_train/asl_alphabet_train/D/D2197.jpg,False,D,0.8942158818244934,True
D,/kaggle/input/datasets/grassknoted/asl-alphabet/asl_alphabet_train/asl_alphabet_train/D/D2212.jpg,True,D,0.902687668800354,True
D,/kaggle/input/datasets/grassknoted/asl-alphabet/asl_alphabet_train/asl_alphabet_train/D/D2220.jpg,True,D,0.8960533738136292,True
D,/kaggle/input/datasets/grassknoted/asl-alphabet/asl_alphabet_train/asl_alphabet_train/D/D2256.jpg,True,D,0.8941176533699036,True
D,/kaggle/input/datasets/grassknoted/asl-alphabet/asl_alphabet_train/asl_alphabet_train/D/D2274.jpg,True,D,0.8755534887313843,True
D,/kaggle/input/datasets/grassknoted/asl-alphabet/asl_alphabet_train/asl_alphabet_train/D/D23.jpg,False,D,0.9100701212882996,True
D,/kaggle/input/datasets/grassknoted/asl-alphabet/asl_alphabet_train/asl_alphabet_train/D/D2330.jpg,True,D,0.8918420076370239,True
D,/kaggle/input/datasets/grassknoted/asl-alphabet/asl_alphabet_train/asl_alphabet_train/D/D2343.jpg,True,D,0.8907967209815979,True
D,/kaggle/input/datasets/grassknoted/asl-alphabet/asl_alphabet_train/asl_alphabet_train/D/D2345.jpg,True,D,0.8891937732696533,True
D,/kaggle/input/datasets/grassknoted/asl-alphabet/asl_alphabet_train/asl_alphabet_train/D/D2401.jpg,False,D,0.8980559706687927,True
D,/kaggle/input/datasets/grassknoted/asl-alphabet/asl_alphabet_train/asl_alphabet_train/D/D2402.jpg,False,D,0.8795487880706787,True
D,/kaggle/input/datasets/grassknoted/asl-alphabet/asl_alphabet_train/asl_alphabet_train/D/D2417.jpg,False,D,0.8919191956520081,True
D,/kaggle/input/datasets/grassknoted/asl-alphabet/asl_alphabet_train/asl_alphabet_train/D/D2420.jpg,False,D,0.8944406509399414,True
D,/kaggle/input/datasets/grassknoted/asl-alphabet/asl_alphabet_train/asl_alphabet_train/D/D2470.jpg,True,D,0.8716347813606262,True
D,/kaggle/input/datasets/grassknoted/asl-alphabet/asl_alphabet_train/asl_alphabet_train/D/D2556.jpg,True,D,0.8936816453933716,True
D,/kaggle/input/datasets/grassknoted/asl-alphabet/asl_alphabet_train/asl_alphabet_train/D/D2591.jpg,True,D,0.879492998123169,True
D,/kaggle/input/datasets/grassknoted/asl-alphabet/asl_alphabet_train/asl_alphabet_train/D/D2595.jpg,True,D,0.8794990181922913,True
D,/kaggle/input/datasets/grassknoted/asl-alphabet/asl_alphabet_train/asl_alphabet_train/D/D2597.jpg,True,D,0.8687642812728882,True
D,/kaggle/input/datasets/grassknoted/asl-alphabet/asl_alphabet_train/asl_alphabet_train/D/D2609.jpg,True,D,0.8868047595024109,True
D,/kaggle/input/datasets/grassknoted/asl-alphabet/asl_alphabet_train/asl_alphabet_train/D/D2638.jpg,False,D,0.876545250415802,True
D,/kaggle/input/datasets/grassknoted/asl-alphabet/asl_alphabet_train/asl_alphabet_train/D/D2643.jpg,False,D,0.9001076221466064,True
D,/kaggle/input/datasets/grassknoted/asl-alphabet/asl_alphabet_train/asl_alphabet_train/D/D2665.jpg,True,D,0.8757205009460449,True
D,/kaggle/input/datasets/grassknoted/asl-alphabet/asl_alphabet_train/asl_alphabet_train/D/D2678.jpg,False,D,0.8740321397781372,True
D,/kaggle/input/datasets/grassknoted/asl-alphabet/asl_alphabet_train/asl_alphabet_train/D/D2679.jpg,False,D,0.8819600939750671,True
D,/kaggle/input/datasets/grassknoted/asl-alphabet/asl_alphabet_train/asl_alphabet_train/D/D2686.jpg,False,D,0.8972061276435852,True
D,/kaggle/input/datasets/grassknoted/asl-alphabet/asl_alphabet_train/asl_alphabet_train/D/D2702.jpg,False,D,0.8879544734954834,True
D,/kaggle/input/datasets/grassknoted/asl-alphabet/asl_alphabet_train/asl_alphabet_train/D/D2734.jpg,False,D,0.8960955739021301,True
D,/kaggle/input/datasets/grassknoted/asl-alphabet/asl_alphabet_train/asl_alphabet_train/D/D2776.jpg,False,D,0.8879981637001038,True
D,/kaggle/input/datasets/grassknoted/asl-alphabet/asl_alphabet_train/asl_alphabet_train/D/D2800.jpg,False,D,0.8588606715202332,True
D,/kaggle/input/datasets/grassknoted/asl-alphabet/asl_alphabet_train/asl_alphabet_train/D/D2812.jpg,False,D,0.8647353053092957,True
D,/kaggle/input/datasets/grassknoted/asl-alphabet/asl_alphabet_train/asl_alphabet_train/D/D2855.jpg,False,D,0.8570947051048279,True
D,/kaggle/input/datasets/grassknoted/asl-alphabet/asl_alphabet_train/asl_alphabet_train/D/D2931.jpg,True,D,0.8886885643005371,True
D,/kaggle/input/datasets/grassknoted/asl-alphabet/asl_alphabet_train/asl_alphabet_train/D/D2941.jpg,True,D,0.8723801970481873,True
D,/kaggle/input/datasets/grassknoted/asl-alphabet/asl_alphabet_train/asl_alphabet_train/D/D2944.jpg,True,D,0.8762906789779663,True
D,/kaggle/input/datasets/grassknoted/asl-alphabet/asl_alphabet_train/asl_alphabet_train/D/D2945.jpg,False,D,0.8900207281112671,True
D,/kaggle/input/datasets/grassknoted/asl-alphabet/asl_alphabet_train/asl_alphabet_train/D/D2948.jpg,True,D,0.8883217573165894,True
D,/kaggle/input/datasets/grassknoted/asl-alphabet/asl_alphabet_train/asl_alphabet_train/D/D296.jpg,True,D,0.9042748808860779,True
D,/kaggle/input/datasets/grassknoted/asl-alphabet/asl_alphabet_train/asl_alphabet_train/D/D333.jpg,True,D,0.896225094795227,True
D,/kaggle/input/datasets/grassknoted/asl-alphabet/asl_alphabet_train/asl_alphabet_train/D/D334.jpg,True,D,0.8927876949310303,True
D,/kaggle/input/datasets/grassknoted/asl-alphabet/asl_alphabet_train/asl_alphabet_train/D/D34.jpg,True,D,0.9038423895835876,True
D,/kaggle/input/datasets/grassknoted/asl-alphabet/asl_alphabet_train/asl_alphabet_train/D/D341.jpg,True,D,0.9078786373138428,True
D,/kaggle/input/datasets/grassknoted/asl-alphabet/asl_alphabet_train/asl_alphabet_train/D/D356.jpg,True,D,0.9045985341072083,True
D,/kaggle/input/datasets/grassknoted/asl-alphabet/asl_alphabet_train/asl_alphabet_train/D/D398.jpg,True,D,0.8989329934120178,True
D,/kaggle/input/datasets/grassknoted/asl-alphabet/asl_alphabet_train/asl_alphabet_train/D/D406.jpg,True,D,0.8963188529014587,True
D,/kaggle/input/datasets/grassknoted/asl-alphabet/asl_alphabet_train/asl_alphabet_train/D/D439.jpg,True,D,0.9183862805366516,True
D,/kaggle/input/datasets/grassknoted/asl-alphabet/asl_alphabet_train/asl_alphabet_train/D/D441.jpg,True,D,0.918819010257721,True
D,/kaggle/input/datasets/grassknoted/asl-alphabet/asl_alphabet_train/asl_alphabet_train/D/D452.jpg,True,D,0.9028149247169495,True
D,/kaggle/input/datasets/grassknoted/asl-alphabet/asl_alphabet_train/asl_alphabet_train/D/D460.jpg,True,D,0.9138946533203125,True
D,/kaggle/input/datasets/grassknoted/asl-alphabet/asl_alphabet_train/asl_alphabet_train/D/D485.jpg,True,D,0.9119192361831665,True
D,/kaggle/input/datasets/grassknoted/asl-alphabet/asl_alphabet_train/asl_alphabet_train/D/D547.jpg,True,D,0.8964639902114868,True
D,/kaggle/input/datasets/grassknoted/asl-alphabet/asl_alphabet_train/asl_alphabet_train/D/D553.jpg,True,D,0.8980488777160645,True
D,/kaggle/input/datasets/grassknoted/asl-alphabet/asl_alphabet_train/asl_alphabet_train/D/D563.jpg,True,D,0.8928582072257996,True
D,/kaggle/input/datasets/grassknoted/asl-alphabet/asl_alphabet_train/asl_alphabet_train/D/D60.jpg,True,D,0.9099070429801941,True
D,/kaggle/input/datasets/grassknoted/asl-alphabet/asl_alphabet_train/asl_alphabet_train/D/D727.jpg,True,D,0.9135128855705261,True
D,/kaggle/input/datasets/grassknoted/asl-alphabet/asl_alphabet_train/asl_alphabet_train/D/D757.jpg,False,D,0.9223491549491882,True
D,/kaggle/input/datasets/grassknoted/asl-alphabet/asl_alphabet_train/asl_alphabet_train/D/D81.jpg,True,D,0.9111928343772888,True
D,/kaggle/input/datasets/grassknoted/asl-alphabet/asl_alphabet_train/asl_alphabet_train/D/D810.jpg,True,D,0.9161467552185059,True
D,/kaggle/input/datasets/grassknoted/asl-alphabet/asl_alphabet_train/asl_alphabet_train/D/D811.jpg,True,D,0.9180962443351746,True
D,/kaggle/input/datasets/grassknoted/asl-alphabet/asl_alphabet_train/asl_alphabet_train/D/D832.jpg,True,D,0.915747880935669,True
D,/kaggle/input/datasets/grassknoted/asl-alphabet/asl_alphabet_train/asl_alphabet_train/D/D848.jpg,True,D,0.9048254489898682,True
D,/kaggle/input/datasets/grassknoted/asl-alphabet/asl_alphabet_train/asl_alphabet_train/D/D850.jpg,True,D,0.9122986793518066,True
D,/kaggle/input/datasets/grassknoted/asl-alphabet/asl_alphabet_train/asl_alphabet_train/D/D877.jpg,True,D,0.9000514149665833,True
D,/kaggle/input/datasets/grassknoted/asl-alphabet/asl_alphabet_train/asl_alphabet_train/D/D879.jpg,True,D,0.9002645015716553,True
D,/kaggle/input/datasets/grassknoted/asl-alphabet/asl_alphabet_train/asl_alphabet_train/D/D984.jpg,True,D,0.9109670519828796,True
D,/kaggle/input/datasets/grassknoted/asl-alphabet/asl_alphabet_train/asl_alphabet_train/D/D996.jpg,True,D,0.9046806693077087,True
E,/kaggle/input/datasets/grassknoted/asl-alphabet/asl_alphabet_train/asl_alphabet_train/E/E1012.jpg,True,E,0.9031332731246948,True
E,/kaggle/input/datasets/grassknoted/asl-alphabet/asl_alphabet_train/asl_alphabet_train/E/E103.jpg,True,E,0.8999738097190857,True
E,/kaggle/input/datasets/grassknoted/asl-alphabet/asl_alphabet_train/asl_alphabet_train/E/E1036.jpg,True,E,0.9087808728218079,True
E,/kaggle/input/datasets/grassknoted/asl-alphabet/asl_alphabet_train/asl_alphabet_train/E/E1040.jpg,True,E,0.909888505935669,True
E,/kaggle/input/datasets/grassknoted/asl-alphabet/asl_alphabet_train/asl_alphabet_train/E/E1061.jpg,True,E,0.9027189612388611,True
E,/kaggle/input/datasets/grassknoted/asl-alphabet/asl_alphabet_train/asl_alphabet_train/E/E1075.jpg,True,E,0.9162670373916626,True
E,/kaggle/input/datasets/grassknoted/asl-alphabet/asl_alphabet_train/asl_alphabet_train/E/E1094.jpg,True,E,0.9096633791923523,True
E,/kaggle/input/datasets/grassknoted/asl-alphabet/asl_alphabet_train/asl_alphabet_train/E/E1105.jpg,True,E,0.8995051980018616,True
E,/kaggle/input/datasets/grassknoted/asl-alphabet/asl_alphabet_train/asl_alphabet_train/E/E1111.jpg,True,E,0.9027729034423828,True
E,/kaggle/input/datasets/grassknoted/asl-alphabet/asl_alphabet_train/asl_alphabet_train/E/E1113.jpg,True,E,0.9211368560791016,True
E,/kaggle/input/datasets/grassknoted/asl-alphabet/asl_alphabet_train/asl_alphabet_train/E/E1135.jpg,True,E,0.9047335386276245,True
E,/kaggle/input/datasets/grassknoted/asl-alphabet/asl_alphabet_train/asl_alphabet_train/E/E1140.jpg,True,E,0.9083917140960693,True
E,/kaggle/input/datasets/grassknoted/asl-alphabet/asl_alphabet_train/asl_alphabet_train/E/E1150.jpg,True,E,0.89691561460495,True
E,/kaggle/input/datasets/grassknoted/asl-alphabet/asl_alphabet_train/asl_alphabet_train/E/E1229.jpg,True,E,0.8803676962852478,True
E,/kaggle/input/datasets/grassknoted/asl-alphabet/asl_alphabet_train/asl_alphabet_train/E/E1236.jpg,True,E,0.8960235118865967,True
E,/kaggle/input/datasets/grassknoted/asl-alphabet/asl_alphabet_train/asl_alphabet_train/E/E1268.jpg,True,E,0.9072099924087524,True
E,/kaggle/input/datasets/grassknoted/asl-alphabet/asl_alphabet_train/asl_alphabet_train/E/E1278.jpg,True,E,0.9140097498893738,True
E,/kaggle/input/datasets/grassknoted/asl-alphabet/asl_alphabet_train/asl_alphabet_train/E/E1289.jpg,True,E,0.8909948468208313,True
E,/kaggle/input/datasets/grassknoted/asl-alphabet/asl_alphabet_train/asl_alphabet_train/E/E1302.jpg,True,E,0.8870870471000671,True
E,/kaggle/input/datasets/grassknoted/asl-alphabet/asl_alphabet_train/asl_alphabet_train/E/E1319.jpg,True,E,0.8869353532791138,True
E,/kaggle/input/datasets/grassknoted/asl-alphabet/asl_alphabet_train/asl_alphabet_train/E/E1333.jpg,True,E,0.8800773620605469,True
E,/kaggle/input/datasets/grassknoted/asl-alphabet/asl_alphabet_train/asl_alphabet_train/E/E1358.jpg,True,E,0.9229477047920227,True
E,/kaggle/input/datasets/grassknoted/asl-alphabet/asl_alphabet_train/asl_alphabet_train/E/E1377.jpg,True,E,0.8922085165977478,True
E,/kaggle/input/datasets/grassknoted/asl-alphabet/asl_alphabet_train/asl_alphabet_train/E/E1413.jpg,True,E,0.8970807790756226,True
E,/kaggle/input/datasets/grassknoted/asl-alphabet/asl_alphabet_train/asl_alphabet_train/E/E1415.jpg,True,E,0.8915749192237854,True
E,/kaggle/input/datasets/grassknoted/asl-alphabet/asl_alphabet_train/asl_alphabet_train/E/E1518.jpg,True,E,0.9106317758560181,True
E,/kaggle/input/datasets/grassknoted/asl-alphabet/asl_alphabet_train/asl_alphabet_train/E/E1523.jpg,True,E,0.8977392315864563,True
E,/kaggle/input/datasets/grassknoted/asl-alphabet/asl_alphabet_train/asl_alphabet_train/E/E1539.jpg,True,E,0.898285984992981,True
E,/kaggle/input/datasets/grassknoted/asl-alphabet/asl_alphabet_train/asl_alphabet_train/E/E1633.jpg,True,E,0.9040157198905945,True
E,/kaggle/input/datasets/grassknoted/asl-alphabet/asl_alphabet_train/asl_alphabet_train/E/E1635.jpg,True,E,0.8884496092796326,True
E,/kaggle/input/datasets/grassknoted/asl-alphabet/asl_alphabet_train/asl_alphabet_train/E/E1648.jpg,True,E,0.8989803791046143,True
E,/kaggle/input/datasets/grassknoted/asl-alphabet/asl_alphabet_train/asl_alphabet_train/E/E1651.jpg,True,E,0.890979528427124,True
E,/kaggle/input/datasets/grassknoted/asl-alphabet/asl_alphabet_train/asl_alphabet_train/E/E1728.jpg,True,E,0.898051917552948,True
E,/kaggle/input/datasets/grassknoted/asl-alphabet/asl_alphabet_train/asl_alphabet_train/E/E1744.jpg,True,E,0.8879472613334656,True
E,/kaggle/input/datasets/grassknoted/asl-alphabet/asl_alphabet_train/asl_alphabet_train/E/E1764.jpg,True,E,0.8761732578277588,True
E,/kaggle/input/datasets/grassknoted/asl-alphabet/asl_alphabet_train/asl_alphabet_train/E/E1765.jpg,True,E,0.8957905173301697,True
E,/kaggle/input/datasets/grassknoted/asl-alphabet/asl_alphabet_train/asl_alphabet_train/E/E1789.jpg,True,E,0.8985484838485718,True
E,/kaggle/input/datasets/grassknoted/asl-alphabet/asl_alphabet_train/asl_alphabet_train/E/E1822.jpg,True,E,0.8989050388336182,True
E,/kaggle/input/datasets/grassknoted/asl-alphabet/asl_alphabet_train/asl_alphabet_train/E/E2022.jpg,True,E,0.8721842765808105,True
E,/kaggle/input/datasets/grassknoted/asl-alphabet/asl_alphabet_train/asl_alphabet_train/E/E2154.jpg,False,E,0.9158173203468323,True
E,/kaggle/input/datasets/grassknoted/asl-alphabet/asl_alphabet_train/asl_alphabet_train/E/E2193.jpg,True,E,0.899630069732666,True
E,/kaggle/input/datasets/grassknoted/asl-alphabet/asl_alphabet_train/asl_alphabet_train/E/E2196.jpg,True,E,0.8843141198158264,True
E,/kaggle/input/datasets/grassknoted/asl-alphabet/asl_alphabet_train/asl_alphabet_train/E/E2197.jpg,True,E,0.8833746910095215,True
E,/kaggle/input/datasets/grassknoted/asl-alphabet/asl_alphabet_train/asl_alphabet_train/E/E2204.jpg,True,E,0.9039837121963501,True
E,/kaggle/input/datasets/grassknoted/asl-alphabet/asl_alphabet_train/asl_alphabet_train/E/E222.jpg,False,E,0.9053719639778137,True
E,/kaggle/input/datasets/grassknoted/asl-alphabet/asl_alphabet_train/asl_alphabet_train/E/E2347.jpg,True,E,0.8606084585189819,True
E,/kaggle/input/datasets/grassknoted/asl-alphabet/asl_alphabet_train/asl_alphabet_train/E/E2351.jpg,True,E,0.8835720419883728,True
E,/kaggle/input/datasets/grassknoted/asl-alphabet/asl_alphabet_train/asl_alphabet_train/E/E2408.jpg,True,E,0.8967949151992798,True
E,/kaggle/input/datasets/grassknoted/asl-alphabet/asl_alphabet_train/asl_alphabet_train/E/E2426.jpg,True,E,0.8912714719772339,True
E,/kaggle/input/datasets/grassknoted/asl-alphabet/asl_alphabet_train/asl_alphabet_train/E/E2447.jpg,True,E,0.8921743035316467,True
E,/kaggle/input/datasets/grassknoted/asl-alphabet/asl_alphabet_train/asl_alphabet_train/E/E2470.jpg,True,E,0.9102922677993774,True
E,/kaggle/input/datasets/grassknoted/asl-alphabet/asl_alphabet_train/asl_alphabet_train/E/E2609.jpg,False,E,0.8754125833511353,True
E,/kaggle/input/datasets/grassknoted/asl-alphabet/asl_alphabet_train/asl_alphabet_train/E/E2641.jpg,False,E,0.8880026936531067,True
E,/kaggle/input/datasets/grassknoted/asl-alphabet/asl_alphabet_train/asl_alphabet_train/E/E265.jpg,True,E,0.9031125903129578,True
E,/kaggle/input/datasets/grassknoted/asl-alphabet/asl_alphabet_train/asl_alphabet_train/E/E2690.jpg,False,E,0.8475080132484436,True
E,/kaggle/input/datasets/grassknoted/asl-alphabet/asl_alphabet_train/asl_alphabet_train/E/E2711.jpg,False,E,0.8811484575271606,True
E,/kaggle/input/datasets/grassknoted/asl-alphabet/asl_alphabet_train/asl_alphabet_train/E/E2739.jpg,False,E,0.8504989147186279,True
E,/kaggle/input/datasets/grassknoted/asl-alphabet/asl_alphabet_train/asl_alphabet_train/E/E275.jpg,True,E,0.8965027928352356,True
E,/kaggle/input/datasets/grassknoted/asl-alphabet/asl_alphabet_train/asl_alphabet_train/E/E2751.jpg,False,E,0.8602160811424255,True
E,/kaggle/input/datasets/grassknoted/asl-alphabet/asl_alphabet_train/asl_alphabet_train/E/E2783.jpg,False,E,0.8589052557945251,True
E,/kaggle/input/datasets/grassknoted/asl-alphabet/asl_alphabet_train/asl_alphabet_train/E/E2795.jpg,False,E,0.8711071610450745,True
E,/kaggle/input/datasets/grassknoted/asl-alphabet/asl_alphabet_train/asl_alphabet_train/E/E2796.jpg,False,E,0.8684408664703369,True
E,/kaggle/input/datasets/grassknoted/asl-alphabet/asl_alphabet_train/asl_alphabet_train/E/E2865.jpg,False,E,0.8741106986999512,True
E,/kaggle/input/datasets/grassknoted/asl-alphabet/asl_alphabet_train/asl_alphabet_train/E/E2869.jpg,False,E,0.8803660869598389,True
E,/kaggle/input/datasets/grassknoted/asl-alphabet/asl_alphabet_train/asl_alphabet_train/E/E2912.jpg,True,E,0.9027294516563416,True
E,/kaggle/input/datasets/grassknoted/asl-alphabet/asl_alphabet_train/asl_alphabet_train/E/E2931.jpg,True,E,0.8969801664352417,True
E,/kaggle/input/datasets/grassknoted/asl-alphabet/asl_alphabet_train/asl_alphabet_train/E/E2976.jpg,True,E,0.895413339138031,True
E,/kaggle/input/datasets/grassknoted/asl-alphabet/asl_alphabet_train/asl_alphabet_train/E/E3.jpg,False,E,0.9007336497306824,True
E,/kaggle/input/datasets/grassknoted/asl-alphabet/asl_alphabet_train/asl_alphabet_train/E/E320.jpg,True,E,0.9126477241516113,True
E,/kaggle/input/datasets/grassknoted/asl-alphabet/asl_alphabet_train/asl_alphabet_train/E/E341.jpg,True,E,0.9214503765106201,True
E,/kaggle/input/datasets/grassknoted/asl-alphabet/asl_alphabet_train/asl_alphabet_train/E/E344.jpg,True,E,0.9303368926048279,True
E,/kaggle/input/datasets/grassknoted/asl-alphabet/asl_alphabet_train/asl_alphabet_train/E/E353.jpg,True,E,0.9115363359451294,True
E,/kaggle/input/datasets/grassknoted/asl-alphabet/asl_alphabet_train/asl_alphabet_train/E/E360.jpg,True,E,0.8938811421394348,True
E,/kaggle/input/datasets/grassknoted/asl-alphabet/asl_alphabet_train/asl_alphabet_train/E/E430.jpg,True,E,0.9053991436958313,True
E,/kaggle/input/datasets/grassknoted/asl-alphabet/asl_alphabet_train/asl_alphabet_train/E/E435.jpg,True,E,0.8999020457267761,True
E,/kaggle/input/datasets/grassknoted/asl-alphabet/asl_alphabet_train/asl_alphabet_train/E/E438.jpg,True,E,0.8991580009460449,True
E,/kaggle/input/datasets/grassknoted/asl-alphabet/asl_alphabet_train/asl_alphabet_train/E/E478.jpg,True,E,0.8964985013008118,True
E,/kaggle/input/datasets/grassknoted/asl-alphabet/asl_alphabet_train/asl_alphabet_train/E/E487.jpg,True,E,0.8917912840843201,True
E,/kaggle/input/datasets/grassknoted/asl-alphabet/asl_alphabet_train/asl_alphabet_train/E/E490.jpg,True,E,0.9004136323928833,True
E,/kaggle/input/datasets/grassknoted/asl-alphabet/asl_alphabet_train/asl_alphabet_train/E/E498.jpg,True,E,0.8989416360855103,True
E,/kaggle/input/datasets/grassknoted/asl-alphabet/asl_alphabet_train/asl_alphabet_train/E/E54.jpg,False,E,0.9097096920013428,True
E,/kaggle/input/datasets/grassknoted/asl-alphabet/asl_alphabet_train/asl_alphabet_train/E/E558.jpg,True,E,0.9006794691085815,True
E,/kaggle/input/datasets/grassknoted/asl-alphabet/asl_alphabet_train/asl_alphabet_train/E/E56.jpg,False,E,0.9094235897064209,True
E,/kaggle/input/datasets/grassknoted/asl-alphabet/asl_alphabet_train/asl_alphabet_train/E/E561.jpg,True,E,0.8952064514160156,True
E,/kaggle/input/datasets/grassknoted/asl-alphabet/asl_alphabet_train/asl_alphabet_train/E/E578.jpg,True,E,0.9210283160209656,True
E,/kaggle/input/datasets/grassknoted/asl-alphabet/asl_alphabet_train/asl_alphabet_train/E/E586.jpg,True,E,0.918569803237915,True
E,/kaggle/input/datasets/grassknoted/asl-alphabet/asl_alphabet_train/asl_alphabet_train/E/E605.jpg,True,E,0.9149345755577087,True
E,/kaggle/input/datasets/grassknoted/asl-alphabet/asl_alphabet_train/asl_alphabet_train/E/E666.jpg,True,E,0.9051660299301147,True
E,/kaggle/input/datasets/grassknoted/asl-alphabet/asl_alphabet_train/asl_alphabet_train/E/E701.jpg,True,E,0.909710705280304,True
E,/kaggle/input/datasets/grassknoted/asl-alphabet/asl_alphabet_train/asl_alphabet_train/E/E710.jpg,True,E,0.8911507725715637,True
E,/kaggle/input/datasets/grassknoted/asl-alphabet/asl_alphabet_train/asl_alphabet_train/E/E775.jpg,True,E,0.9099048972129822,True
E,/kaggle/input/datasets/grassknoted/asl-alphabet/asl_alphabet_train/asl_alphabet_train/E/E827.jpg,True,E,0.915673017501831,True
E,/kaggle/input/datasets/grassknoted/asl-alphabet/asl_alphabet_train/asl_alphabet_train/E/E862.jpg,True,E,0.9112711548805237,True
E,/kaggle/input/datasets/grassknoted/asl-alphabet/asl_alphabet_train/asl_alphabet_train/E/E882.jpg,True,E,0.9142997860908508,True
E,/kaggle/input/datasets/grassknoted/asl-alphabet/asl_alphabet_train/asl_alphabet_train/E/E905.jpg,True,E,0.9005128741264343,True
E,/kaggle/input/datasets/grassknoted/asl-alphabet/asl_alphabet_train/asl_alphabet_train/E/E913.jpg,True,E,0.9039017558097839,True
E,/kaggle/input/datasets/grassknoted/asl-alphabet/asl_alphabet_train/asl_alphabet_train/E/E928.jpg,True,E,0.9007195234298706,True
E,/kaggle/input/datasets/grassknoted/asl-alphabet/asl_alphabet_train/asl_alphabet_train/E/E943.jpg,True,E,0.9139961004257202,True
E,/kaggle/input/datasets/grassknoted/asl-alphabet/asl_alphabet_train/asl_alphabet_train/E/E950.jpg,True,E,0.9135664105415344,True
E,/kaggle/input/datasets/grassknoted/asl-alphabet/asl_alphabet_train/asl_alphabet_train/E/E953.jpg,True,E,0.9130740761756897,True
F,/kaggle/input/datasets/grassknoted/asl-alphabet/asl_alphabet_train/asl_alphabet_train/F/F1026.jpg,True,F,0.9027658700942993,True
F,/kaggle/input/datasets/grassknoted/asl-alphabet/asl_alphabet_train/asl_alphabet_train/F/F1037.jpg,True,F,0.9121255278587341,True
F,/kaggle/input/datasets/grassknoted/asl-alphabet/asl_alphabet_train/asl_alphabet_train/F/F1107.jpg,True,F,0.905503511428833,True
F,/kaggle/input/datasets/grassknoted/asl-alphabet/asl_alphabet_train/asl_alphabet_train/F/F1144.jpg,True,F,0.903903603553772,True
F,/kaggle/input/datasets/grassknoted/asl-alphabet/asl_alphabet_train/asl_alphabet_train/F/F1145.jpg,True,F,0.9148953557014465,True
F,/kaggle/input/datasets/grassknoted/asl-alphabet/asl_alphabet_train/asl_alphabet_train/F/F1174.jpg,False,F,0.9028807282447815,True
F,/kaggle/input/datasets/grassknoted/asl-alphabet/asl_alphabet_train/asl_alphabet_train/F/F1188.jpg,True,F,0.9082366228103638,True
F,/kaggle/input/datasets/grassknoted/asl-alphabet/asl_alphabet_train/asl_alphabet_train/F/F1201.jpg,True,F,0.9026134014129639,True
F,/kaggle/input/datasets/grassknoted/asl-alphabet/asl_alphabet_train/asl_alphabet_train/F/F1202.jpg,True,F,0.9070360660552979,True
F,/kaggle/input/datasets/grassknoted/asl-alphabet/asl_alphabet_train/asl_alphabet_train/F/F1302.jpg,True,F,0.8977181911468506,True
F,/kaggle/input/datasets/grassknoted/asl-alphabet/asl_alphabet_train/asl_alphabet_train/F/F1316.jpg,True,F,0.8994234800338745,True
F,/kaggle/input/datasets/grassknoted/asl-alphabet/asl_alphabet_train/asl_alphabet_train/F/F1334.jpg,True,F,0.9036473631858826,True
F,/kaggle/input/datasets/grassknoted/asl-alphabet/asl_alphabet_train/asl_alphabet_train/F/F1380.jpg,True,F,0.9015313982963562,True
F,/kaggle/input/datasets/grassknoted/asl-alphabet/asl_alphabet_train/asl_alphabet_train/F/F1383.jpg,True,F,0.888298511505127,True
F,/kaggle/input/datasets/grassknoted/asl-alphabet/asl_alphabet_train/asl_alphabet_train/F/F1406.jpg,True,F,0.8856297731399536,True
F,/kaggle/input/datasets/grassknoted/asl-alphabet/asl_alphabet_train/asl_alphabet_train/F/F1438.jpg,True,F,0.8940204381942749,True
F,/kaggle/input/datasets/grassknoted/asl-alphabet/asl_alphabet_train/asl_alphabet_train/F/F1443.jpg,True,F,0.875744640827179,True
F,/kaggle/input/datasets/grassknoted/asl-alphabet/asl_alphabet_train/asl_alphabet_train/F/F1456.jpg,True,F,0.9104281067848206,True
F,/kaggle/input/datasets/grassknoted/asl-alphabet/asl_alphabet_train/asl_alphabet_train/F/F1538.jpg,True,F,0.8862480521202087,True
F,/kaggle/input/datasets/grassknoted/asl-alphabet/asl_alphabet_train/asl_alphabet_train/F/F1559.jpg,True,F,0.8893216252326965,True
F,/kaggle/input/datasets/grassknoted/asl-alphabet/asl_alphabet_train/asl_alphabet_train/F/F1634.jpg,True,F,0.8989391326904297,True
F,/kaggle/input/datasets/grassknoted/asl-alphabet/asl_alphabet_train/asl_alphabet_train/F/F1644.jpg,True,F,0.8815688490867615,True
F,/kaggle/input/datasets/grassknoted/asl-alphabet/asl_alphabet_train/asl_alphabet_train/F/F1703.jpg,True,F,0.89936763048172,True
F,/kaggle/input/datasets/grassknoted/asl-alphabet/asl_alphabet_train/asl_alphabet_train/F/F174.jpg,False,F,0.9003041386604309,True
F,/kaggle/input/datasets/grassknoted/asl-alphabet/asl_alphabet_train/asl_alphabet_train/F/F1824.jpg,True,F,0.88870769739151,True
F,/kaggle/input/datasets/grassknoted/asl-alphabet/asl_alphabet_train/asl_alphabet_train/F/F1829.jpg,True,F,0.8932531476020813,True
F,/kaggle/input/datasets/grassknoted/asl-alphabet/asl_alphabet_train/asl_alphabet_train/F/F1881.jpg,True,F,0.9084992408752441,True
F,/kaggle/input/datasets/grassknoted/asl-alphabet/asl_alphabet_train/asl_alphabet_train/F/F1886.jpg,True,F,0.9083845615386963,True
F,/kaggle/input/datasets/grassknoted/asl-alphabet/asl_alphabet_train/asl_alphabet_train/F/F1892.jpg,True,F,0.9148197770118713,True
F,/kaggle/input/datasets/grassknoted/asl-alphabet/asl_alphabet_train/asl_alphabet_train/F/F1940.jpg,True,F,0.9060087203979492,True
F,/kaggle/input/datasets/grassknoted/asl-alphabet/asl_alphabet_train/asl_alphabet_train/F/F1970.jpg,True,F,0.9000840783119202,True
F,/kaggle/input/datasets/grassknoted/asl-alphabet/asl_alphabet_train/asl_alphabet_train/F/F1987.jpg,True,F,0.9044003486633301,True
F,/kaggle/input/datasets/grassknoted/asl-alphabet/asl_alphabet_train/asl_alphabet_train/F/F2007.jpg,True,F,0.9033600687980652,True
F,/kaggle/input/datasets/grassknoted/asl-alphabet/asl_alphabet_train/asl_alphabet_train/F/F2035.jpg,True,F,0.879828691482544,True
F,/kaggle/input/datasets/grassknoted/asl-alphabet/asl_alphabet_train/asl_alphabet_train/F/F2058.jpg,True,F,0.8724321722984314,True
F,/kaggle/input/datasets/grassknoted/asl-alphabet/asl_alphabet_train/asl_alphabet_train/F/F210.jpg,True,F,0.8986952900886536,True
F,/kaggle/input/datasets/grassknoted/asl-alphabet/asl_alphabet_train/asl_alphabet_train/F/F212.jpg,True,F,0.9073763489723206,True
F,/kaggle/input/datasets/grassknoted/asl-alphabet/asl_alphabet_train/asl_alphabet_train/F/F2130.jpg,True,F,0.8983098864555359,True
F,/kaggle/input/datasets/grassknoted/asl-alphabet/asl_alphabet_train/asl_alphabet_train/F/F2155.jpg,True,F,0.8910130262374878,True
F,/kaggle/input/datasets/grassknoted/asl-alphabet/asl_alphabet_train/asl_alphabet_train/F/F2197.jpg,True,F,0.9021234512329102,True
F,/kaggle/input/datasets/grassknoted/asl-alphabet/asl_alphabet_train/asl_alphabet_train/F/F2207.jpg,True,F,0.8894092440605164,True
F,/kaggle/input/datasets/grassknoted/asl-alphabet/asl_alphabet_train/asl_alphabet_train/F/F225.jpg,False,F,0.8933008909225464,True
F,/kaggle/input/datasets/grassknoted/asl-alphabet/asl_alphabet_train/asl_alphabet_train/F/F2287.jpg,True,F,0.9082314968109131,True
F,/kaggle/input/datasets/grassknoted/asl-alphabet/asl_alphabet_train/asl_alphabet_train/F/F2299.jpg,True,F,0.8869391083717346,True
F,/kaggle/input/datasets/grassknoted/asl-alphabet/asl_alphabet_train/asl_alphabet_train/F/F2319.jpg,True,F,0.8862352967262268,True
F,/kaggle/input/datasets/grassknoted/asl-alphabet/asl_alphabet_train/asl_alphabet_train/F/F2334.jpg,True,F,0.8619130253791809,True
F,/kaggle/input/datasets/grassknoted/asl-alphabet/asl_alphabet_train/asl_alphabet_train/F/F2339.jpg,True,F,0.8630841374397278,True
F,/kaggle/input/datasets/grassknoted/asl-alphabet/asl_alphabet_train/asl_alphabet_train/F/F2350.jpg,True,F,0.8765894770622253,True
F,/kaggle/input/datasets/grassknoted/asl-alphabet/asl_alphabet_train/asl_alphabet_train/F/F2354.jpg,True,F,0.8736530542373657,True
F,/kaggle/input/datasets/grassknoted/asl-alphabet/asl_alphabet_train/asl_alphabet_train/F/F2363.jpg,True,F,0.8950878977775574,True
F,/kaggle/input/datasets/grassknoted/asl-alphabet/asl_alphabet_train/asl_alphabet_train/F/F2373.jpg,True,F,0.8978658318519592,True
F,/kaggle/input/datasets/grassknoted/asl-alphabet/asl_alphabet_train/asl_alphabet_train/F/F2406.jpg,False,F,0.9077302813529968,True
F,/kaggle/input/datasets/grassknoted/asl-alphabet/asl_alphabet_train/asl_alphabet_train/F/F246.jpg,True,F,0.890867292881012,True
F,/kaggle/input/datasets/grassknoted/asl-alphabet/asl_alphabet_train/asl_alphabet_train/F/F2491.jpg,True,F,0.8922474384307861,True
F,/kaggle/input/datasets/grassknoted/asl-alphabet/asl_alphabet_train/asl_alphabet_train/F/F2494.jpg,True,F,0.8941285610198975,True
F,/kaggle/input/datasets/grassknoted/asl-alphabet/asl_alphabet_train/asl_alphabet_train/F/F2596.jpg,True,F,0.8700860142707825,True
F,/kaggle/input/datasets/grassknoted/asl-alphabet/asl_alphabet_train/asl_alphabet_train/F/F2633.jpg,True,F,0.8796344995498657,True
F,/kaggle/input/datasets/grassknoted/asl-alphabet/asl_alphabet_train/asl_alphabet_train/F/F2713.jpg,True,F,0.893073558807373,True
F,/kaggle/input/datasets/grassknoted/asl-alphabet/asl_alphabet_train/asl_alphabet_train/F/F2752.jpg,True,F,0.8633602857589722,True
F,/kaggle/input/datasets/grassknoted/asl-alphabet/asl_alphabet_train/asl_alphabet_train/F/F2776.jpg,True,F,0.8813628554344177,True
F,/kaggle/input/datasets/grassknoted/asl-alphabet/asl_alphabet_train/asl_alphabet_train/F/F2806.jpg,True,F,0.7609167098999023,True
F,/kaggle/input/datasets/grassknoted/asl-alphabet/asl_alphabet_train/asl_alphabet_train/F/F2835.jpg,True,F,0.8907298445701599,True
F,/kaggle/input/datasets/grassknoted/asl-alphabet/asl_alphabet_train/asl_alphabet_train/F/F2871.jpg,True,F,0.8626757264137268,True
F,/kaggle/input/datasets/grassknoted/asl-alphabet/asl_alphabet_train/asl_alphabet_train/F/F2882.jpg,True,F,0.8767709732055664,True
F,/kaggle/input/datasets/grassknoted/asl-alphabet/asl_alphabet_train/asl_alphabet_train/F/F2884.jpg,True,F,0.8663195967674255,True
F,/kaggle/input/datasets/grassknoted/asl-alphabet/asl_alphabet_train/asl_alphabet_train/F/F2908.jpg,True,F,0.8689418435096741,True
F,/kaggle/input/datasets/grassknoted/asl-alphabet/asl_alphabet_train/asl_alphabet_train/F/F2922.jpg,True,F,0.8694640398025513,True
F,/kaggle/input/datasets/grassknoted/asl-alphabet/asl_alphabet_train/asl_alphabet_train/F/F2926.jpg,True,F,0.8656647205352783,True
F,/kaggle/input/datasets/grassknoted/asl-alphabet/asl_alphabet_train/asl_alphabet_train/F/F2931.jpg,True,F,0.8751352429389954,True
F,/kaggle/input/datasets/grassknoted/asl-alphabet/asl_alphabet_train/asl_alphabet_train/F/F2965.jpg,True,F,0.9013588428497314,True
F,/kaggle/input/datasets/grassknoted/asl-alphabet/asl_alphabet_train/asl_alphabet_train/F/F310.jpg,True,F,0.9052759408950806,True
F,/kaggle/input/datasets/grassknoted/asl-alphabet/asl_alphabet_train/asl_alphabet_train/F/F325.jpg,True,F,0.9056345224380493,True
F,/kaggle/input/datasets/grassknoted/asl-alphabet/asl_alphabet_train/asl_alphabet_train/F/F355.jpg,True,F,0.9033979177474976,True
F,/kaggle/input/datasets/grassknoted/asl-alphabet/asl_alphabet_train/asl_alphabet_train/F/F357.jpg,True,F,0.9071643948554993,True
F,/kaggle/input/datasets/grassknoted/asl-alphabet/asl_alphabet_train/asl_alphabet_train/F/F399.jpg,True,F,0.8943967819213867,True
F,/kaggle/input/datasets/grassknoted/asl-alphabet/asl_alphabet_train/asl_alphabet_train/F/F411.jpg,True,F,0.9065715670585632,True
F,/kaggle/input/datasets/grassknoted/asl-alphabet/asl_alphabet_train/asl_alphabet_train/F/F457.jpg,True,F,0.8997357487678528,True
F,/kaggle/input/datasets/grassknoted/asl-alphabet/asl_alphabet_train/asl_alphabet_train/F/F466.jpg,True,F,0.884615421295166,True
F,/kaggle/input/datasets/grassknoted/asl-alphabet/asl_alphabet_train/asl_alphabet_train/F/F491.jpg,True,F,0.8931033611297607,True
F,/kaggle/input/datasets/grassknoted/asl-alphabet/asl_alphabet_train/asl_alphabet_train/F/F5.jpg,True,F,0.8824895620346069,True
F,/kaggle/input/datasets/grassknoted/asl-alphabet/asl_alphabet_train/asl_alphabet_train/F/F518.jpg,True,F,0.888066828250885,True
F,/kaggle/input/datasets/grassknoted/asl-alphabet/asl_alphabet_train/asl_alphabet_train/F/F526.jpg,True,F,0.8831145763397217,True
F,/kaggle/input/datasets/grassknoted/asl-alphabet/asl_alphabet_train/asl_alphabet_train/F/F545.jpg,True,F,0.897477388381958,True
F,/kaggle/input/datasets/grassknoted/asl-alphabet/asl_alphabet_train/asl_alphabet_train/F/F557.jpg,True,F,0.8843677043914795,True
F,/kaggle/input/datasets/grassknoted/asl-alphabet/asl_alphabet_train/asl_alphabet_train/F/F570.jpg,True,F,0.8835592865943909,True
F,/kaggle/input/datasets/grassknoted/asl-alphabet/asl_alphabet_train/asl_alphabet_train/F/F573.jpg,True,F,0.8886858820915222,True
F,/kaggle/input/datasets/grassknoted/asl-alphabet/asl_alphabet_train/asl_alphabet_train/F/F588.jpg,True,F,0.8988038301467896,True
F,/kaggle/input/datasets/grassknoted/asl-alphabet/asl_alphabet_train/asl_alphabet_train/F/F619.jpg,True,F,0.8923466205596924,True
F,/kaggle/input/datasets/grassknoted/asl-alphabet/asl_alphabet_train/asl_alphabet_train/F/F69.jpg,True,F,0.9000003337860107,True
F,/kaggle/input/datasets/grassknoted/asl-alphabet/asl_alphabet_train/asl_alphabet_train/F/F711.jpg,True,F,0.8952372074127197,True
F,/kaggle/input/datasets/grassknoted/asl-alphabet/asl_alphabet_train/asl_alphabet_train/F/F772.jpg,True,F,0.896030604839325,True
F,/kaggle/input/datasets/grassknoted/asl-alphabet/asl_alphabet_train/asl_alphabet_train/F/F775.jpg,True,F,0.9105030298233032,True
F,/kaggle/input/datasets/grassknoted/asl-alphabet/asl_alphabet_train/asl_alphabet_train/F/F811.jpg,True,F,0.8752321004867554,True
F,/kaggle/input/datasets/grassknoted/asl-alphabet/asl_alphabet_train/asl_alphabet_train/F/F850.jpg,True,F,0.8911823630332947,True
F,/kaggle/input/datasets/grassknoted/asl-alphabet/asl_alphabet_train/asl_alphabet_train/F/F875.jpg,True,F,0.8689544200897217,True
F,/kaggle/input/datasets/grassknoted/asl-alphabet/asl_alphabet_train/asl_alphabet_train/F/F926.jpg,True,F,0.8969127535820007,True
F,/kaggle/input/datasets/grassknoted/asl-alphabet/asl_alphabet_train/asl_alphabet_train/F/F951.jpg,True,F,0.9002019762992859,True
F,/kaggle/input/datasets/grassknoted/asl-alphabet/asl_alphabet_train/asl_alphabet_train/F/F958.jpg,True,F,0.8973206877708435,True
F,/kaggle/input/datasets/grassknoted/asl-alphabet/asl_alphabet_train/asl_alphabet_train/F/F967.jpg,True,F,0.8892958760261536,True
F,/kaggle/input/datasets/grassknoted/asl-alphabet/asl_alphabet_train/asl_alphabet_train/F/F992.jpg,True,F,0.9066035747528076,True
G,/kaggle/input/datasets/grassknoted/asl-alphabet/asl_alphabet_train/asl_alphabet_train/G/G101.jpg,False,G,0.9195581078529358,True
G,/kaggle/input/datasets/grassknoted/asl-alphabet/asl_alphabet_train/asl_alphabet_train/G/G102.jpg,False,G,0.9143698215484619,True
G,/kaggle/input/datasets/grassknoted/asl-alphabet/asl_alphabet_train/asl_alphabet_train/G/G1097.jpg,True,G,0.9183602333068848,True
G,/kaggle/input/datasets/grassknoted/asl-alphabet/asl_alphabet_train/asl_alphabet_train/G/G1106.jpg,True,G,0.912864625453949,True
G,/kaggle/input/datasets/grassknoted/asl-alphabet/asl_alphabet_train/asl_alphabet_train/G/G1128.jpg,True,G,0.9174337983131409,True
G,/kaggle/input/datasets/grassknoted/asl-alphabet/asl_alphabet_train/asl_alphabet_train/G/G113.jpg,False,G,0.9074602723121643,True
G,/kaggle/input/datasets/grassknoted/asl-alphabet/asl_alphabet_train/asl_alphabet_train/G/G1145.jpg,True,G,0.9216334223747253,True
G,/kaggle/input/datasets/grassknoted/asl-alphabet/asl_alphabet_train/asl_alphabet_train/G/G1193.jpg,True,G,0.9183592200279236,True
G,/kaggle/input/datasets/grassknoted/asl-alphabet/asl_alphabet_train/asl_alphabet_train/G/G1196.jpg,True,G,0.9144003987312317,True
G,/kaggle/input/datasets/grassknoted/asl-alphabet/asl_alphabet_train/asl_alphabet_train/G/G1224.jpg,True,G,0.9168633222579956,True
G,/kaggle/input/datasets/grassknoted/asl-alphabet/asl_alphabet_train/asl_alphabet_train/G/G1273.jpg,True,G,0.9360243678092957,True
G,/kaggle/input/datasets/grassknoted/asl-alphabet/asl_alphabet_train/asl_alphabet_train/G/G1281.jpg,True,G,0.9132263660430908,True
G,/kaggle/input/datasets/grassknoted/asl-alphabet/asl_alphabet_train/asl_alphabet_train/G/G1291.jpg,True,G,0.916922926902771,True
G,/kaggle/input/datasets/grassknoted/asl-alphabet/asl_alphabet_train/asl_alphabet_train/G/G1299.jpg,True,G,0.915560781955719,True
G,/kaggle/input/datasets/grassknoted/asl-alphabet/asl_alphabet_train/asl_alphabet_train/G/G1326.jpg,True,G,0.9220835566520691,True
G,/kaggle/input/datasets/grassknoted/asl-alphabet/asl_alphabet_train/asl_alphabet_train/G/G1405.jpg,True,G,0.9182224869728088,True
G,/kaggle/input/datasets/grassknoted/asl-alphabet/asl_alphabet_train/asl_alphabet_train/G/G1590.jpg,True,G,0.9146883487701416,True
G,/kaggle/input/datasets/grassknoted/asl-alphabet/asl_alphabet_train/asl_alphabet_train/G/G1629.jpg,True,G,0.9199570417404175,True
G,/kaggle/input/datasets/grassknoted/asl-alphabet/asl_alphabet_train/asl_alphabet_train/G/G1630.jpg,True,G,0.9097123146057129,True
G,/kaggle/input/datasets/grassknoted/asl-alphabet/asl_alphabet_train/asl_alphabet_train/G/G1636.jpg,True,G,0.9161360263824463,True
G,/kaggle/input/datasets/grassknoted/asl-alphabet/asl_alphabet_train/asl_alphabet_train/G/G1642.jpg,True,G,0.9153831601142883,True
G,/kaggle/input/datasets/grassknoted/asl-alphabet/asl_alphabet_train/asl_alphabet_train/G/G1709.jpg,True,G,0.9181517362594604,True
G,/kaggle/input/datasets/grassknoted/asl-alphabet/asl_alphabet_train/asl_alphabet_train/G/G1745.jpg,True,G,0.916817307472229,True
G,/kaggle/input/datasets/grassknoted/asl-alphabet/asl_alphabet_train/asl_alphabet_train/G/G1760.jpg,True,G,0.9077164530754089,True
G,/kaggle/input/datasets/grassknoted/asl-alphabet/asl_alphabet_train/asl_alphabet_train/G/G1788.jpg,True,G,0.9201498627662659,True
G,/kaggle/input/datasets/grassknoted/asl-alphabet/asl_alphabet_train/asl_alphabet_train/G/G1864.jpg,True,G,0.9168933033943176,True
G,/kaggle/input/datasets/grassknoted/asl-alphabet/asl_alphabet_train/asl_alphabet_train/G/G1916.jpg,True,G,0.9024300575256348,True
G,/kaggle/input/datasets/grassknoted/asl-alphabet/asl_alphabet_train/asl_alphabet_train/G/G1988.jpg,True,G,0.9179518818855286,True
G,/kaggle/input/datasets/grassknoted/asl-alphabet/asl_alphabet_train/asl_alphabet_train/G/G1997.jpg,True,G,0.931082546710968,True
G,/kaggle/input/datasets/grassknoted/asl-alphabet/asl_alphabet_train/asl_alphabet_train/G/G2026.jpg,True,G,0.9030407071113586,True
G,/kaggle/input/datasets/grassknoted/asl-alphabet/asl_alphabet_train/asl_alphabet_train/G/G2056.jpg,True,G,0.9143216013908386,True
G,/kaggle/input/datasets/grassknoted/asl-alphabet/asl_alphabet_train/asl_alphabet_train/G/G2094.jpg,True,G,0.9059603810310364,True
G,/kaggle/input/datasets/grassknoted/asl-alphabet/asl_alphabet_train/asl_alphabet_train/G/G2098.jpg,True,G,0.9053810238838196,True
G,/kaggle/input/datasets/grassknoted/asl-alphabet/asl_alphabet_train/asl_alphabet_train/G/G2157.jpg,True,G,0.9108939170837402,True
G,/kaggle/input/datasets/grassknoted/asl-alphabet/asl_alphabet_train/asl_alphabet_train/G/G2186.jpg,True,G,0.9137302041053772,True
G,/kaggle/input/datasets/grassknoted/asl-alphabet/asl_alphabet_train/asl_alphabet_train/G/G2196.jpg,True,G,0.9085248708724976,True
G,/kaggle/input/datasets/grassknoted/asl-alphabet/asl_alphabet_train/asl_alphabet_train/G/G2208.jpg,True,G,0.9051111340522766,True
G,/kaggle/input/datasets/grassknoted/asl-alphabet/asl_alphabet_train/asl_alphabet_train/G/G2234.jpg,True,G,0.8866219520568848,True
G,/kaggle/input/datasets/grassknoted/asl-alphabet/asl_alphabet_train/asl_alphabet_train/G/G2248.jpg,True,G,0.8866531848907471,True
G,/kaggle/input/datasets/grassknoted/asl-alphabet/asl_alphabet_train/asl_alphabet_train/G/G2299.jpg,True,G,0.9152272939682007,True
G,/kaggle/input/datasets/grassknoted/asl-alphabet/asl_alphabet_train/asl_alphabet_train/G/G2332.jpg,True,G,0.931816041469574,True
G,/kaggle/input/datasets/grassknoted/asl-alphabet/asl_alphabet_train/asl_alphabet_train/G/G2346.jpg,True,G,0.9152058959007263,True
G,/kaggle/input/datasets/grassknoted/asl-alphabet/asl_alphabet_train/asl_alphabet_train/G/G2349.jpg,True,G,0.9079436659812927,True
G,/kaggle/input/datasets/grassknoted/asl-alphabet/asl_alphabet_train/asl_alphabet_train/G/G2371.jpg,True,G,0.9029461145401001,True
G,/kaggle/input/datasets/grassknoted/asl-alphabet/asl_alphabet_train/asl_alphabet_train/G/G2440.jpg,False,G,0.9136962890625,True
G,/kaggle/input/datasets/grassknoted/asl-alphabet/asl_alphabet_train/asl_alphabet_train/G/G2456.jpg,True,G,0.9209604859352112,True
G,/kaggle/input/datasets/grassknoted/asl-alphabet/asl_alphabet_train/asl_alphabet_train/G/G2480.jpg,False,G,0.9100833535194397,True
G,/kaggle/input/datasets/grassknoted/asl-alphabet/asl_alphabet_train/asl_alphabet_train/G/G2620.jpg,False,G,0.9131972193717957,True
G,/kaggle/input/datasets/grassknoted/asl-alphabet/asl_alphabet_train/asl_alphabet_train/G/G2635.jpg,False,G,0.9067987203598022,True
G,/kaggle/input/datasets/grassknoted/asl-alphabet/asl_alphabet_train/asl_alphabet_train/G/G2654.jpg,False,G,0.8984862565994263,True
G,/kaggle/input/datasets/grassknoted/asl-alphabet/asl_alphabet_train/asl_alphabet_train/G/G2676.jpg,False,G,0.9014305472373962,True
G,/kaggle/input/datasets/grassknoted/asl-alphabet/asl_alphabet_train/asl_alphabet_train/G/G2685.jpg,False,G,0.9108558297157288,True
G,/kaggle/input/datasets/grassknoted/asl-alphabet/asl_alphabet_train/asl_alphabet_train/G/G2703.jpg,False,G,0.8922820687294006,True
G,/kaggle/input/datasets/grassknoted/asl-alphabet/asl_alphabet_train/asl_alphabet_train/G/G271.jpg,True,G,0.9232417941093445,True
G,/kaggle/input/datasets/grassknoted/asl-alphabet/asl_alphabet_train/asl_alphabet_train/G/G2723.jpg,False,G,0.8929698467254639,True
G,/kaggle/input/datasets/grassknoted/asl-alphabet/asl_alphabet_train/asl_alphabet_train/G/G2730.jpg,False,G,0.8859073519706726,True
G,/kaggle/input/datasets/grassknoted/asl-alphabet/asl_alphabet_train/asl_alphabet_train/G/G2762.jpg,False,G,0.9172078967094421,True
G,/kaggle/input/datasets/grassknoted/asl-alphabet/asl_alphabet_train/asl_alphabet_train/G/G281.jpg,True,G,0.910273015499115,True
G,/kaggle/input/datasets/grassknoted/asl-alphabet/asl_alphabet_train/asl_alphabet_train/G/G2863.jpg,True,G,0.84360271692276,True
G,/kaggle/input/datasets/grassknoted/asl-alphabet/asl_alphabet_train/asl_alphabet_train/G/G289.jpg,True,G,0.9307122230529785,True
G,/kaggle/input/datasets/grassknoted/asl-alphabet/asl_alphabet_train/asl_alphabet_train/G/G2912.jpg,True,G,0.8556870222091675,True
G,/kaggle/input/datasets/grassknoted/asl-alphabet/asl_alphabet_train/asl_alphabet_train/G/G2926.jpg,True,G,0.8553159832954407,True
G,/kaggle/input/datasets/grassknoted/asl-alphabet/asl_alphabet_train/asl_alphabet_train/G/G2939.jpg,True,G,0.8756601810455322,True
G,/kaggle/input/datasets/grassknoted/asl-alphabet/asl_alphabet_train/asl_alphabet_train/G/G2983.jpg,True,G,0.8754293918609619,True
G,/kaggle/input/datasets/grassknoted/asl-alphabet/asl_alphabet_train/asl_alphabet_train/G/G2988.jpg,True,G,0.8805944323539734,True
G,/kaggle/input/datasets/grassknoted/asl-alphabet/asl_alphabet_train/asl_alphabet_train/G/G2993.jpg,True,G,0.8775181770324707,True
G,/kaggle/input/datasets/grassknoted/asl-alphabet/asl_alphabet_train/asl_alphabet_train/G/G344.jpg,True,G,0.9029884338378906,True
G,/kaggle/input/datasets/grassknoted/asl-alphabet/asl_alphabet_train/asl_alphabet_train/G/G351.jpg,True,G,0.907891035079956,True
G,/kaggle/input/datasets/grassknoted/asl-alphabet/asl_alphabet_train/asl_alphabet_train/G/G360.jpg,True,G,0.9036304950714111,True
G,/kaggle/input/datasets/grassknoted/asl-alphabet/asl_alphabet_train/asl_alphabet_train/G/G376.jpg,True,G,0.9137142896652222,True
G,/kaggle/input/datasets/grassknoted/asl-alphabet/asl_alphabet_train/asl_alphabet_train/G/G398.jpg,True,G,0.9097161293029785,True
G,/kaggle/input/datasets/grassknoted/asl-alphabet/asl_alphabet_train/asl_alphabet_train/G/G412.jpg,True,G,0.9205004572868347,True
G,/kaggle/input/datasets/grassknoted/asl-alphabet/asl_alphabet_train/asl_alphabet_train/G/G428.jpg,True,G,0.9111174941062927,True
G,/kaggle/input/datasets/grassknoted/asl-alphabet/asl_alphabet_train/asl_alphabet_train/G/G439.jpg,True,G,0.9120438098907471,True
G,/kaggle/input/datasets/grassknoted/asl-alphabet/asl_alphabet_train/asl_alphabet_train/G/G453.jpg,True,G,0.9128760695457458,True
G,/kaggle/input/datasets/grassknoted/asl-alphabet/asl_alphabet_train/asl_alphabet_train/G/G47.jpg,True,G,0.9080840349197388,True
G,/kaggle/input/datasets/grassknoted/asl-alphabet/asl_alphabet_train/asl_alphabet_train/G/G498.jpg,True,G,0.9231538772583008,True
G,/kaggle/input/datasets/grassknoted/asl-alphabet/asl_alphabet_train/asl_alphabet_train/G/G577.jpg,True,G,0.9133281111717224,True
G,/kaggle/input/datasets/grassknoted/asl-alphabet/asl_alphabet_train/asl_alphabet_train/G/G584.jpg,True,G,0.9250180125236511,True
G,/kaggle/input/datasets/grassknoted/asl-alphabet/asl_alphabet_train/asl_alphabet_train/G/G599.jpg,True,G,0.9044979810714722,True
G,/kaggle/input/datasets/grassknoted/asl-alphabet/asl_alphabet_train/asl_alphabet_train/G/G613.jpg,True,G,0.9011068344116211,True
G,/kaggle/input/datasets/grassknoted/asl-alphabet/asl_alphabet_train/asl_alphabet_train/G/G622.jpg,True,G,0.905737578868866,True
G,/kaggle/input/datasets/grassknoted/asl-alphabet/asl_alphabet_train/asl_alphabet_train/G/G624.jpg,True,G,0.9089219570159912,True
G,/kaggle/input/datasets/grassknoted/asl-alphabet/asl_alphabet_train/asl_alphabet_train/G/G666.jpg,False,G,0.9217441082000732,True
G,/kaggle/input/datasets/grassknoted/asl-alphabet/asl_alphabet_train/asl_alphabet_train/G/G744.jpg,True,G,0.8987692594528198,True
G,/kaggle/input/datasets/grassknoted/asl-alphabet/asl_alphabet_train/asl_alphabet_train/G/G769.jpg,False,G,0.9143708944320679,True
G,/kaggle/input/datasets/grassknoted/asl-alphabet/asl_alphabet_train/asl_alphabet_train/G/G797.jpg,False,G,0.9189922213554382,True
G,/kaggle/input/datasets/grassknoted/asl-alphabet/asl_alphabet_train/asl_alphabet_train/G/G826.jpg,True,G,0.9207382798194885,True
G,/kaggle/input/datasets/grassknoted/asl-alphabet/asl_alphabet_train/asl_alphabet_train/G/G833.jpg,False,G,0.8952941298484802,True
G,/kaggle/input/datasets/grassknoted/asl-alphabet/asl_alphabet_train/asl_alphabet_train/G/G850.jpg,True,G,0.9080851078033447,True
G,/kaggle/input/datasets/grassknoted/asl-alphabet/asl_alphabet_train/asl_alphabet_train/G/G855.jpg,True,G,0.9118093848228455,True
G,/kaggle/input/datasets/grassknoted/asl-alphabet/asl_alphabet_train/asl_alphabet_train/G/G858.jpg,True,G,0.8975858092308044,True
G,/kaggle/input/datasets/grassknoted/asl-alphabet/asl_alphabet_train/asl_alphabet_train/G/G865.jpg,True,G,0.9057366847991943,True
G,/kaggle/input/datasets/grassknoted/asl-alphabet/asl_alphabet_train/asl_alphabet_train/G/G877.jpg,True,G,0.9216077327728271,True
G,/kaggle/input/datasets/grassknoted/asl-alphabet/asl_alphabet_train/asl_alphabet_train/G/G899.jpg,True,G,0.913929283618927,True
G,/kaggle/input/datasets/grassknoted/asl-alphabet/asl_alphabet_train/asl_alphabet_train/G/G90.jpg,False,G,0.9133016467094421,True
G,/kaggle/input/datasets/grassknoted/asl-alphabet/asl_alphabet_train/asl_alphabet_train/G/G917.jpg,True,G,0.9148069620132446,True
G,/kaggle/input/datasets/grassknoted/asl-alphabet/asl_alphabet_train/asl_alphabet_train/G/G943.jpg,True,G,0.8975499868392944,True
G,/kaggle/input/datasets/grassknoted/asl-alphabet/asl_alphabet_train/asl_alphabet_train/G/G988.jpg,True,G,0.924244225025177,True
G,/kaggle/input/datasets/grassknoted/asl-alphabet/asl_alphabet_train/asl_alphabet_train/G/G999.jpg,True,G,0.9140073657035828,True
H,/kaggle/input/datasets/grassknoted/asl-alphabet/asl_alphabet_train/asl_alphabet_train/H/H1000.jpg,True,H,0.90458083152771,True
H,/kaggle/input/datasets/grassknoted/asl-alphabet/asl_alphabet_train/asl_alphabet_train/H/H1001.jpg,True,H,0.9038839340209961,True
H,/kaggle/input/datasets/grassknoted/asl-alphabet/asl_alphabet_train/asl_alphabet_train/H/H1063.jpg,True,H,0.9032781720161438,True
H,/kaggle/input/datasets/grassknoted/asl-alphabet/asl_alphabet_train/asl_alphabet_train/H/H1077.jpg,True,H,0.9006634950637817,True
H,/kaggle/input/datasets/grassknoted/asl-alphabet/asl_alphabet_train/asl_alphabet_train/H/H1093.jpg,True,H,0.9175973534584045,True
H,/kaggle/input/datasets/grassknoted/asl-alphabet/asl_alphabet_train/asl_alphabet_train/H/H1107.jpg,True,H,0.9029889106750488,True
H,/kaggle/input/datasets/grassknoted/asl-alphabet/asl_alphabet_train/asl_alphabet_train/H/H1125.jpg,True,H,0.8948401212692261,True
H,/kaggle/input/datasets/grassknoted/asl-alphabet/asl_alphabet_train/asl_alphabet_train/H/H1134.jpg,True,H,0.8980833888053894,True
H,/kaggle/input/datasets/grassknoted/asl-alphabet/asl_alphabet_train/asl_alphabet_train/H/H1157.jpg,True,H,0.9152899980545044,True
H,/kaggle/input/datasets/grassknoted/asl-alphabet/asl_alphabet_train/asl_alphabet_train/H/H1160.jpg,True,H,0.9092947840690613,True
H,/kaggle/input/datasets/grassknoted/asl-alphabet/asl_alphabet_train/asl_alphabet_train/H/H1173.jpg,True,H,0.886821985244751,True
H,/kaggle/input/datasets/grassknoted/asl-alphabet/asl_alphabet_train/asl_alphabet_train/H/H1268.jpg,True,H,0.900354266166687,True
H,/kaggle/input/datasets/grassknoted/asl-alphabet/asl_alphabet_train/asl_alphabet_train/H/H1272.jpg,True,H,0.8991574645042419,True
H,/kaggle/input/datasets/grassknoted/asl-alphabet/asl_alphabet_train/asl_alphabet_train/H/H1297.jpg,True,H,0.8876848816871643,True
H,/kaggle/input/datasets/grassknoted/asl-alphabet/asl_alphabet_train/asl_alphabet_train/H/H1298.jpg,True,H,0.886159360408783,True
H,/kaggle/input/datasets/grassknoted/asl-alphabet/asl_alphabet_train/asl_alphabet_train/H/H130.jpg,True,H,0.9004854559898376,True
H,/kaggle/input/datasets/grassknoted/asl-alphabet/asl_alphabet_train/asl_alphabet_train/H/H137.jpg,True,H,0.9034997224807739,True
H,/kaggle/input/datasets/grassknoted/asl-alphabet/asl_alphabet_train/asl_alphabet_train/H/H1405.jpg,True,H,0.9177531599998474,True
H,/kaggle/input/datasets/grassknoted/asl-alphabet/asl_alphabet_train/asl_alphabet_train/H/H1436.jpg,True,H,0.8907505869865417,True
H,/kaggle/input/datasets/grassknoted/asl-alphabet/asl_alphabet_train/asl_alphabet_train/H/H1451.jpg,True,H,0.913127064704895,True
H,/kaggle/input/datasets/grassknoted/asl-alphabet/asl_alphabet_train/asl_alphabet_train/H/H1463.jpg,True,H,0.8976827263832092,True
H,/kaggle/input/datasets/grassknoted/asl-alphabet/asl_alphabet_train/asl_alphabet_train/H/H1489.jpg,True,H,0.900693953037262,True
H,/kaggle/input/datasets/grassknoted/asl-alphabet/asl_alphabet_train/asl_alphabet_train/H/H1554.jpg,True,H,0.9036507606506348,True
H,/kaggle/input/datasets/grassknoted/asl-alphabet/asl_alphabet_train/asl_alphabet_train/H/H1561.jpg,True,H,0.9008931517601013,True
H,/kaggle/input/datasets/grassknoted/asl-alphabet/asl_alphabet_train/asl_alphabet_train/H/H1618.jpg,True,H,0.8939409852027893,True
H,/kaggle/input/datasets/grassknoted/asl-alphabet/asl_alphabet_train/asl_alphabet_train/H/H1630.jpg,True,H,0.9070245027542114,True
H,/kaggle/input/datasets/grassknoted/asl-alphabet/asl_alphabet_train/asl_alphabet_train/H/H1654.jpg,True,H,0.8974132537841797,True
H,/kaggle/input/datasets/grassknoted/asl-alphabet/asl_alphabet_train/asl_alphabet_train/H/H1657.jpg,True,H,0.9041007161140442,True
H,/kaggle/input/datasets/grassknoted/asl-alphabet/asl_alphabet_train/asl_alphabet_train/H/H1673.jpg,True,H,0.8791879415512085,True
H,/kaggle/input/datasets/grassknoted/asl-alphabet/asl_alphabet_train/asl_alphabet_train/H/H1702.jpg,True,H,0.9235237240791321,True
H,/kaggle/input/datasets/grassknoted/asl-alphabet/asl_alphabet_train/asl_alphabet_train/H/H1703.jpg,True,H,0.9168801307678223,True
H,/kaggle/input/datasets/grassknoted/asl-alphabet/asl_alphabet_train/asl_alphabet_train/H/H174.jpg,True,H,0.9111691117286682,True
H,/kaggle/input/datasets/grassknoted/asl-alphabet/asl_alphabet_train/asl_alphabet_train/H/H1742.jpg,True,H,0.9106541275978088,True
H,/kaggle/input/datasets/grassknoted/asl-alphabet/asl_alphabet_train/asl_alphabet_train/H/H178.jpg,True,H,0.9102326035499573,True
H,/kaggle/input/datasets/grassknoted/asl-alphabet/asl_alphabet_train/asl_alphabet_train/H/H1780.jpg,True,H,0.8878028988838196,True
H,/kaggle/input/datasets/grassknoted/asl-alphabet/asl_alphabet_train/asl_alphabet_train/H/H1782.jpg,True,H,0.8809438347816467,True
H,/kaggle/input/datasets/grassknoted/asl-alphabet/asl_alphabet_train/asl_alphabet_train/H/H1784.jpg,True,H,0.8671405911445618,True
H,/kaggle/input/datasets/grassknoted/asl-alphabet/asl_alphabet_train/asl_alphabet_train/H/H181.jpg,True,H,0.9155024290084839,True
H,/kaggle/input/datasets/grassknoted/asl-alphabet/asl_alphabet_train/asl_alphabet_train/H/H1834.jpg,True,H,0.9269753694534302,True
H,/kaggle/input/datasets/grassknoted/asl-alphabet/asl_alphabet_train/asl_alphabet_train/H/H1843.jpg,True,H,0.9156235456466675,True
H,/kaggle/input/datasets/grassknoted/asl-alphabet/asl_alphabet_train/asl_alphabet_train/H/H1844.jpg,True,H,0.909730851650238,True
H,/kaggle/input/datasets/grassknoted/asl-alphabet/asl_alphabet_train/asl_alphabet_train/H/H1909.jpg,True,H,0.9099733829498291,True
H,/kaggle/input/datasets/grassknoted/asl-alphabet/asl_alphabet_train/asl_alphabet_train/H/H2027.jpg,False,H,0.8863381147384644,True
H,/kaggle/input/datasets/grassknoted/asl-alphabet/asl_alphabet_train/asl_alphabet_train/H/H2057.jpg,False,H,0.8895488977432251,True
H,/kaggle/input/datasets/grassknoted/asl-alphabet/asl_alphabet_train/asl_alphabet_train/H/H2115.jpg,False,H,0.9022707939147949,True
H,/kaggle/input/datasets/grassknoted/asl-alphabet/asl_alphabet_train/asl_alphabet_train/H/H2118.jpg,False,H,0.8858181238174438,True
H,/kaggle/input/datasets/grassknoted/asl-alphabet/asl_alphabet_train/asl_alphabet_train/H/H213.jpg,True,H,0.9123608469963074,True
H,/kaggle/input/datasets/grassknoted/asl-alphabet/asl_alphabet_train/asl_alphabet_train/H/H2148.jpg,True,H,0.8904319405555725,True
H,/kaggle/input/datasets/grassknoted/asl-alphabet/asl_alphabet_train/asl_alphabet_train/H/H2152.jpg,True,H,0.892442524433136,True
H,/kaggle/input/datasets/grassknoted/asl-alphabet/asl_alphabet_train/asl_alphabet_train/H/H2202.jpg,True,H,0.8924350142478943,True
H,/kaggle/input/datasets/grassknoted/asl-alphabet/asl_alphabet_train/asl_alphabet_train/H/H2212.jpg,True,H,0.9099673628807068,True
H,/kaggle/input/datasets/grassknoted/asl-alphabet/asl_alphabet_train/asl_alphabet_train/H/H2241.jpg,True,H,0.8967306613922119,True
H,/kaggle/input/datasets/grassknoted/asl-alphabet/asl_alphabet_train/asl_alphabet_train/H/H2253.jpg,True,H,0.8920318484306335,True
H,/kaggle/input/datasets/grassknoted/asl-alphabet/asl_alphabet_train/asl_alphabet_train/H/H2315.jpg,True,H,0.9109503030776978,True
H,/kaggle/input/datasets/grassknoted/asl-alphabet/asl_alphabet_train/asl_alphabet_train/H/H232.jpg,True,H,0.8922426700592041,True
H,/kaggle/input/datasets/grassknoted/asl-alphabet/asl_alphabet_train/asl_alphabet_train/H/H236.jpg,True,H,0.8959351778030396,True
H,/kaggle/input/datasets/grassknoted/asl-alphabet/asl_alphabet_train/asl_alphabet_train/H/H2369.jpg,False,H,0.9041357040405273,True
H,/kaggle/input/datasets/grassknoted/asl-alphabet/asl_alphabet_train/asl_alphabet_train/H/H2377.jpg,True,H,0.8771549463272095,True
H,/kaggle/input/datasets/grassknoted/asl-alphabet/asl_alphabet_train/asl_alphabet_train/H/H2473.jpg,True,H,0.8754745721817017,True
H,/kaggle/input/datasets/grassknoted/asl-alphabet/asl_alphabet_train/asl_alphabet_train/H/H2487.jpg,True,H,0.860982358455658,True
H,/kaggle/input/datasets/grassknoted/asl-alphabet/asl_alphabet_train/asl_alphabet_train/H/H2523.jpg,False,H,0.9133096933364868,True
H,/kaggle/input/datasets/grassknoted/asl-alphabet/asl_alphabet_train/asl_alphabet_train/H/H2537.jpg,False,H,0.9166152477264404,True
H,/kaggle/input/datasets/grassknoted/asl-alphabet/asl_alphabet_train/asl_alphabet_train/H/H2541.jpg,False,H,0.9236733913421631,True
H,/kaggle/input/datasets/grassknoted/asl-alphabet/asl_alphabet_train/asl_alphabet_train/H/H2551.jpg,False,H,0.9087796807289124,True
H,/kaggle/input/datasets/grassknoted/asl-alphabet/asl_alphabet_train/asl_alphabet_train/H/H2619.jpg,False,H,0.8932974338531494,True
H,/kaggle/input/datasets/grassknoted/asl-alphabet/asl_alphabet_train/asl_alphabet_train/H/H267.jpg,True,H,0.8937849402427673,True
H,/kaggle/input/datasets/grassknoted/asl-alphabet/asl_alphabet_train/asl_alphabet_train/H/H270.jpg,True,H,0.8865681886672974,True
H,/kaggle/input/datasets/grassknoted/asl-alphabet/asl_alphabet_train/asl_alphabet_train/H/H2707.jpg,False,H,0.9279019832611084,True
H,/kaggle/input/datasets/grassknoted/asl-alphabet/asl_alphabet_train/asl_alphabet_train/H/H2729.jpg,False,H,0.9166111350059509,True
H,/kaggle/input/datasets/grassknoted/asl-alphabet/asl_alphabet_train/asl_alphabet_train/H/H2772.jpg,False,H,0.9265061616897583,True
H,/kaggle/input/datasets/grassknoted/asl-alphabet/asl_alphabet_train/asl_alphabet_train/H/H2779.jpg,False,H,0.922421395778656,True
H,/kaggle/input/datasets/grassknoted/asl-alphabet/asl_alphabet_train/asl_alphabet_train/H/H2870.jpg,False,H,0.9081527590751648,True
H,/kaggle/input/datasets/grassknoted/asl-alphabet/asl_alphabet_train/asl_alphabet_train/H/H2937.jpg,False,H,0.8855260610580444,True
H,/kaggle/input/datasets/grassknoted/asl-alphabet/asl_alphabet_train/asl_alphabet_train/H/H2966.jpg,False,H,0.9055808186531067,True
H,/kaggle/input/datasets/grassknoted/asl-alphabet/asl_alphabet_train/asl_alphabet_train/H/H360.jpg,True,H,0.9075170755386353,True
H,/kaggle/input/datasets/grassknoted/asl-alphabet/asl_alphabet_train/asl_alphabet_train/H/H367.jpg,True,H,0.9025044441223145,True
H,/kaggle/input/datasets/grassknoted/asl-alphabet/asl_alphabet_train/asl_alphabet_train/H/H380.jpg,True,H,0.8910647034645081,True
H,/kaggle/input/datasets/grassknoted/asl-alphabet/asl_alphabet_train/asl_alphabet_train/H/H409.jpg,True,H,0.9074369668960571,True
H,/kaggle/input/datasets/grassknoted/asl-alphabet/asl_alphabet_train/asl_alphabet_train/H/H449.jpg,True,H,0.8896359801292419,True
H,/kaggle/input/datasets/grassknoted/asl-alphabet/asl_alphabet_train/asl_alphabet_train/H/H535.jpg,True,H,0.8975688219070435,True
H,/kaggle/input/datasets/grassknoted/asl-alphabet/asl_alphabet_train/asl_alphabet_train/H/H566.jpg,True,H,0.8946304321289062,True
H,/kaggle/input/datasets/grassknoted/asl-alphabet/asl_alphabet_train/asl_alphabet_train/H/H578.jpg,True,H,0.8951015472412109,True
H,/kaggle/input/datasets/grassknoted/asl-alphabet/asl_alphabet_train/asl_alphabet_train/H/H592.jpg,True,H,0.8918117880821228,True
H,/kaggle/input/datasets/grassknoted/asl-alphabet/asl_alphabet_train/asl_alphabet_train/H/H622.jpg,True,H,0.8906570672988892,True
H,/kaggle/input/datasets/grassknoted/asl-alphabet/asl_alphabet_train/asl_alphabet_train/H/H682.jpg,True,H,0.8913172483444214,True
H,/kaggle/input/datasets/grassknoted/asl-alphabet/asl_alphabet_train/asl_alphabet_train/H/H704.jpg,True,H,0.8953832983970642,True
H,/kaggle/input/datasets/grassknoted/asl-alphabet/asl_alphabet_train/asl_alphabet_train/H/H780.jpg,True,H,0.8791891932487488,True
H,/kaggle/input/datasets/grassknoted/asl-alphabet/asl_alphabet_train/asl_alphabet_train/H/H792.jpg,True,H,0.8848675489425659,True
H,/kaggle/input/datasets/grassknoted/asl-alphabet/asl_alphabet_train/asl_alphabet_train/H/H801.jpg,True,H,0.9021261930465698,True
H,/kaggle/input/datasets/grassknoted/asl-alphabet/asl_alphabet_train/asl_alphabet_train/H/H832.jpg,True,H,0.9078930020332336,True
H,/kaggle/input/datasets/grassknoted/asl-alphabet/asl_alphabet_train/asl_alphabet_train/H/H851.jpg,True,H,0.9122880101203918,True
H,/kaggle/input/datasets/grassknoted/asl-alphabet/asl_alphabet_train/asl_alphabet_train/H/H920.jpg,True,H,0.8961069583892822,True
H,/kaggle/input/datasets/grassknoted/asl-alphabet/asl_alphabet_train/asl_alphabet_train/H/H925.jpg,True,H,0.8853552937507629,True
H,/kaggle/input/datasets/grassknoted/asl-alphabet/asl_alphabet_train/asl_alphabet_train/H/H941.jpg,True,H,0.8934838175773621,True
H,/kaggle/input/datasets/grassknoted/asl-alphabet/asl_alphabet_train/asl_alphabet_train/H/H95.jpg,True,H,0.8904593586921692,True
H,/kaggle/input/datasets/grassknoted/asl-alphabet/asl_alphabet_train/asl_alphabet_train/H/H972.jpg,True,H,0.885748028755188,True
H,/kaggle/input/datasets/grassknoted/asl-alphabet/asl_alphabet_train/asl_alphabet_train/H/H977.jpg,True,H,0.8893406391143799,True
H,/kaggle/input/datasets/grassknoted/asl-alphabet/asl_alphabet_train/asl_alphabet_train/H/H982.jpg,True,H,0.895983874797821,True
H,/kaggle/input/datasets/grassknoted/asl-alphabet/asl_alphabet_train/asl_alphabet_train/H/H988.jpg,True,H,0.8923496007919312,True
H,/kaggle/input/datasets/grassknoted/asl-alphabet/asl_alphabet_train/asl_alphabet_train/H/H989.jpg,True,H,0.8954235315322876,True
I,/kaggle/input/datasets/grassknoted/asl-alphabet/asl_alphabet_train/asl_alphabet_train/I/I1008.jpg,True,I,0.8913727402687073,True
I,/kaggle/input/datasets/grassknoted/asl-alphabet/asl_alphabet_train/asl_alphabet_train/I/I1031.jpg,True,I,0.9051886796951294,True
I,/kaggle/input/datasets/grassknoted/asl-alphabet/asl_alphabet_train/asl_alphabet_train/I/I1041.jpg,True,I,0.9128488302230835,True
I,/kaggle/input/datasets/grassknoted/asl-alphabet/asl_alphabet_train/asl_alphabet_train/I/I1046.jpg,True,I,0.9009791612625122,True
I,/kaggle/input/datasets/grassknoted/asl-alphabet/asl_alphabet_train/asl_alphabet_train/I/I1048.jpg,True,I,0.9035760164260864,True
I,/kaggle/input/datasets/grassknoted/asl-alphabet/asl_alphabet_train/asl_alphabet_train/I/I1093.jpg,True,I,0.8136756420135498,True
I,/kaggle/input/datasets/grassknoted/asl-alphabet/asl_alphabet_train/asl_alphabet_train/I/I1132.jpg,True,I,0.9209995865821838,True
I,/kaggle/input/datasets/grassknoted/asl-alphabet/asl_alphabet_train/asl_alphabet_train/I/I1136.jpg,True,I,0.9221403002738953,True
I,/kaggle/input/datasets/grassknoted/asl-alphabet/asl_alphabet_train/asl_alphabet_train/I/I1157.jpg,True,I,0.9359734654426575,True
I,/kaggle/input/datasets/grassknoted/asl-alphabet/asl_alphabet_train/asl_alphabet_train/I/I1239.jpg,True,I,0.9271666407585144,True
I,/kaggle/input/datasets/grassknoted/asl-alphabet/asl_alphabet_train/asl_alphabet_train/I/I1252.jpg,True,I,0.910335123538971,True
I,/kaggle/input/datasets/grassknoted/asl-alphabet/asl_alphabet_train/asl_alphabet_train/I/I1318.jpg,True,I,0.9102866053581238,True
I,/kaggle/input/datasets/grassknoted/asl-alphabet/asl_alphabet_train/asl_alphabet_train/I/I1323.jpg,True,I,0.9162564277648926,True
I,/kaggle/input/datasets/grassknoted/asl-alphabet/asl_alphabet_train/asl_alphabet_train/I/I1329.jpg,True,I,0.9007378220558167,True
I,/kaggle/input/datasets/grassknoted/asl-alphabet/asl_alphabet_train/asl_alphabet_train/I/I1333.jpg,True,I,0.8816161155700684,True
I,/kaggle/input/datasets/grassknoted/asl-alphabet/asl_alphabet_train/asl_alphabet_train/I/I1349.jpg,True,I,0.9173608422279358,True
I,/kaggle/input/datasets/grassknoted/asl-alphabet/asl_alphabet_train/asl_alphabet_train/I/I1376.jpg,True,I,0.900050938129425,True
I,/kaggle/input/datasets/grassknoted/asl-alphabet/asl_alphabet_train/asl_alphabet_train/I/I1387.jpg,True,I,0.8397024273872375,True
I,/kaggle/input/datasets/grassknoted/asl-alphabet/asl_alphabet_train/asl_alphabet_train/I/I1400.jpg,True,I,0.92511385679245,True
I,/kaggle/input/datasets/grassknoted/asl-alphabet/asl_alphabet_train/asl_alphabet_train/I/I1414.jpg,True,I,0.919460117816925,True
I,/kaggle/input/datasets/grassknoted/asl-alphabet/asl_alphabet_train/asl_alphabet_train/I/I1430.jpg,True,I,0.9233943223953247,True
I,/kaggle/input/datasets/grassknoted/asl-alphabet/asl_alphabet_train/asl_alphabet_train/I/I1437.jpg,True,I,0.9121317863464355,True
I,/kaggle/input/datasets/grassknoted/asl-alphabet/asl_alphabet_train/asl_alphabet_train/I/I1453.jpg,True,I,0.9173393845558167,True
I,/kaggle/input/datasets/grassknoted/asl-alphabet/asl_alphabet_train/asl_alphabet_train/I/I1482.jpg,True,I,0.9125434756278992,True
I,/kaggle/input/datasets/grassknoted/asl-alphabet/asl_alphabet_train/asl_alphabet_train/I/I1494.jpg,True,I,0.9102888107299805,True
I,/kaggle/input/datasets/grassknoted/asl-alphabet/asl_alphabet_train/asl_alphabet_train/I/I1503.jpg,True,I,0.908473789691925,True
I,/kaggle/input/datasets/grassknoted/asl-alphabet/asl_alphabet_train/asl_alphabet_train/I/I1615.jpg,True,I,0.8881641030311584,True
I,/kaggle/input/datasets/grassknoted/asl-alphabet/asl_alphabet_train/asl_alphabet_train/I/I1619.jpg,True,I,0.9010747075080872,True
I,/kaggle/input/datasets/grassknoted/asl-alphabet/asl_alphabet_train/asl_alphabet_train/I/I1676.jpg,True,I,0.9203662276268005,True
I,/kaggle/input/datasets/grassknoted/asl-alphabet/asl_alphabet_train/asl_alphabet_train/I/I1698.jpg,True,I,0.925130307674408,True
I,/kaggle/input/datasets/grassknoted/asl-alphabet/asl_alphabet_train/asl_alphabet_train/I/I1716.jpg,True,I,0.9158247709274292,True
I,/kaggle/input/datasets/grassknoted/asl-alphabet/asl_alphabet_train/asl_alphabet_train/I/I1723.jpg,True,I,0.9077907204627991,True
I,/kaggle/input/datasets/grassknoted/asl-alphabet/asl_alphabet_train/asl_alphabet_train/I/I1782.jpg,True,I,0.9046262502670288,True
I,/kaggle/input/datasets/grassknoted/asl-alphabet/asl_alphabet_train/asl_alphabet_train/I/I1789.jpg,True,I,0.8991891145706177,True
I,/kaggle/input/datasets/grassknoted/asl-alphabet/asl_alphabet_train/asl_alphabet_train/I/I183.jpg,True,I,0.8811621069908142,True
I,/kaggle/input/datasets/grassknoted/asl-alphabet/asl_alphabet_train/asl_alphabet_train/I/I1912.jpg,True,I,0.9007933139801025,True
I,/kaggle/input/datasets/grassknoted/asl-alphabet/asl_alphabet_train/asl_alphabet_train/I/I1964.jpg,True,I,0.902928352355957,True
I,/kaggle/input/datasets/grassknoted/asl-alphabet/asl_alphabet_train/asl_alphabet_train/I/I20.jpg,True,I,0.9259088039398193,True
I,/kaggle/input/datasets/grassknoted/asl-alphabet/asl_alphabet_train/asl_alphabet_train/I/I2024.jpg,False,I,0.9119521975517273,True
I,/kaggle/input/datasets/grassknoted/asl-alphabet/asl_alphabet_train/asl_alphabet_train/I/I2059.jpg,True,I,0.8885583281517029,True
I,/kaggle/input/datasets/grassknoted/asl-alphabet/asl_alphabet_train/asl_alphabet_train/I/I2098.jpg,True,I,0.8747979402542114,True
I,/kaggle/input/datasets/grassknoted/asl-alphabet/asl_alphabet_train/asl_alphabet_train/I/I2099.jpg,True,I,0.8887652158737183,True
I,/kaggle/input/datasets/grassknoted/asl-alphabet/asl_alphabet_train/asl_alphabet_train/I/I2124.jpg,True,I,0.8861449360847473,True
I,/kaggle/input/datasets/grassknoted/asl-alphabet/asl_alphabet_train/asl_alphabet_train/I/I2151.jpg,True,I,0.8740192651748657,True
I,/kaggle/input/datasets/grassknoted/asl-alphabet/asl_alphabet_train/asl_alphabet_train/I/I2186.jpg,False,I,0.8873992562294006,True
I,/kaggle/input/datasets/grassknoted/asl-alphabet/asl_alphabet_train/asl_alphabet_train/I/I2334.jpg,True,I,0.8617509603500366,True
I,/kaggle/input/datasets/grassknoted/asl-alphabet/asl_alphabet_train/asl_alphabet_train/I/I2382.jpg,True,I,0.8689071536064148,True
I,/kaggle/input/datasets/grassknoted/asl-alphabet/asl_alphabet_train/asl_alphabet_train/I/I240.jpg,True,I,0.91072678565979,True
I,/kaggle/input/datasets/grassknoted/asl-alphabet/asl_alphabet_train/asl_alphabet_train/I/I2403.jpg,True,I,0.886189877986908,True
I,/kaggle/input/datasets/grassknoted/asl-alphabet/asl_alphabet_train/asl_alphabet_train/I/I2419.jpg,True,I,0.8538309931755066,True
I,/kaggle/input/datasets/grassknoted/asl-alphabet/asl_alphabet_train/asl_alphabet_train/I/I2425.jpg,True,I,0.8432418704032898,True
I,/kaggle/input/datasets/grassknoted/asl-alphabet/asl_alphabet_train/asl_alphabet_train/I/I246.jpg,True,I,0.8967610001564026,True
I,/kaggle/input/datasets/grassknoted/asl-alphabet/asl_alphabet_train/asl_alphabet_train/I/I248.jpg,True,I,0.8861798644065857,True
I,/kaggle/input/datasets/grassknoted/asl-alphabet/asl_alphabet_train/asl_alphabet_train/I/I2513.jpg,False,I,0.8882984519004822,True
I,/kaggle/input/datasets/grassknoted/asl-alphabet/asl_alphabet_train/asl_alphabet_train/I/I2519.jpg,False,I,0.8894525766372681,True
I,/kaggle/input/datasets/grassknoted/asl-alphabet/asl_alphabet_train/asl_alphabet_train/I/I2524.jpg,False,I,0.8936499357223511,True
I,/kaggle/input/datasets/grassknoted/asl-alphabet/asl_alphabet_train/asl_alphabet_train/I/I2543.jpg,False,I,0.8996482491493225,True
I,/kaggle/input/datasets/grassknoted/asl-alphabet/asl_alphabet_train/asl_alphabet_train/I/I2557.jpg,False,I,0.8761497139930725,True
I,/kaggle/input/datasets/grassknoted/asl-alphabet/asl_alphabet_train/asl_alphabet_train/I/I2579.jpg,False,I,0.8689106702804565,True
I,/kaggle/input/datasets/grassknoted/asl-alphabet/asl_alphabet_train/asl_alphabet_train/I/I2587.jpg,False,I,0.9021365642547607,True
I,/kaggle/input/datasets/grassknoted/asl-alphabet/asl_alphabet_train/asl_alphabet_train/I/I2630.jpg,False,I,0.8733689188957214,True
I,/kaggle/input/datasets/grassknoted/asl-alphabet/asl_alphabet_train/asl_alphabet_train/I/I2647.jpg,False,I,0.8738250136375427,True
I,/kaggle/input/datasets/grassknoted/asl-alphabet/asl_alphabet_train/asl_alphabet_train/I/I2654.jpg,False,I,0.8701937794685364,True
I,/kaggle/input/datasets/grassknoted/asl-alphabet/asl_alphabet_train/asl_alphabet_train/I/I2721.jpg,False,I,0.8724886775016785,True
I,/kaggle/input/datasets/grassknoted/asl-alphabet/asl_alphabet_train/asl_alphabet_train/I/I2760.jpg,False,I,0.8643882870674133,True
I,/kaggle/input/datasets/grassknoted/asl-alphabet/asl_alphabet_train/asl_alphabet_train/I/I2764.jpg,False,I,0.8767109513282776,True
I,/kaggle/input/datasets/grassknoted/asl-alphabet/asl_alphabet_train/asl_alphabet_train/I/I2813.jpg,True,I,0.9139289259910583,True
I,/kaggle/input/datasets/grassknoted/asl-alphabet/asl_alphabet_train/asl_alphabet_train/I/I2821.jpg,True,I,0.920961856842041,True
I,/kaggle/input/datasets/grassknoted/asl-alphabet/asl_alphabet_train/asl_alphabet_train/I/I2833.jpg,True,I,0.9152200818061829,True
I,/kaggle/input/datasets/grassknoted/asl-alphabet/asl_alphabet_train/asl_alphabet_train/I/I2852.jpg,False,I,0.9031673073768616,True
I,/kaggle/input/datasets/grassknoted/asl-alphabet/asl_alphabet_train/asl_alphabet_train/I/I2896.jpg,False,I,0.8795711994171143,True
I,/kaggle/input/datasets/grassknoted/asl-alphabet/asl_alphabet_train/asl_alphabet_train/I/I2914.jpg,False,I,0.8609378337860107,True
I,/kaggle/input/datasets/grassknoted/asl-alphabet/asl_alphabet_train/asl_alphabet_train/I/I2925.jpg,False,I,0.8819767832756042,True
I,/kaggle/input/datasets/grassknoted/asl-alphabet/asl_alphabet_train/asl_alphabet_train/I/I2933.jpg,False,I,0.8768248558044434,True
I,/kaggle/input/datasets/grassknoted/asl-alphabet/asl_alphabet_train/asl_alphabet_train/I/I2944.jpg,False,I,0.8625918030738831,True
I,/kaggle/input/datasets/grassknoted/asl-alphabet/asl_alphabet_train/asl_alphabet_train/I/I310.jpg,True,I,0.8934040069580078,True
I,/kaggle/input/datasets/grassknoted/asl-alphabet/asl_alphabet_train/asl_alphabet_train/I/I333.jpg,True,I,0.913443386554718,True
I,/kaggle/input/datasets/grassknoted/asl-alphabet/asl_alphabet_train/asl_alphabet_train/I/I338.jpg,True,I,0.9123700857162476,True
I,/kaggle/input/datasets/grassknoted/asl-alphabet/asl_alphabet_train/asl_alphabet_train/I/I344.jpg,True,I,0.9128842353820801,True
I,/kaggle/input/datasets/grassknoted/asl-alphabet/asl_alphabet_train/asl_alphabet_train/I/I382.jpg,True,I,0.9244690537452698,True
I,/kaggle/input/datasets/grassknoted/asl-alphabet/asl_alphabet_train/asl_alphabet_train/I/I39.jpg,True,I,0.9203464388847351,True
I,/kaggle/input/datasets/grassknoted/asl-alphabet/asl_alphabet_train/asl_alphabet_train/I/I441.jpg,True,I,0.8769056797027588,True
I,/kaggle/input/datasets/grassknoted/asl-alphabet/asl_alphabet_train/asl_alphabet_train/I/I462.jpg,True,I,0.8952409029006958,True
I,/kaggle/input/datasets/grassknoted/asl-alphabet/asl_alphabet_train/asl_alphabet_train/I/I51.jpg,True,I,0.9183282256126404,True
I,/kaggle/input/datasets/grassknoted/asl-alphabet/asl_alphabet_train/asl_alphabet_train/I/I524.jpg,True,I,0.9155001640319824,True
I,/kaggle/input/datasets/grassknoted/asl-alphabet/asl_alphabet_train/asl_alphabet_train/I/I539.jpg,True,I,0.9150229096412659,True
I,/kaggle/input/datasets/grassknoted/asl-alphabet/asl_alphabet_train/asl_alphabet_train/I/I56.jpg,True,I,0.9182294011116028,True
I,/kaggle/input/datasets/grassknoted/asl-alphabet/asl_alphabet_train/asl_alphabet_train/I/I63.jpg,True,I,0.9099039435386658,True
I,/kaggle/input/datasets/grassknoted/asl-alphabet/asl_alphabet_train/asl_alphabet_train/I/I630.jpg,True,I,0.90496826171875,True
I,/kaggle/input/datasets/grassknoted/asl-alphabet/asl_alphabet_train/asl_alphabet_train/I/I632.jpg,True,I,0.8912204504013062,True
I,/kaggle/input/datasets/grassknoted/asl-alphabet/asl_alphabet_train/asl_alphabet_train/I/I673.jpg,True,I,0.9192273020744324,True
I,/kaggle/input/datasets/grassknoted/asl-alphabet/asl_alphabet_train/asl_alphabet_train/I/I70.jpg,True,I,0.9072501063346863,True
I,/kaggle/input/datasets/grassknoted/asl-alphabet/asl_alphabet_train/asl_alphabet_train/I/I736.jpg,True,I,0.915719211101532,True
I,/kaggle/input/datasets/grassknoted/asl-alphabet/asl_alphabet_train/asl_alphabet_train/I/I783.jpg,True,I,0.9096595048904419,True
I,/kaggle/input/datasets/grassknoted/asl-alphabet/asl_alphabet_train/asl_alphabet_train/I/I832.jpg,True,I,0.9089869856834412,True
I,/kaggle/input/datasets/grassknoted/asl-alphabet/asl_alphabet_train/asl_alphabet_train/I/I834.jpg,True,I,0.9092854857444763,True
I,/kaggle/input/datasets/grassknoted/asl-alphabet/asl_alphabet_train/asl_alphabet_train/I/I899.jpg,True,I,0.925789475440979,True
I,/kaggle/input/datasets/grassknoted/asl-alphabet/asl_alphabet_train/asl_alphabet_train/I/I911.jpg,True,I,0.9154558777809143,True
I,/kaggle/input/datasets/grassknoted/asl-alphabet/asl_alphabet_train/asl_alphabet_train/I/I920.jpg,True,I,0.9129292368888855,True
I,/kaggle/input/datasets/grassknoted/asl-alphabet/asl_alphabet_train/asl_alphabet_train/I/I94.jpg,True,I,0.9030701518058777,True
J,/kaggle/input/datasets/grassknoted/asl-alphabet/asl_alphabet_train/asl_alphabet_train/J/J1020.jpg,True,J,0.9315147399902344,True
J,/kaggle/input/datasets/grassknoted/asl-alphabet/asl_alphabet_train/asl_alphabet_train/J/J1079.jpg,True,J,0.9059809446334839,True
J,/kaggle/input/datasets/grassknoted/asl-alphabet/asl_alphabet_train/asl_alphabet_train/J/J1113.jpg,True,J,0.9163583517074585,True
J,/kaggle/input/datasets/grassknoted/asl-alphabet/asl_alphabet_train/asl_alphabet_train/J/J1116.jpg,False,J,0.9097405076026917,True
J,/kaggle/input/datasets/grassknoted/asl-alphabet/asl_alphabet_train/asl_alphabet_train/J/J1148.jpg,True,J,0.8985005617141724,True
J,/kaggle/input/datasets/grassknoted/asl-alphabet/asl_alphabet_train/asl_alphabet_train/J/J1164.jpg,False,J,0.9202559590339661,True
J,/kaggle/input/datasets/grassknoted/asl-alphabet/asl_alphabet_train/asl_alphabet_train/J/J1189.jpg,True,J,0.9145767092704773,True
J,/kaggle/input/datasets/grassknoted/asl-alphabet/asl_alphabet_train/asl_alphabet_train/J/J1216.jpg,True,J,0.9262019395828247,True
J,/kaggle/input/datasets/grassknoted/asl-alphabet/asl_alphabet_train/asl_alphabet_train/J/J1234.jpg,True,J,0.9354527592658997,True
J,/kaggle/input/datasets/grassknoted/asl-alphabet/asl_alphabet_train/asl_alphabet_train/J/J1256.jpg,True,J,0.9236153364181519,True
J,/kaggle/input/datasets/grassknoted/asl-alphabet/asl_alphabet_train/asl_alphabet_train/J/J1269.jpg,True,J,0.9249715805053711,True
J,/kaggle/input/datasets/grassknoted/asl-alphabet/asl_alphabet_train/asl_alphabet_train/J/J1276.jpg,True,J,0.9158777594566345,True
J,/kaggle/input/datasets/grassknoted/asl-alphabet/asl_alphabet_train/asl_alphabet_train/J/J1283.jpg,True,J,0.8989325761795044,True
J,/kaggle/input/datasets/grassknoted/asl-alphabet/asl_alphabet_train/asl_alphabet_train/J/J129.jpg,True,J,0.9159564971923828,True
J,/kaggle/input/datasets/grassknoted/asl-alphabet/asl_alphabet_train/asl_alphabet_train/J/J1296.jpg,True,J,0.9103125929832458,True
J,/kaggle/input/datasets/grassknoted/asl-alphabet/asl_alphabet_train/asl_alphabet_train/J/J1322.jpg,True,J,0.9259819984436035,True
J,/kaggle/input/datasets/grassknoted/asl-alphabet/asl_alphabet_train/asl_alphabet_train/J/J1333.jpg,True,J,0.8890420794487,True
J,/kaggle/input/datasets/grassknoted/asl-alphabet/asl_alphabet_train/asl_alphabet_train/J/J1355.jpg,False,J,0.9067067503929138,True
J,/kaggle/input/datasets/grassknoted/asl-alphabet/asl_alphabet_train/asl_alphabet_train/J/J1363.jpg,True,J,0.8891414999961853,True
J,/kaggle/input/datasets/grassknoted/asl-alphabet/asl_alphabet_train/asl_alphabet_train/J/J1426.jpg,True,J,0.9409753680229187,True
J,/kaggle/input/datasets/grassknoted/asl-alphabet/asl_alphabet_train/asl_alphabet_train/J/J1439.jpg,True,J,0.909482479095459,True
J,/kaggle/input/datasets/grassknoted/asl-alphabet/asl_alphabet_train/asl_alphabet_train/J/J1478.jpg,True,J,0.9270896911621094,True
J,/kaggle/input/datasets/grassknoted/asl-alphabet/asl_alphabet_train/asl_alphabet_train/J/J1482.jpg,True,J,0.9267537593841553,True
J,/kaggle/input/datasets/grassknoted/asl-alphabet/asl_alphabet_train/asl_alphabet_train/J/J1485.jpg,True,J,0.9172806143760681,True
J,/kaggle/input/datasets/grassknoted/asl-alphabet/asl_alphabet_train/asl_alphabet_train/J/J1499.jpg,True,J,0.9079764485359192,True
J,/kaggle/input/datasets/grassknoted/asl-alphabet/asl_alphabet_train/asl_alphabet_train/J/J1527.jpg,True,J,0.9041885137557983,True
J,/kaggle/input/datasets/grassknoted/asl-alphabet/asl_alphabet_train/asl_alphabet_train/J/J1553.jpg,True,J,0.9111207127571106,True
J,/kaggle/input/datasets/grassknoted/asl-alphabet/asl_alphabet_train/asl_alphabet_train/J/J1589.jpg,True,J,0.9323222041130066,True
J,/kaggle/input/datasets/grassknoted/asl-alphabet/asl_alphabet_train/asl_alphabet_train/J/J1614.jpg,True,J,0.9334239363670349,True
J,/kaggle/input/datasets/grassknoted/asl-alphabet/asl_alphabet_train/asl_alphabet_train/J/J1624.jpg,True,J,0.9120727181434631,True
J,/kaggle/input/datasets/grassknoted/asl-alphabet/asl_alphabet_train/asl_alphabet_train/J/J1641.jpg,False,J,0.9109147787094116,True
J,/kaggle/input/datasets/grassknoted/asl-alphabet/asl_alphabet_train/asl_alphabet_train/J/J1663.jpg,True,J,0.9126717448234558,True
J,/kaggle/input/datasets/grassknoted/asl-alphabet/asl_alphabet_train/asl_alphabet_train/J/J1673.jpg,True,J,0.923140287399292,True
J,/kaggle/input/datasets/grassknoted/asl-alphabet/asl_alphabet_train/asl_alphabet_train/J/J1679.jpg,False,J,0.9053238034248352,True
J,/kaggle/input/datasets/grassknoted/asl-alphabet/asl_alphabet_train/asl_alphabet_train/J/J1710.jpg,True,J,0.9276294708251953,True
J,/kaggle/input/datasets/grassknoted/asl-alphabet/asl_alphabet_train/asl_alphabet_train/J/J1725.jpg,True,J,0.9324197769165039,True
J,/kaggle/input/datasets/grassknoted/asl-alphabet/asl_alphabet_train/asl_alphabet_train/J/J1776.jpg,True,J,0.9234849810600281,True
J,/kaggle/input/datasets/grassknoted/asl-alphabet/asl_alphabet_train/asl_alphabet_train/J/J1790.jpg,True,J,0.930961549282074,True
J,/kaggle/input/datasets/grassknoted/asl-alphabet/asl_alphabet_train/asl_alphabet_train/J/J1795.jpg,True,J,0.9319292306900024,True
J,/kaggle/input/datasets/grassknoted/asl-alphabet/asl_alphabet_train/asl_alphabet_train/J/J1806.jpg,True,J,0.9027931690216064,True
J,/kaggle/input/datasets/grassknoted/asl-alphabet/asl_alphabet_train/asl_alphabet_train/J/J1823.jpg,True,J,0.9246995449066162,True
J,/kaggle/input/datasets/grassknoted/asl-alphabet/asl_alphabet_train/asl_alphabet_train/J/J1897.jpg,True,J,0.9223834276199341,True
J,/kaggle/input/datasets/grassknoted/asl-alphabet/asl_alphabet_train/asl_alphabet_train/J/J1938.jpg,True,J,0.9192805886268616,True
J,/kaggle/input/datasets/grassknoted/asl-alphabet/asl_alphabet_train/asl_alphabet_train/J/J1992.jpg,True,J,0.9193503856658936,True
J,/kaggle/input/datasets/grassknoted/asl-alphabet/asl_alphabet_train/asl_alphabet_train/J/J20.jpg,True,J,0.9052429795265198,True
J,/kaggle/input/datasets/grassknoted/asl-alphabet/asl_alphabet_train/asl_alphabet_train/J/J2033.jpg,True,J,0.9146333932876587,True
J,/kaggle/input/datasets/grassknoted/asl-alphabet/asl_alphabet_train/asl_alphabet_train/J/J2069.jpg,True,J,0.9072555303573608,True
J,/kaggle/input/datasets/grassknoted/asl-alphabet/asl_alphabet_train/asl_alphabet_train/J/J2082.jpg,True,J,0.9228389859199524,True
J,/kaggle/input/datasets/grassknoted/asl-alphabet/asl_alphabet_train/asl_alphabet_train/J/J2085.jpg,True,J,0.8939301371574402,True
J,/kaggle/input/datasets/grassknoted/asl-alphabet/asl_alphabet_train/asl_alphabet_train/J/J2095.jpg,True,J,0.9141691327095032,True
J,/kaggle/input/datasets/grassknoted/asl-alphabet/asl_alphabet_train/asl_alphabet_train/J/J2113.jpg,True,J,0.9092604517936707,True
J,/kaggle/input/datasets/grassknoted/asl-alphabet/asl_alphabet_train/asl_alphabet_train/J/J2127.jpg,True,J,0.9064826965332031,True
J,/kaggle/input/datasets/grassknoted/asl-alphabet/asl_alphabet_train/asl_alphabet_train/J/J2190.jpg,True,J,0.9006991982460022,True
J,/kaggle/input/datasets/grassknoted/asl-alphabet/asl_alphabet_train/asl_alphabet_train/J/J2209.jpg,True,J,0.9253407120704651,True
J,/kaggle/input/datasets/grassknoted/asl-alphabet/asl_alphabet_train/asl_alphabet_train/J/J2212.jpg,True,J,0.9208753108978271,True
J,/kaggle/input/datasets/grassknoted/asl-alphabet/asl_alphabet_train/asl_alphabet_train/J/J2225.jpg,True,J,0.9077363610267639,True
J,/kaggle/input/datasets/grassknoted/asl-alphabet/asl_alphabet_train/asl_alphabet_train/J/J2248.jpg,True,J,0.9018347263336182,True
J,/kaggle/input/datasets/grassknoted/asl-alphabet/asl_alphabet_train/asl_alphabet_train/J/J2251.jpg,True,J,0.9059576392173767,True
J,/kaggle/input/datasets/grassknoted/asl-alphabet/asl_alphabet_train/asl_alphabet_train/J/J2262.jpg,True,J,0.9147340655326843,True
J,/kaggle/input/datasets/grassknoted/asl-alphabet/asl_alphabet_train/asl_alphabet_train/J/J2301.jpg,True,J,0.9090096950531006,True
J,/kaggle/input/datasets/grassknoted/asl-alphabet/asl_alphabet_train/asl_alphabet_train/J/J2365.jpg,True,J,0.8998770713806152,True
J,/kaggle/input/datasets/grassknoted/asl-alphabet/asl_alphabet_train/asl_alphabet_train/J/J2386.jpg,True,J,0.873927116394043,True
J,/kaggle/input/datasets/grassknoted/asl-alphabet/asl_alphabet_train/asl_alphabet_train/J/J2399.jpg,True,J,0.8772203326225281,True
J,/kaggle/input/datasets/grassknoted/asl-alphabet/asl_alphabet_train/asl_alphabet_train/J/J2441.jpg,False,J,0.5185908675193787,True
J,/kaggle/input/datasets/grassknoted/asl-alphabet/asl_alphabet_train/asl_alphabet_train/J/J2466.jpg,True,J,0.9146355390548706,True
J,/kaggle/input/datasets/grassknoted/asl-alphabet/asl_alphabet_train/asl_alphabet_train/J/J2557.jpg,True,J,0.8797225952148438,True
J,/kaggle/input/datasets/grassknoted/asl-alphabet/asl_alphabet_train/asl_alphabet_train/J/J2559.jpg,True,J,0.8798163533210754,True
J,/kaggle/input/datasets/grassknoted/asl-alphabet/asl_alphabet_train/asl_alphabet_train/J/J2618.jpg,True,J,0.9086137413978577,True
J,/kaggle/input/datasets/grassknoted/asl-alphabet/asl_alphabet_train/asl_alphabet_train/J/J2621.jpg,True,J,0.9072959423065186,True
J,/kaggle/input/datasets/grassknoted/asl-alphabet/asl_alphabet_train/asl_alphabet_train/J/J2639.jpg,False,J,0.8929046392440796,True
J,/kaggle/input/datasets/grassknoted/asl-alphabet/asl_alphabet_train/asl_alphabet_train/J/J2663.jpg,True,J,0.8928990364074707,True
J,/kaggle/input/datasets/grassknoted/asl-alphabet/asl_alphabet_train/asl_alphabet_train/J/J2714.jpg,False,J,0.8977799415588379,True
J,/kaggle/input/datasets/grassknoted/asl-alphabet/asl_alphabet_train/asl_alphabet_train/J/J2753.jpg,False,J,0.8529531359672546,True
J,/kaggle/input/datasets/grassknoted/asl-alphabet/asl_alphabet_train/asl_alphabet_train/J/J277.jpg,True,J,0.9054706692695618,True
J,/kaggle/input/datasets/grassknoted/asl-alphabet/asl_alphabet_train/asl_alphabet_train/J/J2953.jpg,True,J,0.8774306178092957,True
J,/kaggle/input/datasets/grassknoted/asl-alphabet/asl_alphabet_train/asl_alphabet_train/J/J2963.jpg,True,J,0.869019091129303,True
J,/kaggle/input/datasets/grassknoted/asl-alphabet/asl_alphabet_train/asl_alphabet_train/J/J2974.jpg,True,J,0.8722973465919495,True
J,/kaggle/input/datasets/grassknoted/asl-alphabet/asl_alphabet_train/asl_alphabet_train/J/J2977.jpg,True,J,0.8787382245063782,True
J,/kaggle/input/datasets/grassknoted/asl-alphabet/asl_alphabet_train/asl_alphabet_train/J/J315.jpg,True,J,0.9056028127670288,True
J,/kaggle/input/datasets/grassknoted/asl-alphabet/asl_alphabet_train/asl_alphabet_train/J/J334.jpg,True,J,0.9019339680671692,True
J,/kaggle/input/datasets/grassknoted/asl-alphabet/asl_alphabet_train/asl_alphabet_train/J/J339.jpg,True,J,0.917945384979248,True
J,/kaggle/input/datasets/grassknoted/asl-alphabet/asl_alphabet_train/asl_alphabet_train/J/J369.jpg,True,J,0.9082618951797485,True
J,/kaggle/input/datasets/grassknoted/asl-alphabet/asl_alphabet_train/asl_alphabet_train/J/J468.jpg,True,J,0.9072149991989136,True
J,/kaggle/input/datasets/grassknoted/asl-alphabet/asl_alphabet_train/asl_alphabet_train/J/J533.jpg,True,J,0.9009643793106079,True
J,/kaggle/input/datasets/grassknoted/asl-alphabet/asl_alphabet_train/asl_alphabet_train/J/J546.jpg,True,J,0.9013399481773376,True
J,/kaggle/input/datasets/grassknoted/asl-alphabet/asl_alphabet_train/asl_alphabet_train/J/J566.jpg,True,J,0.9188807010650635,True
J,/kaggle/input/datasets/grassknoted/asl-alphabet/asl_alphabet_train/asl_alphabet_train/J/J571.jpg,True,J,0.916097104549408,True
J,/kaggle/input/datasets/grassknoted/asl-alphabet/asl_alphabet_train/asl_alphabet_train/J/J579.jpg,True,J,0.8981542587280273,True
J,/kaggle/input/datasets/grassknoted/asl-alphabet/asl_alphabet_train/asl_alphabet_train/J/J599.jpg,True,J,0.9072177410125732,True
J,/kaggle/input/datasets/grassknoted/asl-alphabet/asl_alphabet_train/asl_alphabet_train/J/J612.jpg,True,J,0.9194626212120056,True
J,/kaggle/input/datasets/grassknoted/asl-alphabet/asl_alphabet_train/asl_alphabet_train/J/J623.jpg,True,J,0.9116804599761963,True
J,/kaggle/input/datasets/grassknoted/asl-alphabet/asl_alphabet_train/asl_alphabet_train/J/J680.jpg,True,J,0.9119409322738647,True
J,/kaggle/input/datasets/grassknoted/asl-alphabet/asl_alphabet_train/asl_alphabet_train/J/J707.jpg,True,J,0.9021095037460327,True
J,/kaggle/input/datasets/grassknoted/asl-alphabet/asl_alphabet_train/asl_alphabet_train/J/J795.jpg,True,J,0.8952662348747253,True
J,/kaggle/input/datasets/grassknoted/asl-alphabet/asl_alphabet_train/asl_alphabet_train/J/J819.jpg,True,J,0.8986364603042603,True
J,/kaggle/input/datasets/grassknoted/asl-alphabet/asl_alphabet_train/asl_alphabet_train/J/J820.jpg,True,J,0.895185112953186,True
J,/kaggle/input/datasets/grassknoted/asl-alphabet/asl_alphabet_train/asl_alphabet_train/J/J826.jpg,True,J,0.902092456817627,True
J,/kaggle/input/datasets/grassknoted/asl-alphabet/asl_alphabet_train/asl_alphabet_train/J/J850.jpg,True,J,0.903516411781311,True
J,/kaggle/input/datasets/grassknoted/asl-alphabet/asl_alphabet_train/asl_alphabet_train/J/J898.jpg,True,J,0.8998334407806396,True
J,/kaggle/input/datasets/grassknoted/asl-alphabet/asl_alphabet_train/asl_alphabet_train/J/J900.jpg,True,J,0.8895440101623535,True
K,/kaggle/input/datasets/grassknoted/asl-alphabet/asl_alphabet_train/asl_alphabet_train/K/K1003.jpg,True,K,0.9269535541534424,True
K,/kaggle/input/datasets/grassknoted/asl-alphabet/asl_alphabet_train/asl_alphabet_train/K/K1051.jpg,True,K,0.9209657311439514,True
K,/kaggle/input/datasets/grassknoted/asl-alphabet/asl_alphabet_train/asl_alphabet_train/K/K1104.jpg,True,K,0.8883827924728394,True
K,/kaggle/input/datasets/grassknoted/asl-alphabet/asl_alphabet_train/asl_alphabet_train/K/K1160.jpg,True,K,0.918164074420929,True
K,/kaggle/input/datasets/grassknoted/asl-alphabet/asl_alphabet_train/asl_alphabet_train/K/K1190.jpg,True,K,0.91655033826828,True
K,/kaggle/input/datasets/grassknoted/asl-alphabet/asl_alphabet_train/asl_alphabet_train/K/K1238.jpg,True,K,0.9107564687728882,True
K,/kaggle/input/datasets/grassknoted/asl-alphabet/asl_alphabet_train/asl_alphabet_train/K/K1245.jpg,True,K,0.9152218699455261,True
K,/kaggle/input/datasets/grassknoted/asl-alphabet/asl_alphabet_train/asl_alphabet_train/K/K1337.jpg,True,K,0.9266096949577332,True
K,/kaggle/input/datasets/grassknoted/asl-alphabet/asl_alphabet_train/asl_alphabet_train/K/K1352.jpg,True,K,0.915766179561615,True
K,/kaggle/input/datasets/grassknoted/asl-alphabet/asl_alphabet_train/asl_alphabet_train/K/K1399.jpg,True,K,0.9212232232093811,True
K,/kaggle/input/datasets/grassknoted/asl-alphabet/asl_alphabet_train/asl_alphabet_train/K/K1400.jpg,True,K,0.9294023513793945,True
K,/kaggle/input/datasets/grassknoted/asl-alphabet/asl_alphabet_train/asl_alphabet_train/K/K1458.jpg,True,K,0.9267163872718811,True
K,/kaggle/input/datasets/grassknoted/asl-alphabet/asl_alphabet_train/asl_alphabet_train/K/K1468.jpg,True,K,0.9276377558708191,True
K,/kaggle/input/datasets/grassknoted/asl-alphabet/asl_alphabet_train/asl_alphabet_train/K/K1506.jpg,True,K,0.926968514919281,True
K,/kaggle/input/datasets/grassknoted/asl-alphabet/asl_alphabet_train/asl_alphabet_train/K/K1694.jpg,True,K,0.9054495692253113,True
K,/kaggle/input/datasets/grassknoted/asl-alphabet/asl_alphabet_train/asl_alphabet_train/K/K1733.jpg,True,K,0.9244113564491272,True
K,/kaggle/input/datasets/grassknoted/asl-alphabet/asl_alphabet_train/asl_alphabet_train/K/K1734.jpg,True,K,0.9249007105827332,True
K,/kaggle/input/datasets/grassknoted/asl-alphabet/asl_alphabet_train/asl_alphabet_train/K/K1737.jpg,True,K,0.921632707118988,True
K,/kaggle/input/datasets/grassknoted/asl-alphabet/asl_alphabet_train/asl_alphabet_train/K/K1749.jpg,True,K,0.920367956161499,True
K,/kaggle/input/datasets/grassknoted/asl-alphabet/asl_alphabet_train/asl_alphabet_train/K/K1768.jpg,True,K,0.9141618609428406,True
K,/kaggle/input/datasets/grassknoted/asl-alphabet/asl_alphabet_train/asl_alphabet_train/K/K1798.jpg,True,K,0.9243955612182617,True
K,/kaggle/input/datasets/grassknoted/asl-alphabet/asl_alphabet_train/asl_alphabet_train/K/K1804.jpg,True,K,0.9193851351737976,True
K,/kaggle/input/datasets/grassknoted/asl-alphabet/asl_alphabet_train/asl_alphabet_train/K/K1821.jpg,True,K,0.9322485327720642,True
K,/kaggle/input/datasets/grassknoted/asl-alphabet/asl_alphabet_train/asl_alphabet_train/K/K1839.jpg,True,K,0.9279513955116272,True
K,/kaggle/input/datasets/grassknoted/asl-alphabet/asl_alphabet_train/asl_alphabet_train/K/K1874.jpg,True,K,0.922702968120575,True
K,/kaggle/input/datasets/grassknoted/asl-alphabet/asl_alphabet_train/asl_alphabet_train/K/K1885.jpg,True,K,0.924930989742279,True
K,/kaggle/input/datasets/grassknoted/asl-alphabet/asl_alphabet_train/asl_alphabet_train/K/K1905.jpg,True,K,0.9174342751502991,True
K,/kaggle/input/datasets/grassknoted/asl-alphabet/asl_alphabet_train/asl_alphabet_train/K/K1918.jpg,True,K,0.9209718108177185,True
K,/kaggle/input/datasets/grassknoted/asl-alphabet/asl_alphabet_train/asl_alphabet_train/K/K1962.jpg,True,K,0.919535219669342,True
K,/kaggle/input/datasets/grassknoted/asl-alphabet/asl_alphabet_train/asl_alphabet_train/K/K1977.jpg,True,K,0.9251882433891296,True
K,/kaggle/input/datasets/grassknoted/asl-alphabet/asl_alphabet_train/asl_alphabet_train/K/K2031.jpg,True,K,0.9201908707618713,True
K,/kaggle/input/datasets/grassknoted/asl-alphabet/asl_alphabet_train/asl_alphabet_train/K/K204.jpg,True,K,0.9300963878631592,True
K,/kaggle/input/datasets/grassknoted/asl-alphabet/asl_alphabet_train/asl_alphabet_train/K/K2051.jpg,True,K,0.9255128502845764,True
K,/kaggle/input/datasets/grassknoted/asl-alphabet/asl_alphabet_train/asl_alphabet_train/K/K2076.jpg,True,K,0.9090397357940674,True
K,/kaggle/input/datasets/grassknoted/asl-alphabet/asl_alphabet_train/asl_alphabet_train/K/K208.jpg,True,K,0.9302722215652466,True
K,/kaggle/input/datasets/grassknoted/asl-alphabet/asl_alphabet_train/asl_alphabet_train/K/K2089.jpg,True,K,0.9064733982086182,True
K,/kaggle/input/datasets/grassknoted/asl-alphabet/asl_alphabet_train/asl_alphabet_train/K/K2095.jpg,True,K,0.8824905157089233,True
K,/kaggle/input/datasets/grassknoted/asl-alphabet/asl_alphabet_train/asl_alphabet_train/K/K2122.jpg,True,K,0.9204294681549072,True
K,/kaggle/input/datasets/grassknoted/asl-alphabet/asl_alphabet_train/asl_alphabet_train/K/K2138.jpg,True,K,0.9058803915977478,True
K,/kaggle/input/datasets/grassknoted/asl-alphabet/asl_alphabet_train/asl_alphabet_train/K/K2142.jpg,True,K,0.9189653396606445,True
K,/kaggle/input/datasets/grassknoted/asl-alphabet/asl_alphabet_train/asl_alphabet_train/K/K2181.jpg,True,K,0.9168354272842407,True
K,/kaggle/input/datasets/grassknoted/asl-alphabet/asl_alphabet_train/asl_alphabet_train/K/K2192.jpg,True,K,0.9130269885063171,True
K,/kaggle/input/datasets/grassknoted/asl-alphabet/asl_alphabet_train/asl_alphabet_train/K/K220.jpg,True,K,0.9303673505783081,True
K,/kaggle/input/datasets/grassknoted/asl-alphabet/asl_alphabet_train/asl_alphabet_train/K/K2203.jpg,True,K,0.9022579789161682,True
K,/kaggle/input/datasets/grassknoted/asl-alphabet/asl_alphabet_train/asl_alphabet_train/K/K2214.jpg,True,K,0.9117151498794556,True
K,/kaggle/input/datasets/grassknoted/asl-alphabet/asl_alphabet_train/asl_alphabet_train/K/K2247.jpg,True,K,0.9169779419898987,True
K,/kaggle/input/datasets/grassknoted/asl-alphabet/asl_alphabet_train/asl_alphabet_train/K/K2248.jpg,True,K,0.9089326858520508,True
K,/kaggle/input/datasets/grassknoted/asl-alphabet/asl_alphabet_train/asl_alphabet_train/K/K2303.jpg,True,K,0.9100184440612793,True
K,/kaggle/input/datasets/grassknoted/asl-alphabet/asl_alphabet_train/asl_alphabet_train/K/K2361.jpg,True,K,0.8804948925971985,True
K,/kaggle/input/datasets/grassknoted/asl-alphabet/asl_alphabet_train/asl_alphabet_train/K/K2385.jpg,True,K,0.9025709629058838,True
K,/kaggle/input/datasets/grassknoted/asl-alphabet/asl_alphabet_train/asl_alphabet_train/K/K2389.jpg,True,K,0.8936245441436768,True
K,/kaggle/input/datasets/grassknoted/asl-alphabet/asl_alphabet_train/asl_alphabet_train/K/K2412.jpg,True,V,0.6638349294662476,False
K,/kaggle/input/datasets/grassknoted/asl-alphabet/asl_alphabet_train/asl_alphabet_train/K/K2444.jpg,True,K,0.9096493721008301,True
K,/kaggle/input/datasets/grassknoted/asl-alphabet/asl_alphabet_train/asl_alphabet_train/K/K247.jpg,True,K,0.9234223961830139,True
K,/kaggle/input/datasets/grassknoted/asl-alphabet/asl_alphabet_train/asl_alphabet_train/K/K2500.jpg,True,K,0.6755689382553101,True
K,/kaggle/input/datasets/grassknoted/asl-alphabet/asl_alphabet_train/asl_alphabet_train/K/K2547.jpg,False,K,0.881932258605957,True
K,/kaggle/input/datasets/grassknoted/asl-alphabet/asl_alphabet_train/asl_alphabet_train/K/K2577.jpg,False,K,0.8741298317909241,True
K,/kaggle/input/datasets/grassknoted/asl-alphabet/asl_alphabet_train/asl_alphabet_train/K/K2582.jpg,False,K,0.8778406381607056,True
K,/kaggle/input/datasets/grassknoted/asl-alphabet/asl_alphabet_train/asl_alphabet_train/K/K2621.jpg,False,K,0.87436443567276,True
K,/kaggle/input/datasets/grassknoted/asl-alphabet/asl_alphabet_train/asl_alphabet_train/K/K2660.jpg,False,K,0.890097975730896,True
K,/kaggle/input/datasets/grassknoted/asl-alphabet/asl_alphabet_train/asl_alphabet_train/K/K2669.jpg,False,K,0.8955577611923218,True
K,/kaggle/input/datasets/grassknoted/asl-alphabet/asl_alphabet_train/asl_alphabet_train/K/K2703.jpg,True,K,0.8963168859481812,True
K,/kaggle/input/datasets/grassknoted/asl-alphabet/asl_alphabet_train/asl_alphabet_train/K/K2735.jpg,True,K,0.879127025604248,True
K,/kaggle/input/datasets/grassknoted/asl-alphabet/asl_alphabet_train/asl_alphabet_train/K/K2736.jpg,True,K,0.8844260573387146,True
K,/kaggle/input/datasets/grassknoted/asl-alphabet/asl_alphabet_train/asl_alphabet_train/K/K274.jpg,True,K,0.927010178565979,True
K,/kaggle/input/datasets/grassknoted/asl-alphabet/asl_alphabet_train/asl_alphabet_train/K/K2757.jpg,True,K,0.8588812351226807,True
K,/kaggle/input/datasets/grassknoted/asl-alphabet/asl_alphabet_train/asl_alphabet_train/K/K2766.jpg,True,K,0.8527684211730957,True
K,/kaggle/input/datasets/grassknoted/asl-alphabet/asl_alphabet_train/asl_alphabet_train/K/K2788.jpg,True,K,0.8843289017677307,True
K,/kaggle/input/datasets/grassknoted/asl-alphabet/asl_alphabet_train/asl_alphabet_train/K/K2796.jpg,True,K,0.8889967203140259,True
K,/kaggle/input/datasets/grassknoted/asl-alphabet/asl_alphabet_train/asl_alphabet_train/K/K2798.jpg,True,K,0.8908990025520325,True
K,/kaggle/input/datasets/grassknoted/asl-alphabet/asl_alphabet_train/asl_alphabet_train/K/K2870.jpg,True,K,0.8335927724838257,True
K,/kaggle/input/datasets/grassknoted/asl-alphabet/asl_alphabet_train/asl_alphabet_train/K/K2896.jpg,True,K,0.5451489686965942,True
K,/kaggle/input/datasets/grassknoted/asl-alphabet/asl_alphabet_train/asl_alphabet_train/K/K2905.jpg,True,V,0.8048190474510193,False
K,/kaggle/input/datasets/grassknoted/asl-alphabet/asl_alphabet_train/asl_alphabet_train/K/K2912.jpg,True,V,0.8260501027107239,False
K,/kaggle/input/datasets/grassknoted/asl-alphabet/asl_alphabet_train/asl_alphabet_train/K/K2925.jpg,True,K,0.5683847069740295,True
K,/kaggle/input/datasets/grassknoted/asl-alphabet/asl_alphabet_train/asl_alphabet_train/K/K2941.jpg,True,K,0.8520342111587524,True
K,/kaggle/input/datasets/grassknoted/asl-alphabet/asl_alphabet_train/asl_alphabet_train/K/K2960.jpg,True,K,0.8669143915176392,True
K,/kaggle/input/datasets/grassknoted/asl-alphabet/asl_alphabet_train/asl_alphabet_train/K/K2970.jpg,False,K,0.8830508589744568,True
K,/kaggle/input/datasets/grassknoted/asl-alphabet/asl_alphabet_train/asl_alphabet_train/K/K2971.jpg,False,K,0.8797631859779358,True
K,/kaggle/input/datasets/grassknoted/asl-alphabet/asl_alphabet_train/asl_alphabet_train/K/K2976.jpg,False,K,0.8578284382820129,True
K,/kaggle/input/datasets/grassknoted/asl-alphabet/asl_alphabet_train/asl_alphabet_train/K/K2983.jpg,True,K,0.9044066071510315,True
K,/kaggle/input/datasets/grassknoted/asl-alphabet/asl_alphabet_train/asl_alphabet_train/K/K2992.jpg,True,K,0.9050270318984985,True
K,/kaggle/input/datasets/grassknoted/asl-alphabet/asl_alphabet_train/asl_alphabet_train/K/K3.jpg,True,K,0.908745527267456,True
K,/kaggle/input/datasets/grassknoted/asl-alphabet/asl_alphabet_train/asl_alphabet_train/K/K368.jpg,True,K,0.9286115765571594,True
K,/kaggle/input/datasets/grassknoted/asl-alphabet/asl_alphabet_train/asl_alphabet_train/K/K391.jpg,True,K,0.9232160449028015,True
K,/kaggle/input/datasets/grassknoted/asl-alphabet/asl_alphabet_train/asl_alphabet_train/K/K525.jpg,True,K,0.9139786958694458,True
K,/kaggle/input/datasets/grassknoted/asl-alphabet/asl_alphabet_train/asl_alphabet_train/K/K541.jpg,True,K,0.9214020371437073,True
K,/kaggle/input/datasets/grassknoted/asl-alphabet/asl_alphabet_train/asl_alphabet_train/K/K6.jpg,True,K,0.9145509600639343,True
K,/kaggle/input/datasets/grassknoted/asl-alphabet/asl_alphabet_train/asl_alphabet_train/K/K67.jpg,True,K,0.9247388243675232,True
K,/kaggle/input/datasets/grassknoted/asl-alphabet/asl_alphabet_train/asl_alphabet_train/K/K69.jpg,True,K,0.9256750345230103,True
K,/kaggle/input/datasets/grassknoted/asl-alphabet/asl_alphabet_train/asl_alphabet_train/K/K724.jpg,True,K,0.9025403261184692,True
K,/kaggle/input/datasets/grassknoted/asl-alphabet/asl_alphabet_train/asl_alphabet_train/K/K73.jpg,True,K,0.9283792972564697,True
K,/kaggle/input/datasets/grassknoted/asl-alphabet/asl_alphabet_train/asl_alphabet_train/K/K810.jpg,True,K,0.9218531250953674,True
K,/kaggle/input/datasets/grassknoted/asl-alphabet/asl_alphabet_train/asl_alphabet_train/K/K826.jpg,True,K,0.9303820133209229,True
K,/kaggle/input/datasets/grassknoted/asl-alphabet/asl_alphabet_train/asl_alphabet_train/K/K899.jpg,True,K,0.9239718317985535,True
K,/kaggle/input/datasets/grassknoted/asl-alphabet/asl_alphabet_train/asl_alphabet_train/K/K912.jpg,True,K,0.900489866733551,True
K,/kaggle/input/datasets/grassknoted/asl-alphabet/asl_alphabet_train/asl_alphabet_train/K/K920.jpg,True,K,0.9193297028541565,True
K,/kaggle/input/datasets/grassknoted/asl-alphabet/asl_alphabet_train/asl_alphabet_train/K/K937.jpg,True,K,0.9260934591293335,True
K,/kaggle/input/datasets/grassknoted/asl-alphabet/asl_alphabet_train/asl_alphabet_train/K/K974.jpg,True,K,0.9044650197029114,True
K,/kaggle/input/datasets/grassknoted/asl-alphabet/asl_alphabet_train/asl_alphabet_train/K/K99.jpg,True,K,0.9326949715614319,True
L,/kaggle/input/datasets/grassknoted/asl-alphabet/asl_alphabet_train/asl_alphabet_train/L/L1000.jpg,True,L,0.9039938449859619,True
L,/kaggle/input/datasets/grassknoted/asl-alphabet/asl_alphabet_train/asl_alphabet_train/L/L1017.jpg,True,L,0.9131025075912476,True
L,/kaggle/input/datasets/grassknoted/asl-alphabet/asl_alphabet_train/asl_alphabet_train/L/L1061.jpg,True,L,0.9119687676429749,True
L,/kaggle/input/datasets/grassknoted/asl-alphabet/asl_alphabet_train/asl_alphabet_train/L/L1068.jpg,True,L,0.913119912147522,True
L,/kaggle/input/datasets/grassknoted/asl-alphabet/asl_alphabet_train/asl_alphabet_train/L/L1083.jpg,True,L,0.9378039836883545,True
L,/kaggle/input/datasets/grassknoted/asl-alphabet/asl_alphabet_train/asl_alphabet_train/L/L1100.jpg,True,L,0.9262489676475525,True
L,/kaggle/input/datasets/grassknoted/asl-alphabet/asl_alphabet_train/asl_alphabet_train/L/L1136.jpg,True,L,0.9170020222663879,True
L,/kaggle/input/datasets/grassknoted/asl-alphabet/asl_alphabet_train/asl_alphabet_train/L/L1182.jpg,True,L,0.9068259596824646,True
L,/kaggle/input/datasets/grassknoted/asl-alphabet/asl_alphabet_train/asl_alphabet_train/L/L1253.jpg,False,L,0.9030917286872864,True
L,/kaggle/input/datasets/grassknoted/asl-alphabet/asl_alphabet_train/asl_alphabet_train/L/L1282.jpg,True,L,0.9092717170715332,True
L,/kaggle/input/datasets/grassknoted/asl-alphabet/asl_alphabet_train/asl_alphabet_train/L/L1296.jpg,True,L,0.9254200458526611,True
L,/kaggle/input/datasets/grassknoted/asl-alphabet/asl_alphabet_train/asl_alphabet_train/L/L1301.jpg,True,L,0.92476487159729,True
L,/kaggle/input/datasets/grassknoted/asl-alphabet/asl_alphabet_train/asl_alphabet_train/L/L1302.jpg,True,L,0.93511563539505,True
L,/kaggle/input/datasets/grassknoted/asl-alphabet/asl_alphabet_train/asl_alphabet_train/L/L1315.jpg,True,L,0.9262412786483765,True
L,/kaggle/input/datasets/grassknoted/asl-alphabet/asl_alphabet_train/asl_alphabet_train/L/L1350.jpg,True,L,0.9228758215904236,True
L,/kaggle/input/datasets/grassknoted/asl-alphabet/asl_alphabet_train/asl_alphabet_train/L/L1362.jpg,True,L,0.9206522107124329,True
L,/kaggle/input/datasets/grassknoted/asl-alphabet/asl_alphabet_train/asl_alphabet_train/L/L1364.jpg,True,L,0.9166741371154785,True
L,/kaggle/input/datasets/grassknoted/asl-alphabet/asl_alphabet_train/asl_alphabet_train/L/L1404.jpg,True,L,0.9053478240966797,True
L,/kaggle/input/datasets/grassknoted/asl-alphabet/asl_alphabet_train/asl_alphabet_train/L/L1412.jpg,True,L,0.9151394963264465,True
L,/kaggle/input/datasets/grassknoted/asl-alphabet/asl_alphabet_train/asl_alphabet_train/L/L1438.jpg,True,L,0.9238311648368835,True
L,/kaggle/input/datasets/grassknoted/asl-alphabet/asl_alphabet_train/asl_alphabet_train/L/L1468.jpg,True,L,0.9208005666732788,True
L,/kaggle/input/datasets/grassknoted/asl-alphabet/asl_alphabet_train/asl_alphabet_train/L/L1477.jpg,True,L,0.9021643400192261,True
L,/kaggle/input/datasets/grassknoted/asl-alphabet/asl_alphabet_train/asl_alphabet_train/L/L1506.jpg,True,L,0.9142882227897644,True
L,/kaggle/input/datasets/grassknoted/asl-alphabet/asl_alphabet_train/asl_alphabet_train/L/L1563.jpg,False,L,0.9140869379043579,True
L,/kaggle/input/datasets/grassknoted/asl-alphabet/asl_alphabet_train/asl_alphabet_train/L/L1570.jpg,False,L,0.9164671301841736,True
L,/kaggle/input/datasets/grassknoted/asl-alphabet/asl_alphabet_train/asl_alphabet_train/L/L1593.jpg,False,L,0.9212152361869812,True
L,/kaggle/input/datasets/grassknoted/asl-alphabet/asl_alphabet_train/asl_alphabet_train/L/L1614.jpg,True,L,0.9216844439506531,True
L,/kaggle/input/datasets/grassknoted/asl-alphabet/asl_alphabet_train/asl_alphabet_train/L/L1649.jpg,True,L,0.931774377822876,True
L,/kaggle/input/datasets/grassknoted/asl-alphabet/asl_alphabet_train/asl_alphabet_train/L/L1660.jpg,True,L,0.9183431267738342,True
L,/kaggle/input/datasets/grassknoted/asl-alphabet/asl_alphabet_train/asl_alphabet_train/L/L1717.jpg,True,L,0.9195659756660461,True
L,/kaggle/input/datasets/grassknoted/asl-alphabet/asl_alphabet_train/asl_alphabet_train/L/L1747.jpg,True,L,0.9177888035774231,True
L,/kaggle/input/datasets/grassknoted/asl-alphabet/asl_alphabet_train/asl_alphabet_train/L/L1754.jpg,True,L,0.9207424521446228,True
L,/kaggle/input/datasets/grassknoted/asl-alphabet/asl_alphabet_train/asl_alphabet_train/L/L176.jpg,True,L,0.8958724141120911,True
L,/kaggle/input/datasets/grassknoted/asl-alphabet/asl_alphabet_train/asl_alphabet_train/L/L1765.jpg,True,L,0.9154617190361023,True
L,/kaggle/input/datasets/grassknoted/asl-alphabet/asl_alphabet_train/asl_alphabet_train/L/L1787.jpg,True,L,0.9037848114967346,True
L,/kaggle/input/datasets/grassknoted/asl-alphabet/asl_alphabet_train/asl_alphabet_train/L/L1797.jpg,True,L,0.911523163318634,True
L,/kaggle/input/datasets/grassknoted/asl-alphabet/asl_alphabet_train/asl_alphabet_train/L/L1853.jpg,True,L,0.913598358631134,True
L,/kaggle/input/datasets/grassknoted/asl-alphabet/asl_alphabet_train/asl_alphabet_train/L/L1859.jpg,True,L,0.9298009276390076,True
L,/kaggle/input/datasets/grassknoted/asl-alphabet/asl_alphabet_train/asl_alphabet_train/L/L1871.jpg,True,L,0.9216417670249939,True
L,/kaggle/input/datasets/grassknoted/asl-alphabet/asl_alphabet_train/asl_alphabet_train/L/L1880.jpg,True,L,0.9081615209579468,True
L,/kaggle/input/datasets/grassknoted/asl-alphabet/asl_alphabet_train/asl_alphabet_train/L/L1946.jpg,True,L,0.9021336436271667,True
L,/kaggle/input/datasets/grassknoted/asl-alphabet/asl_alphabet_train/asl_alphabet_train/L/L1950.jpg,True,L,0.9013373851776123,True
L,/kaggle/input/datasets/grassknoted/asl-alphabet/asl_alphabet_train/asl_alphabet_train/L/L1958.jpg,True,L,0.8850131630897522,True
L,/kaggle/input/datasets/grassknoted/asl-alphabet/asl_alphabet_train/asl_alphabet_train/L/L1991.jpg,True,L,0.9158697724342346,True
L,/kaggle/input/datasets/grassknoted/asl-alphabet/asl_alphabet_train/asl_alphabet_train/L/L2025.jpg,True,L,0.9192011952400208,True
L,/kaggle/input/datasets/grassknoted/asl-alphabet/asl_alphabet_train/asl_alphabet_train/L/L2058.jpg,True,L,0.9179043769836426,True
L,/kaggle/input/datasets/grassknoted/asl-alphabet/asl_alphabet_train/asl_alphabet_train/L/L207.jpg,True,L,0.899114191532135,True
L,/kaggle/input/datasets/grassknoted/asl-alphabet/asl_alphabet_train/asl_alphabet_train/L/L2114.jpg,True,L,0.9259889721870422,True
L,/kaggle/input/datasets/grassknoted/asl-alphabet/asl_alphabet_train/asl_alphabet_train/L/L2126.jpg,True,L,0.9156540632247925,True
L,/kaggle/input/datasets/grassknoted/asl-alphabet/asl_alphabet_train/asl_alphabet_train/L/L214.jpg,True,L,0.9050838947296143,True
L,/kaggle/input/datasets/grassknoted/asl-alphabet/asl_alphabet_train/asl_alphabet_train/L/L2186.jpg,False,L,0.9211492538452148,True
L,/kaggle/input/datasets/grassknoted/asl-alphabet/asl_alphabet_train/asl_alphabet_train/L/L2191.jpg,False,L,0.9263425469398499,True
L,/kaggle/input/datasets/grassknoted/asl-alphabet/asl_alphabet_train/asl_alphabet_train/L/L2200.jpg,True,L,0.9309364557266235,True
L,/kaggle/input/datasets/grassknoted/asl-alphabet/asl_alphabet_train/asl_alphabet_train/L/L2237.jpg,False,L,0.9236742258071899,True
L,/kaggle/input/datasets/grassknoted/asl-alphabet/asl_alphabet_train/asl_alphabet_train/L/L2262.jpg,True,L,0.9228267669677734,True
L,/kaggle/input/datasets/grassknoted/asl-alphabet/asl_alphabet_train/asl_alphabet_train/L/L2334.jpg,True,L,0.9322632551193237,True
L,/kaggle/input/datasets/grassknoted/asl-alphabet/asl_alphabet_train/asl_alphabet_train/L/L2349.jpg,True,L,0.9293191432952881,True
L,/kaggle/input/datasets/grassknoted/asl-alphabet/asl_alphabet_train/asl_alphabet_train/L/L2381.jpg,True,L,0.9266834259033203,True
L,/kaggle/input/datasets/grassknoted/asl-alphabet/asl_alphabet_train/asl_alphabet_train/L/L2471.jpg,True,L,0.9034691452980042,True
L,/kaggle/input/datasets/grassknoted/asl-alphabet/asl_alphabet_train/asl_alphabet_train/L/L2494.jpg,True,L,0.916681170463562,True
L,/kaggle/input/datasets/grassknoted/asl-alphabet/asl_alphabet_train/asl_alphabet_train/L/L2528.jpg,False,L,0.8966172933578491,True
L,/kaggle/input/datasets/grassknoted/asl-alphabet/asl_alphabet_train/asl_alphabet_train/L/L2530.jpg,False,L,0.8849958777427673,True
L,/kaggle/input/datasets/grassknoted/asl-alphabet/asl_alphabet_train/asl_alphabet_train/L/L256.jpg,True,L,0.9183182716369629,True
L,/kaggle/input/datasets/grassknoted/asl-alphabet/asl_alphabet_train/asl_alphabet_train/L/L2590.jpg,False,L,0.8953337073326111,True
L,/kaggle/input/datasets/grassknoted/asl-alphabet/asl_alphabet_train/asl_alphabet_train/L/L2636.jpg,False,L,0.905724287033081,True
L,/kaggle/input/datasets/grassknoted/asl-alphabet/asl_alphabet_train/asl_alphabet_train/L/L2674.jpg,False,L,0.9144572615623474,True
L,/kaggle/input/datasets/grassknoted/asl-alphabet/asl_alphabet_train/asl_alphabet_train/L/L2718.jpg,False,L,0.890346109867096,True
L,/kaggle/input/datasets/grassknoted/asl-alphabet/asl_alphabet_train/asl_alphabet_train/L/L2742.jpg,False,L,0.8712079524993896,True
L,/kaggle/input/datasets/grassknoted/asl-alphabet/asl_alphabet_train/asl_alphabet_train/L/L2762.jpg,False,L,0.8760377168655396,True
L,/kaggle/input/datasets/grassknoted/asl-alphabet/asl_alphabet_train/asl_alphabet_train/L/L2808.jpg,False,L,0.8595390915870667,True
L,/kaggle/input/datasets/grassknoted/asl-alphabet/asl_alphabet_train/asl_alphabet_train/L/L2830.jpg,False,L,0.8688386082649231,True
L,/kaggle/input/datasets/grassknoted/asl-alphabet/asl_alphabet_train/asl_alphabet_train/L/L2835.jpg,False,L,0.9008511900901794,True
L,/kaggle/input/datasets/grassknoted/asl-alphabet/asl_alphabet_train/asl_alphabet_train/L/L284.jpg,True,L,0.878729522228241,True
L,/kaggle/input/datasets/grassknoted/asl-alphabet/asl_alphabet_train/asl_alphabet_train/L/L2890.jpg,True,L,0.8930549621582031,True
L,/kaggle/input/datasets/grassknoted/asl-alphabet/asl_alphabet_train/asl_alphabet_train/L/L2950.jpg,True,L,0.8978301286697388,True
L,/kaggle/input/datasets/grassknoted/asl-alphabet/asl_alphabet_train/asl_alphabet_train/L/L335.jpg,True,L,0.8863015174865723,True
L,/kaggle/input/datasets/grassknoted/asl-alphabet/asl_alphabet_train/asl_alphabet_train/L/L353.jpg,True,L,0.8983602523803711,True
L,/kaggle/input/datasets/grassknoted/asl-alphabet/asl_alphabet_train/asl_alphabet_train/L/L392.jpg,True,L,0.9143105149269104,True
L,/kaggle/input/datasets/grassknoted/asl-alphabet/asl_alphabet_train/asl_alphabet_train/L/L396.jpg,True,L,0.9178730845451355,True
L,/kaggle/input/datasets/grassknoted/asl-alphabet/asl_alphabet_train/asl_alphabet_train/L/L420.jpg,True,L,0.9212387800216675,True
L,/kaggle/input/datasets/grassknoted/asl-alphabet/asl_alphabet_train/asl_alphabet_train/L/L425.jpg,True,L,0.9275596141815186,True
L,/kaggle/input/datasets/grassknoted/asl-alphabet/asl_alphabet_train/asl_alphabet_train/L/L433.jpg,True,L,0.9157640933990479,True
L,/kaggle/input/datasets/grassknoted/asl-alphabet/asl_alphabet_train/asl_alphabet_train/L/L502.jpg,True,L,0.9094682931900024,True
L,/kaggle/input/datasets/grassknoted/asl-alphabet/asl_alphabet_train/asl_alphabet_train/L/L513.jpg,True,L,0.9021263122558594,True
L,/kaggle/input/datasets/grassknoted/asl-alphabet/asl_alphabet_train/asl_alphabet_train/L/L514.jpg,True,L,0.9059503078460693,True
L,/kaggle/input/datasets/grassknoted/asl-alphabet/asl_alphabet_train/asl_alphabet_train/L/L542.jpg,True,L,0.908631443977356,True
L,/kaggle/input/datasets/grassknoted/asl-alphabet/asl_alphabet_train/asl_alphabet_train/L/L551.jpg,True,L,0.9066394567489624,True
L,/kaggle/input/datasets/grassknoted/asl-alphabet/asl_alphabet_train/asl_alphabet_train/L/L619.jpg,True,L,0.9077719449996948,True
L,/kaggle/input/datasets/grassknoted/asl-alphabet/asl_alphabet_train/asl_alphabet_train/L/L649.jpg,True,L,0.8898007273674011,True
L,/kaggle/input/datasets/grassknoted/asl-alphabet/asl_alphabet_train/asl_alphabet_train/L/L743.jpg,True,L,0.9045926928520203,True
L,/kaggle/input/datasets/grassknoted/asl-alphabet/asl_alphabet_train/asl_alphabet_train/L/L766.jpg,True,L,0.9090869426727295,True
L,/kaggle/input/datasets/grassknoted/asl-alphabet/asl_alphabet_train/asl_alphabet_train/L/L785.jpg,True,L,0.9092639088630676,True
L,/kaggle/input/datasets/grassknoted/asl-alphabet/asl_alphabet_train/asl_alphabet_train/L/L795.jpg,True,L,0.9160544872283936,True
L,/kaggle/input/datasets/grassknoted/asl-alphabet/asl_alphabet_train/asl_alphabet_train/L/L827.jpg,True,L,0.9115138053894043,True
L,/kaggle/input/datasets/grassknoted/asl-alphabet/asl_alphabet_train/asl_alphabet_train/L/L895.jpg,True,L,0.9138458967208862,True
L,/kaggle/input/datasets/grassknoted/asl-alphabet/asl_alphabet_train/asl_alphabet_train/L/L919.jpg,True,L,0.9118075966835022,True
L,/kaggle/input/datasets/grassknoted/asl-alphabet/asl_alphabet_train/asl_alphabet_train/L/L930.jpg,True,L,0.9173638224601746,True
L,/kaggle/input/datasets/grassknoted/asl-alphabet/asl_alphabet_train/asl_alphabet_train/L/L951.jpg,True,L,0.9156755208969116,True
L,/kaggle/input/datasets/grassknoted/asl-alphabet/asl_alphabet_train/asl_alphabet_train/L/L973.jpg,True,L,0.893096387386322,True
L,/kaggle/input/datasets/grassknoted/asl-alphabet/asl_alphabet_train/asl_alphabet_train/L/L979.jpg,True,L,0.9097169041633606,True
M,/kaggle/input/datasets/grassknoted/asl-alphabet/asl_alphabet_train/asl_alphabet_train/M/M1000.jpg,False,M,0.8934729695320129,True
M,/kaggle/input/datasets/grassknoted/asl-alphabet/asl_alphabet_train/asl_alphabet_train/M/M1014.jpg,True,M,0.924402117729187,True
M,/kaggle/input/datasets/grassknoted/asl-alphabet/asl_alphabet_train/asl_alphabet_train/M/M1022.jpg,False,M,0.9180362820625305,True
M,/kaggle/input/datasets/grassknoted/asl-alphabet/asl_alphabet_train/asl_alphabet_train/M/M1068.jpg,False,M,0.9117769598960876,True
M,/kaggle/input/datasets/grassknoted/asl-alphabet/asl_alphabet_train/asl_alphabet_train/M/M1070.jpg,False,M,0.9221689701080322,True
M,/kaggle/input/datasets/grassknoted/asl-alphabet/asl_alphabet_train/asl_alphabet_train/M/M1128.jpg,True,M,0.9272550940513611,True
M,/kaggle/input/datasets/grassknoted/asl-alphabet/asl_alphabet_train/asl_alphabet_train/M/M1147.jpg,False,M,0.9220423102378845,True
M,/kaggle/input/datasets/grassknoted/asl-alphabet/asl_alphabet_train/asl_alphabet_train/M/M1157.jpg,False,M,0.9220806956291199,True
M,/kaggle/input/datasets/grassknoted/asl-alphabet/asl_alphabet_train/asl_alphabet_train/M/M1174.jpg,False,M,0.9364721179008484,True
M,/kaggle/input/datasets/grassknoted/asl-alphabet/asl_alphabet_train/asl_alphabet_train/M/M1207.jpg,True,M,0.9137461185455322,True
M,/kaggle/input/datasets/grassknoted/asl-alphabet/asl_alphabet_train/asl_alphabet_train/M/M1251.jpg,False,M,0.9171554446220398,True
M,/kaggle/input/datasets/grassknoted/asl-alphabet/asl_alphabet_train/asl_alphabet_train/M/M1264.jpg,True,M,0.9035631418228149,True
M,/kaggle/input/datasets/grassknoted/asl-alphabet/asl_alphabet_train/asl_alphabet_train/M/M1272.jpg,False,M,0.9025529026985168,True
M,/kaggle/input/datasets/grassknoted/asl-alphabet/asl_alphabet_train/asl_alphabet_train/M/M128.jpg,False,M,0.8896136283874512,True
M,/kaggle/input/datasets/grassknoted/asl-alphabet/asl_alphabet_train/asl_alphabet_train/M/M1349.jpg,True,M,0.8961288928985596,True
M,/kaggle/input/datasets/grassknoted/asl-alphabet/asl_alphabet_train/asl_alphabet_train/M/M1360.jpg,True,M,0.9247347116470337,True
M,/kaggle/input/datasets/grassknoted/asl-alphabet/asl_alphabet_train/asl_alphabet_train/M/M1415.jpg,True,M,0.9225508570671082,True
M,/kaggle/input/datasets/grassknoted/asl-alphabet/asl_alphabet_train/asl_alphabet_train/M/M1429.jpg,True,M,0.9173400402069092,True
M,/kaggle/input/datasets/grassknoted/asl-alphabet/asl_alphabet_train/asl_alphabet_train/M/M1457.jpg,False,M,0.9217238426208496,True
M,/kaggle/input/datasets/grassknoted/asl-alphabet/asl_alphabet_train/asl_alphabet_train/M/M1472.jpg,True,M,0.9164189696311951,True
M,/kaggle/input/datasets/grassknoted/asl-alphabet/asl_alphabet_train/asl_alphabet_train/M/M1484.jpg,False,M,0.8959893584251404,True
M,/kaggle/input/datasets/grassknoted/asl-alphabet/asl_alphabet_train/asl_alphabet_train/M/M1500.jpg,False,M,0.9036847949028015,True
M,/kaggle/input/datasets/grassknoted/asl-alphabet/asl_alphabet_train/asl_alphabet_train/M/M1522.jpg,True,M,0.9068787097930908,True
M,/kaggle/input/datasets/grassknoted/asl-alphabet/asl_alphabet_train/asl_alphabet_train/M/M1555.jpg,False,M,0.9440805315971375,True
M,/kaggle/input/datasets/grassknoted/asl-alphabet/asl_alphabet_train/asl_alphabet_train/M/M1563.jpg,False,M,0.9228697419166565,True
M,/kaggle/input/datasets/grassknoted/asl-alphabet/asl_alphabet_train/asl_alphabet_train/M/M1573.jpg,False,M,0.9006460309028625,True
M,/kaggle/input/datasets/grassknoted/asl-alphabet/asl_alphabet_train/asl_alphabet_train/M/M1574.jpg,False,M,0.9195786714553833,True
M,/kaggle/input/datasets/grassknoted/asl-alphabet/asl_alphabet_train/asl_alphabet_train/M/M1576.jpg,True,M,0.9134466648101807,True
M,/kaggle/input/datasets/grassknoted/asl-alphabet/asl_alphabet_train/asl_alphabet_train/M/M1658.jpg,False,M,0.9166244864463806,True
M,/kaggle/input/datasets/grassknoted/asl-alphabet/asl_alphabet_train/asl_alphabet_train/M/M1659.jpg,False,M,0.9242829084396362,True
M,/kaggle/input/datasets/grassknoted/asl-alphabet/asl_alphabet_train/asl_alphabet_train/M/M1681.jpg,False,M,0.9113315939903259,True
M,/kaggle/input/datasets/grassknoted/asl-alphabet/asl_alphabet_train/asl_alphabet_train/M/M1685.jpg,False,M,0.9261451363563538,True
M,/kaggle/input/datasets/grassknoted/asl-alphabet/asl_alphabet_train/asl_alphabet_train/M/M1715.jpg,True,M,0.9438874125480652,True
M,/kaggle/input/datasets/grassknoted/asl-alphabet/asl_alphabet_train/asl_alphabet_train/M/M1756.jpg,True,M,0.9118335843086243,True
M,/kaggle/input/datasets/grassknoted/asl-alphabet/asl_alphabet_train/asl_alphabet_train/M/M176.jpg,True,M,0.8993890285491943,True
M,/kaggle/input/datasets/grassknoted/asl-alphabet/asl_alphabet_train/asl_alphabet_train/M/M1806.jpg,True,M,0.9109450578689575,True
M,/kaggle/input/datasets/grassknoted/asl-alphabet/asl_alphabet_train/asl_alphabet_train/M/M1833.jpg,False,M,0.887125551700592,True
M,/kaggle/input/datasets/grassknoted/asl-alphabet/asl_alphabet_train/asl_alphabet_train/M/M1862.jpg,True,M,0.9125176668167114,True
M,/kaggle/input/datasets/grassknoted/asl-alphabet/asl_alphabet_train/asl_alphabet_train/M/M1908.jpg,True,M,0.9186906814575195,True
M,/kaggle/input/datasets/grassknoted/asl-alphabet/asl_alphabet_train/asl_alphabet_train/M/M192.jpg,True,M,0.8990897536277771,True
M,/kaggle/input/datasets/grassknoted/asl-alphabet/asl_alphabet_train/asl_alphabet_train/M/M1926.jpg,True,M,0.9130969643592834,True
M,/kaggle/input/datasets/grassknoted/asl-alphabet/asl_alphabet_train/asl_alphabet_train/M/M1961.jpg,False,M,0.9219345450401306,True
M,/kaggle/input/datasets/grassknoted/asl-alphabet/asl_alphabet_train/asl_alphabet_train/M/M1972.jpg,True,M,0.919198751449585,True
M,/kaggle/input/datasets/grassknoted/asl-alphabet/asl_alphabet_train/asl_alphabet_train/M/M1974.jpg,True,M,0.9077819585800171,True
M,/kaggle/input/datasets/grassknoted/asl-alphabet/asl_alphabet_train/asl_alphabet_train/M/M1979.jpg,True,M,0.9154064655303955,True
M,/kaggle/input/datasets/grassknoted/asl-alphabet/asl_alphabet_train/asl_alphabet_train/M/M2005.jpg,False,M,0.9052315354347229,True
M,/kaggle/input/datasets/grassknoted/asl-alphabet/asl_alphabet_train/asl_alphabet_train/M/M2017.jpg,False,M,0.8860559463500977,True
M,/kaggle/input/datasets/grassknoted/asl-alphabet/asl_alphabet_train/asl_alphabet_train/M/M2102.jpg,False,M,0.9099342226982117,True
M,/kaggle/input/datasets/grassknoted/asl-alphabet/asl_alphabet_train/asl_alphabet_train/M/M2112.jpg,False,M,0.9095973968505859,True
M,/kaggle/input/datasets/grassknoted/asl-alphabet/asl_alphabet_train/asl_alphabet_train/M/M2135.jpg,True,M,0.8967982530593872,True
M,/kaggle/input/datasets/grassknoted/asl-alphabet/asl_alphabet_train/asl_alphabet_train/M/M2186.jpg,True,M,0.8763115406036377,True
M,/kaggle/input/datasets/grassknoted/asl-alphabet/asl_alphabet_train/asl_alphabet_train/M/M2193.jpg,False,M,0.9031397700309753,True
M,/kaggle/input/datasets/grassknoted/asl-alphabet/asl_alphabet_train/asl_alphabet_train/M/M2218.jpg,False,M,0.8604809045791626,True
M,/kaggle/input/datasets/grassknoted/asl-alphabet/asl_alphabet_train/asl_alphabet_train/M/M2236.jpg,True,M,0.8792613744735718,True
M,/kaggle/input/datasets/grassknoted/asl-alphabet/asl_alphabet_train/asl_alphabet_train/M/M2241.jpg,False,M,0.8533419966697693,True
M,/kaggle/input/datasets/grassknoted/asl-alphabet/asl_alphabet_train/asl_alphabet_train/M/M2252.jpg,False,M,0.9025714993476868,True
M,/kaggle/input/datasets/grassknoted/asl-alphabet/asl_alphabet_train/asl_alphabet_train/M/M2268.jpg,False,M,0.9006611704826355,True
M,/kaggle/input/datasets/grassknoted/asl-alphabet/asl_alphabet_train/asl_alphabet_train/M/M2270.jpg,False,M,0.9030316472053528,True
M,/kaggle/input/datasets/grassknoted/asl-alphabet/asl_alphabet_train/asl_alphabet_train/M/M228.jpg,True,M,0.9174296855926514,True
M,/kaggle/input/datasets/grassknoted/asl-alphabet/asl_alphabet_train/asl_alphabet_train/M/M2381.jpg,True,M,0.9063553810119629,True
M,/kaggle/input/datasets/grassknoted/asl-alphabet/asl_alphabet_train/asl_alphabet_train/M/M2394.jpg,True,M,0.8870195746421814,True
M,/kaggle/input/datasets/grassknoted/asl-alphabet/asl_alphabet_train/asl_alphabet_train/M/M2400.jpg,True,M,0.8891931176185608,True
M,/kaggle/input/datasets/grassknoted/asl-alphabet/asl_alphabet_train/asl_alphabet_train/M/M2444.jpg,True,M,0.8641176819801331,True
M,/kaggle/input/datasets/grassknoted/asl-alphabet/asl_alphabet_train/asl_alphabet_train/M/M2482.jpg,True,M,0.7287035584449768,True
M,/kaggle/input/datasets/grassknoted/asl-alphabet/asl_alphabet_train/asl_alphabet_train/M/M2484.jpg,False,M,0.8194248676300049,True
M,/kaggle/input/datasets/grassknoted/asl-alphabet/asl_alphabet_train/asl_alphabet_train/M/M2495.jpg,True,M,0.92205810546875,True
M,/kaggle/input/datasets/grassknoted/asl-alphabet/asl_alphabet_train/asl_alphabet_train/M/M2568.jpg,False,N,0.45618435740470886,False
M,/kaggle/input/datasets/grassknoted/asl-alphabet/asl_alphabet_train/asl_alphabet_train/M/M2583.jpg,False,N,0.4855368137359619,False
M,/kaggle/input/datasets/grassknoted/asl-alphabet/asl_alphabet_train/asl_alphabet_train/M/M2590.jpg,False,N,0.4391287565231323,False
M,/kaggle/input/datasets/grassknoted/asl-alphabet/asl_alphabet_train/asl_alphabet_train/M/M2611.jpg,False,M,0.932597279548645,True
M,/kaggle/input/datasets/grassknoted/asl-alphabet/asl_alphabet_train/asl_alphabet_train/M/M2630.jpg,False,M,0.8312952518463135,True
M,/kaggle/input/datasets/grassknoted/asl-alphabet/asl_alphabet_train/asl_alphabet_train/M/M2696.jpg,False,M,0.816264808177948,True
M,/kaggle/input/datasets/grassknoted/asl-alphabet/asl_alphabet_train/asl_alphabet_train/M/M2715.jpg,False,M,0.9044309854507446,True
M,/kaggle/input/datasets/grassknoted/asl-alphabet/asl_alphabet_train/asl_alphabet_train/M/M2720.jpg,False,M,0.8118795156478882,True
M,/kaggle/input/datasets/grassknoted/asl-alphabet/asl_alphabet_train/asl_alphabet_train/M/M2754.jpg,False,M,0.7807140946388245,True
M,/kaggle/input/datasets/grassknoted/asl-alphabet/asl_alphabet_train/asl_alphabet_train/M/M2796.jpg,False,M,0.8756737112998962,True
M,/kaggle/input/datasets/grassknoted/asl-alphabet/asl_alphabet_train/asl_alphabet_train/M/M2820.jpg,False,M,0.91046142578125,True
M,/kaggle/input/datasets/grassknoted/asl-alphabet/asl_alphabet_train/asl_alphabet_train/M/M2866.jpg,False,M,0.8996100425720215,True
M,/kaggle/input/datasets/grassknoted/asl-alphabet/asl_alphabet_train/asl_alphabet_train/M/M2924.jpg,True,M,0.6682684421539307,True
M,/kaggle/input/datasets/grassknoted/asl-alphabet/asl_alphabet_train/asl_alphabet_train/M/M2956.jpg,True,M,0.8449898362159729,True
M,/kaggle/input/datasets/grassknoted/asl-alphabet/asl_alphabet_train/asl_alphabet_train/M/M2997.jpg,False,M,0.9252156019210815,True
M,/kaggle/input/datasets/grassknoted/asl-alphabet/asl_alphabet_train/asl_alphabet_train/M/M30.jpg,True,M,0.894742488861084,True
M,/kaggle/input/datasets/grassknoted/asl-alphabet/asl_alphabet_train/asl_alphabet_train/M/M358.jpg,True,M,0.8885334730148315,True
M,/kaggle/input/datasets/grassknoted/asl-alphabet/asl_alphabet_train/asl_alphabet_train/M/M372.jpg,True,M,0.8185719847679138,True
M,/kaggle/input/datasets/grassknoted/asl-alphabet/asl_alphabet_train/asl_alphabet_train/M/M474.jpg,True,M,0.8982572555541992,True
M,/kaggle/input/datasets/grassknoted/asl-alphabet/asl_alphabet_train/asl_alphabet_train/M/M482.jpg,True,M,0.9266740083694458,True
M,/kaggle/input/datasets/grassknoted/asl-alphabet/asl_alphabet_train/asl_alphabet_train/M/M514.jpg,True,M,0.8848795890808105,True
M,/kaggle/input/datasets/grassknoted/asl-alphabet/asl_alphabet_train/asl_alphabet_train/M/M538.jpg,True,M,0.8471010327339172,True
M,/kaggle/input/datasets/grassknoted/asl-alphabet/asl_alphabet_train/asl_alphabet_train/M/M540.jpg,True,M,0.8362375497817993,True
M,/kaggle/input/datasets/grassknoted/asl-alphabet/asl_alphabet_train/asl_alphabet_train/M/M544.jpg,True,M,0.8401583433151245,True
M,/kaggle/input/datasets/grassknoted/asl-alphabet/asl_alphabet_train/asl_alphabet_train/M/M579.jpg,True,M,0.8904815912246704,True
M,/kaggle/input/datasets/grassknoted/asl-alphabet/asl_alphabet_train/asl_alphabet_train/M/M616.jpg,True,M,0.8960326313972473,True
M,/kaggle/input/datasets/grassknoted/asl-alphabet/asl_alphabet_train/asl_alphabet_train/M/M673.jpg,True,M,0.8947993516921997,True
M,/kaggle/input/datasets/grassknoted/asl-alphabet/asl_alphabet_train/asl_alphabet_train/M/M68.jpg,False,M,0.8949048519134521,True
M,/kaggle/input/datasets/grassknoted/asl-alphabet/asl_alphabet_train/asl_alphabet_train/M/M694.jpg,False,M,0.9007189273834229,True
M,/kaggle/input/datasets/grassknoted/asl-alphabet/asl_alphabet_train/asl_alphabet_train/M/M75.jpg,False,M,0.8781253695487976,True
M,/kaggle/input/datasets/grassknoted/asl-alphabet/asl_alphabet_train/asl_alphabet_train/M/M777.jpg,False,M,0.8835570216178894,True
M,/kaggle/input/datasets/grassknoted/asl-alphabet/asl_alphabet_train/asl_alphabet_train/M/M794.jpg,False,M,0.8879714608192444,True
M,/kaggle/input/datasets/grassknoted/asl-alphabet/asl_alphabet_train/asl_alphabet_train/M/M8.jpg,False,M,0.8824157118797302,True
M,/kaggle/input/datasets/grassknoted/asl-alphabet/asl_alphabet_train/asl_alphabet_train/M/M976.jpg,False,M,0.8924096822738647,True
N,/kaggle/input/datasets/grassknoted/asl-alphabet/asl_alphabet_train/asl_alphabet_train/N/N101.jpg,False,N,0.8783228993415833,True
N,/kaggle/input/datasets/grassknoted/asl-alphabet/asl_alphabet_train/asl_alphabet_train/N/N1012.jpg,False,N,0.905235767364502,True
N,/kaggle/input/datasets/grassknoted/asl-alphabet/asl_alphabet_train/asl_alphabet_train/N/N1069.jpg,False,N,0.8944710493087769,True
N,/kaggle/input/datasets/grassknoted/asl-alphabet/asl_alphabet_train/asl_alphabet_train/N/N110.jpg,False,N,0.8713898062705994,True
N,/kaggle/input/datasets/grassknoted/asl-alphabet/asl_alphabet_train/asl_alphabet_train/N/N1137.jpg,False,N,0.8800742626190186,True
N,/kaggle/input/datasets/grassknoted/asl-alphabet/asl_alphabet_train/asl_alphabet_train/N/N1154.jpg,False,N,0.8780416250228882,True
N,/kaggle/input/datasets/grassknoted/asl-alphabet/asl_alphabet_train/asl_alphabet_train/N/N1182.jpg,True,N,0.8996389508247375,True
N,/kaggle/input/datasets/grassknoted/asl-alphabet/asl_alphabet_train/asl_alphabet_train/N/N1203.jpg,False,N,0.8794500827789307,True
N,/kaggle/input/datasets/grassknoted/asl-alphabet/asl_alphabet_train/asl_alphabet_train/N/N1219.jpg,False,N,0.8863332271575928,True
N,/kaggle/input/datasets/grassknoted/asl-alphabet/asl_alphabet_train/asl_alphabet_train/N/N1246.jpg,True,N,0.8930650353431702,True
N,/kaggle/input/datasets/grassknoted/asl-alphabet/asl_alphabet_train/asl_alphabet_train/N/N1270.jpg,False,N,0.8802680969238281,True
N,/kaggle/input/datasets/grassknoted/asl-alphabet/asl_alphabet_train/asl_alphabet_train/N/N1273.jpg,False,N,0.8793389797210693,True
N,/kaggle/input/datasets/grassknoted/asl-alphabet/asl_alphabet_train/asl_alphabet_train/N/N1274.jpg,False,N,0.8851480484008789,True
N,/kaggle/input/datasets/grassknoted/asl-alphabet/asl_alphabet_train/asl_alphabet_train/N/N1314.jpg,False,N,0.9048186540603638,True
N,/kaggle/input/datasets/grassknoted/asl-alphabet/asl_alphabet_train/asl_alphabet_train/N/N14.jpg,False,N,0.8978896141052246,True
N,/kaggle/input/datasets/grassknoted/asl-alphabet/asl_alphabet_train/asl_alphabet_train/N/N1428.jpg,True,N,0.9205885529518127,True
N,/kaggle/input/datasets/grassknoted/asl-alphabet/asl_alphabet_train/asl_alphabet_train/N/N1433.jpg,True,N,0.9169952273368835,True
N,/kaggle/input/datasets/grassknoted/asl-alphabet/asl_alphabet_train/asl_alphabet_train/N/N1476.jpg,False,N,0.9078830480575562,True
N,/kaggle/input/datasets/grassknoted/asl-alphabet/asl_alphabet_train/asl_alphabet_train/N/N1502.jpg,True,N,0.9155628085136414,True
N,/kaggle/input/datasets/grassknoted/asl-alphabet/asl_alphabet_train/asl_alphabet_train/N/N1539.jpg,True,N,0.9037696123123169,True
N,/kaggle/input/datasets/grassknoted/asl-alphabet/asl_alphabet_train/asl_alphabet_train/N/N1561.jpg,True,N,0.8927480578422546,True
N,/kaggle/input/datasets/grassknoted/asl-alphabet/asl_alphabet_train/asl_alphabet_train/N/N1574.jpg,False,N,0.9006819725036621,True
N,/kaggle/input/datasets/grassknoted/asl-alphabet/asl_alphabet_train/asl_alphabet_train/N/N1635.jpg,True,N,0.8803642392158508,True
N,/kaggle/input/datasets/grassknoted/asl-alphabet/asl_alphabet_train/asl_alphabet_train/N/N1644.jpg,True,N,0.8975253701210022,True
N,/kaggle/input/datasets/grassknoted/asl-alphabet/asl_alphabet_train/asl_alphabet_train/N/N1659.jpg,True,N,0.9065917134284973,True
N,/kaggle/input/datasets/grassknoted/asl-alphabet/asl_alphabet_train/asl_alphabet_train/N/N1675.jpg,True,N,0.8837403059005737,True
N,/kaggle/input/datasets/grassknoted/asl-alphabet/asl_alphabet_train/asl_alphabet_train/N/N1721.jpg,True,N,0.8950912356376648,True
N,/kaggle/input/datasets/grassknoted/asl-alphabet/asl_alphabet_train/asl_alphabet_train/N/N1799.jpg,True,N,0.8961173295974731,True
N,/kaggle/input/datasets/grassknoted/asl-alphabet/asl_alphabet_train/asl_alphabet_train/N/N1836.jpg,True,N,0.8913787007331848,True
N,/kaggle/input/datasets/grassknoted/asl-alphabet/asl_alphabet_train/asl_alphabet_train/N/N1880.jpg,False,N,0.8821117281913757,True
N,/kaggle/input/datasets/grassknoted/asl-alphabet/asl_alphabet_train/asl_alphabet_train/N/N189.jpg,True,N,0.8924230337142944,True
N,/kaggle/input/datasets/grassknoted/asl-alphabet/asl_alphabet_train/asl_alphabet_train/N/N1901.jpg,True,N,0.9065320491790771,True
N,/kaggle/input/datasets/grassknoted/asl-alphabet/asl_alphabet_train/asl_alphabet_train/N/N1989.jpg,True,N,0.9056223034858704,True
N,/kaggle/input/datasets/grassknoted/asl-alphabet/asl_alphabet_train/asl_alphabet_train/N/N1995.jpg,True,N,0.9059984683990479,True
N,/kaggle/input/datasets/grassknoted/asl-alphabet/asl_alphabet_train/asl_alphabet_train/N/N2006.jpg,True,N,0.909412682056427,True
N,/kaggle/input/datasets/grassknoted/asl-alphabet/asl_alphabet_train/asl_alphabet_train/N/N2018.jpg,True,N,0.8936871886253357,True
N,/kaggle/input/datasets/grassknoted/asl-alphabet/asl_alphabet_train/asl_alphabet_train/N/N2034.jpg,False,N,0.9029866456985474,True
N,/kaggle/input/datasets/grassknoted/asl-alphabet/asl_alphabet_train/asl_alphabet_train/N/N2049.jpg,False,N,0.8698833584785461,True
N,/kaggle/input/datasets/grassknoted/asl-alphabet/asl_alphabet_train/asl_alphabet_train/N/N2161.jpg,False,N,0.909572422504425,True
N,/kaggle/input/datasets/grassknoted/asl-alphabet/asl_alphabet_train/asl_alphabet_train/N/N2201.jpg,False,N,0.9003874063491821,True
N,/kaggle/input/datasets/grassknoted/asl-alphabet/asl_alphabet_train/asl_alphabet_train/N/N2238.jpg,False,N,0.9144654273986816,True
N,/kaggle/input/datasets/grassknoted/asl-alphabet/asl_alphabet_train/asl_alphabet_train/N/N2299.jpg,False,N,0.9077966213226318,True
N,/kaggle/input/datasets/grassknoted/asl-alphabet/asl_alphabet_train/asl_alphabet_train/N/N2309.jpg,True,N,0.9013726115226746,True
N,/kaggle/input/datasets/grassknoted/asl-alphabet/asl_alphabet_train/asl_alphabet_train/N/N2318.jpg,True,N,0.9243916869163513,True
N,/kaggle/input/datasets/grassknoted/asl-alphabet/asl_alphabet_train/asl_alphabet_train/N/N2329.jpg,True,N,0.9044700860977173,True
N,/kaggle/input/datasets/grassknoted/asl-alphabet/asl_alphabet_train/asl_alphabet_train/N/N2362.jpg,True,N,0.8990111351013184,True
N,/kaggle/input/datasets/grassknoted/asl-alphabet/asl_alphabet_train/asl_alphabet_train/N/N2382.jpg,False,N,0.9132393002510071,True
N,/kaggle/input/datasets/grassknoted/asl-alphabet/asl_alphabet_train/asl_alphabet_train/N/N2390.jpg,True,N,0.9232282638549805,True
N,/kaggle/input/datasets/grassknoted/asl-alphabet/asl_alphabet_train/asl_alphabet_train/N/N2398.jpg,True,N,0.9046650528907776,True
N,/kaggle/input/datasets/grassknoted/asl-alphabet/asl_alphabet_train/asl_alphabet_train/N/N2437.jpg,True,N,0.8925468921661377,True
N,/kaggle/input/datasets/grassknoted/asl-alphabet/asl_alphabet_train/asl_alphabet_train/N/N2476.jpg,True,N,0.8541834950447083,True
N,/kaggle/input/datasets/grassknoted/asl-alphabet/asl_alphabet_train/asl_alphabet_train/N/N2491.jpg,True,N,0.906211256980896,True
N,/kaggle/input/datasets/grassknoted/asl-alphabet/asl_alphabet_train/asl_alphabet_train/N/N2508.jpg,False,N,0.8368539214134216,True
N,/kaggle/input/datasets/grassknoted/asl-alphabet/asl_alphabet_train/asl_alphabet_train/N/N2510.jpg,False,N,0.8551185131072998,True
N,/kaggle/input/datasets/grassknoted/asl-alphabet/asl_alphabet_train/asl_alphabet_train/N/N253.jpg,True,N,0.8679860830307007,True
N,/kaggle/input/datasets/grassknoted/asl-alphabet/asl_alphabet_train/asl_alphabet_train/N/N256.jpg,True,N,0.8711037635803223,True
N,/kaggle/input/datasets/grassknoted/asl-alphabet/asl_alphabet_train/asl_alphabet_train/N/N2572.jpg,False,N,0.8482248783111572,True
N,/kaggle/input/datasets/grassknoted/asl-alphabet/asl_alphabet_train/asl_alphabet_train/N/N2598.jpg,False,N,0.8724871277809143,True
N,/kaggle/input/datasets/grassknoted/asl-alphabet/asl_alphabet_train/asl_alphabet_train/N/N2631.jpg,False,N,0.9034534096717834,True
N,/kaggle/input/datasets/grassknoted/asl-alphabet/asl_alphabet_train/asl_alphabet_train/N/N2731.jpg,False,N,0.8597716689109802,True
N,/kaggle/input/datasets/grassknoted/asl-alphabet/asl_alphabet_train/asl_alphabet_train/N/N2762.jpg,False,N,0.904532790184021,True
N,/kaggle/input/datasets/grassknoted/asl-alphabet/asl_alphabet_train/asl_alphabet_train/N/N2797.jpg,False,N,0.842780590057373,True
N,/kaggle/input/datasets/grassknoted/asl-alphabet/asl_alphabet_train/asl_alphabet_train/N/N2801.jpg,False,N,0.864830732345581,True
N,/kaggle/input/datasets/grassknoted/asl-alphabet/asl_alphabet_train/asl_alphabet_train/N/N2893.jpg,False,N,0.9017527103424072,True
N,/kaggle/input/datasets/grassknoted/asl-alphabet/asl_alphabet_train/asl_alphabet_train/N/N2973.jpg,True,N,0.7192583084106445,True
N,/kaggle/input/datasets/grassknoted/asl-alphabet/asl_alphabet_train/asl_alphabet_train/N/N2984.jpg,True,N,0.5586150288581848,True
N,/kaggle/input/datasets/grassknoted/asl-alphabet/asl_alphabet_train/asl_alphabet_train/N/N2990.jpg,True,N,0.7649025321006775,True
N,/kaggle/input/datasets/grassknoted/asl-alphabet/asl_alphabet_train/asl_alphabet_train/N/N346.jpg,True,N,0.8922490477561951,True
N,/kaggle/input/datasets/grassknoted/asl-alphabet/asl_alphabet_train/asl_alphabet_train/N/N373.jpg,True,N,0.8858882784843445,True
N,/kaggle/input/datasets/grassknoted/asl-alphabet/asl_alphabet_train/asl_alphabet_train/N/N395.jpg,False,N,0.8848985433578491,True
N,/kaggle/input/datasets/grassknoted/asl-alphabet/asl_alphabet_train/asl_alphabet_train/N/N424.jpg,True,N,0.8859578967094421,True
N,/kaggle/input/datasets/grassknoted/asl-alphabet/asl_alphabet_train/asl_alphabet_train/N/N473.jpg,True,N,0.8540266156196594,True
N,/kaggle/input/datasets/grassknoted/asl-alphabet/asl_alphabet_train/asl_alphabet_train/N/N486.jpg,True,N,0.868601381778717,True
N,/kaggle/input/datasets/grassknoted/asl-alphabet/asl_alphabet_train/asl_alphabet_train/N/N535.jpg,True,N,0.9096051454544067,True
N,/kaggle/input/datasets/grassknoted/asl-alphabet/asl_alphabet_train/asl_alphabet_train/N/N562.jpg,True,N,0.916557252407074,True
N,/kaggle/input/datasets/grassknoted/asl-alphabet/asl_alphabet_train/asl_alphabet_train/N/N563.jpg,True,N,0.9048615097999573,True
N,/kaggle/input/datasets/grassknoted/asl-alphabet/asl_alphabet_train/asl_alphabet_train/N/N571.jpg,True,N,0.9028177857398987,True
N,/kaggle/input/datasets/grassknoted/asl-alphabet/asl_alphabet_train/asl_alphabet_train/N/N587.jpg,True,N,0.8996875882148743,True
N,/kaggle/input/datasets/grassknoted/asl-alphabet/asl_alphabet_train/asl_alphabet_train/N/N598.jpg,True,N,0.8932629227638245,True
N,/kaggle/input/datasets/grassknoted/asl-alphabet/asl_alphabet_train/asl_alphabet_train/N/N643.jpg,False,N,0.8737035989761353,True
N,/kaggle/input/datasets/grassknoted/asl-alphabet/asl_alphabet_train/asl_alphabet_train/N/N648.jpg,False,N,0.8806183338165283,True
N,/kaggle/input/datasets/grassknoted/asl-alphabet/asl_alphabet_train/asl_alphabet_train/N/N662.jpg,False,N,0.8820253610610962,True
N,/kaggle/input/datasets/grassknoted/asl-alphabet/asl_alphabet_train/asl_alphabet_train/N/N72.jpg,False,N,0.8745460510253906,True
N,/kaggle/input/datasets/grassknoted/asl-alphabet/asl_alphabet_train/asl_alphabet_train/N/N734.jpg,False,N,0.8698773980140686,True
N,/kaggle/input/datasets/grassknoted/asl-alphabet/asl_alphabet_train/asl_alphabet_train/N/N74.jpg,False,N,0.8654581308364868,True
N,/kaggle/input/datasets/grassknoted/asl-alphabet/asl_alphabet_train/asl_alphabet_train/N/N740.jpg,False,N,0.8528063893318176,True
N,/kaggle/input/datasets/grassknoted/asl-alphabet/asl_alphabet_train/asl_alphabet_train/N/N778.jpg,False,N,0.8850192427635193,True
N,/kaggle/input/datasets/grassknoted/asl-alphabet/asl_alphabet_train/asl_alphabet_train/N/N795.jpg,False,N,0.8790423274040222,True
N,/kaggle/input/datasets/grassknoted/asl-alphabet/asl_alphabet_train/asl_alphabet_train/N/N802.jpg,False,N,0.8836982250213623,True
N,/kaggle/input/datasets/grassknoted/asl-alphabet/asl_alphabet_train/asl_alphabet_train/N/N832.jpg,True,N,0.8803330063819885,True
N,/kaggle/input/datasets/grassknoted/asl-alphabet/asl_alphabet_train/asl_alphabet_train/N/N837.jpg,True,N,0.8627861142158508,True
N,/kaggle/input/datasets/grassknoted/asl-alphabet/asl_alphabet_train/asl_alphabet_train/N/N853.jpg,False,N,0.860730767250061,True
N,/kaggle/input/datasets/grassknoted/asl-alphabet/asl_alphabet_train/asl_alphabet_train/N/N886.jpg,True,N,0.8843731880187988,True
N,/kaggle/input/datasets/grassknoted/asl-alphabet/asl_alphabet_train/asl_alphabet_train/N/N888.jpg,False,N,0.8826432824134827,True
N,/kaggle/input/datasets/grassknoted/asl-alphabet/asl_alphabet_train/asl_alphabet_train/N/N889.jpg,False,N,0.8796790242195129,True
N,/kaggle/input/datasets/grassknoted/asl-alphabet/asl_alphabet_train/asl_alphabet_train/N/N915.jpg,False,N,0.8549431562423706,True
N,/kaggle/input/datasets/grassknoted/asl-alphabet/asl_alphabet_train/asl_alphabet_train/N/N937.jpg,False,N,0.8805428743362427,True
N,/kaggle/input/datasets/grassknoted/asl-alphabet/asl_alphabet_train/asl_alphabet_train/N/N964.jpg,False,N,0.8708822727203369,True
N,/kaggle/input/datasets/grassknoted/asl-alphabet/asl_alphabet_train/asl_alphabet_train/N/N977.jpg,False,N,0.8634147644042969,True
N,/kaggle/input/datasets/grassknoted/asl-alphabet/asl_alphabet_train/asl_alphabet_train/N/N981.jpg,False,N,0.8661258220672607,True
O,/kaggle/input/datasets/grassknoted/asl-alphabet/asl_alphabet_train/asl_alphabet_train/O/O101.jpg,True,O,0.8702892065048218,True
O,/kaggle/input/datasets/grassknoted/asl-alphabet/asl_alphabet_train/asl_alphabet_train/O/O1092.jpg,True,O,0.8780432939529419,True
O,/kaggle/input/datasets/grassknoted/asl-alphabet/asl_alphabet_train/asl_alphabet_train/O/O1107.jpg,True,O,0.920773446559906,True
O,/kaggle/input/datasets/grassknoted/asl-alphabet/asl_alphabet_train/asl_alphabet_train/O/O1130.jpg,True,O,0.9005350470542908,True
O,/kaggle/input/datasets/grassknoted/asl-alphabet/asl_alphabet_train/asl_alphabet_train/O/O1154.jpg,True,O,0.8924864530563354,True
O,/kaggle/input/datasets/grassknoted/asl-alphabet/asl_alphabet_train/asl_alphabet_train/O/O1164.jpg,False,O,0.8982575535774231,True
O,/kaggle/input/datasets/grassknoted/asl-alphabet/asl_alphabet_train/asl_alphabet_train/O/O118.jpg,True,O,0.8676092028617859,True
O,/kaggle/input/datasets/grassknoted/asl-alphabet/asl_alphabet_train/asl_alphabet_train/O/O1204.jpg,True,O,0.8903957605361938,True
O,/kaggle/input/datasets/grassknoted/asl-alphabet/asl_alphabet_train/asl_alphabet_train/O/O1230.jpg,True,O,0.8873401880264282,True
O,/kaggle/input/datasets/grassknoted/asl-alphabet/asl_alphabet_train/asl_alphabet_train/O/O1238.jpg,True,O,0.8640295267105103,True
O,/kaggle/input/datasets/grassknoted/asl-alphabet/asl_alphabet_train/asl_alphabet_train/O/O1247.jpg,True,O,0.8979747295379639,True
O,/kaggle/input/datasets/grassknoted/asl-alphabet/asl_alphabet_train/asl_alphabet_train/O/O1302.jpg,True,O,0.8904969692230225,True
O,/kaggle/input/datasets/grassknoted/asl-alphabet/asl_alphabet_train/asl_alphabet_train/O/O1333.jpg,True,O,0.8816109895706177,True
O,/kaggle/input/datasets/grassknoted/asl-alphabet/asl_alphabet_train/asl_alphabet_train/O/O1334.jpg,True,O,0.8739248514175415,True
O,/kaggle/input/datasets/grassknoted/asl-alphabet/asl_alphabet_train/asl_alphabet_train/O/O1405.jpg,True,O,0.8744238018989563,True
O,/kaggle/input/datasets/grassknoted/asl-alphabet/asl_alphabet_train/asl_alphabet_train/O/O1412.jpg,True,O,0.8755436539649963,True
O,/kaggle/input/datasets/grassknoted/asl-alphabet/asl_alphabet_train/asl_alphabet_train/O/O1420.jpg,True,O,0.9017489552497864,True
O,/kaggle/input/datasets/grassknoted/asl-alphabet/asl_alphabet_train/asl_alphabet_train/O/O1450.jpg,True,O,0.8904560208320618,True
O,/kaggle/input/datasets/grassknoted/asl-alphabet/asl_alphabet_train/asl_alphabet_train/O/O1497.jpg,True,O,0.8843154311180115,True
O,/kaggle/input/datasets/grassknoted/asl-alphabet/asl_alphabet_train/asl_alphabet_train/O/O1517.jpg,True,O,0.8706066012382507,True
O,/kaggle/input/datasets/grassknoted/asl-alphabet/asl_alphabet_train/asl_alphabet_train/O/O1518.jpg,True,O,0.8805129528045654,True
O,/kaggle/input/datasets/grassknoted/asl-alphabet/asl_alphabet_train/asl_alphabet_train/O/O152.jpg,True,O,0.8947427868843079,True
O,/kaggle/input/datasets/grassknoted/asl-alphabet/asl_alphabet_train/asl_alphabet_train/O/O1525.jpg,True,O,0.8861647248268127,True
O,/kaggle/input/datasets/grassknoted/asl-alphabet/asl_alphabet_train/asl_alphabet_train/O/O1551.jpg,True,O,0.9008602499961853,True
O,/kaggle/input/datasets/grassknoted/asl-alphabet/asl_alphabet_train/asl_alphabet_train/O/O1571.jpg,True,O,0.8772770166397095,True
O,/kaggle/input/datasets/grassknoted/asl-alphabet/asl_alphabet_train/asl_alphabet_train/O/O1587.jpg,True,O,0.8889332413673401,True
O,/kaggle/input/datasets/grassknoted/asl-alphabet/asl_alphabet_train/asl_alphabet_train/O/O1636.jpg,True,O,0.881869375705719,True
O,/kaggle/input/datasets/grassknoted/asl-alphabet/asl_alphabet_train/asl_alphabet_train/O/O1737.jpg,True,O,0.8801826238632202,True
O,/kaggle/input/datasets/grassknoted/asl-alphabet/asl_alphabet_train/asl_alphabet_train/O/O1745.jpg,True,O,0.8632891178131104,True
O,/kaggle/input/datasets/grassknoted/asl-alphabet/asl_alphabet_train/asl_alphabet_train/O/O1751.jpg,True,O,0.8850269913673401,True
O,/kaggle/input/datasets/grassknoted/asl-alphabet/asl_alphabet_train/asl_alphabet_train/O/O1758.jpg,True,O,0.8813364505767822,True
O,/kaggle/input/datasets/grassknoted/asl-alphabet/asl_alphabet_train/asl_alphabet_train/O/O1795.jpg,True,O,0.9007202982902527,True
O,/kaggle/input/datasets/grassknoted/asl-alphabet/asl_alphabet_train/asl_alphabet_train/O/O1815.jpg,True,O,0.8969499468803406,True
O,/kaggle/input/datasets/grassknoted/asl-alphabet/asl_alphabet_train/asl_alphabet_train/O/O1844.jpg,True,O,0.8648158311843872,True
O,/kaggle/input/datasets/grassknoted/asl-alphabet/asl_alphabet_train/asl_alphabet_train/O/O1957.jpg,True,O,0.9036349654197693,True
O,/kaggle/input/datasets/grassknoted/asl-alphabet/asl_alphabet_train/asl_alphabet_train/O/O1958.jpg,True,O,0.8954686522483826,True
O,/kaggle/input/datasets/grassknoted/asl-alphabet/asl_alphabet_train/asl_alphabet_train/O/O1963.jpg,True,O,0.9090496301651001,True
O,/kaggle/input/datasets/grassknoted/asl-alphabet/asl_alphabet_train/asl_alphabet_train/O/O2028.jpg,True,O,0.8853708505630493,True
O,/kaggle/input/datasets/grassknoted/asl-alphabet/asl_alphabet_train/asl_alphabet_train/O/O203.jpg,True,O,0.8930092453956604,True
O,/kaggle/input/datasets/grassknoted/asl-alphabet/asl_alphabet_train/asl_alphabet_train/O/O204.jpg,True,O,0.8882589936256409,True
O,/kaggle/input/datasets/grassknoted/asl-alphabet/asl_alphabet_train/asl_alphabet_train/O/O2043.jpg,True,O,0.8887487649917603,True
O,/kaggle/input/datasets/grassknoted/asl-alphabet/asl_alphabet_train/asl_alphabet_train/O/O2163.jpg,False,O,0.8734568357467651,True
O,/kaggle/input/datasets/grassknoted/asl-alphabet/asl_alphabet_train/asl_alphabet_train/O/O2166.jpg,False,O,0.8697184324264526,True
O,/kaggle/input/datasets/grassknoted/asl-alphabet/asl_alphabet_train/asl_alphabet_train/O/O2192.jpg,False,O,0.8703495264053345,True
O,/kaggle/input/datasets/grassknoted/asl-alphabet/asl_alphabet_train/asl_alphabet_train/O/O2213.jpg,False,O,0.8752228021621704,True
O,/kaggle/input/datasets/grassknoted/asl-alphabet/asl_alphabet_train/asl_alphabet_train/O/O2214.jpg,False,O,0.8854548335075378,True
O,/kaggle/input/datasets/grassknoted/asl-alphabet/asl_alphabet_train/asl_alphabet_train/O/O2284.jpg,False,O,0.8688666820526123,True
O,/kaggle/input/datasets/grassknoted/asl-alphabet/asl_alphabet_train/asl_alphabet_train/O/O2350.jpg,False,O,0.8780732750892639,True
O,/kaggle/input/datasets/grassknoted/asl-alphabet/asl_alphabet_train/asl_alphabet_train/O/O2387.jpg,True,O,0.8811708092689514,True
O,/kaggle/input/datasets/grassknoted/asl-alphabet/asl_alphabet_train/asl_alphabet_train/O/O2399.jpg,True,O,0.8918452262878418,True
O,/kaggle/input/datasets/grassknoted/asl-alphabet/asl_alphabet_train/asl_alphabet_train/O/O2427.jpg,True,O,0.8882013559341431,True
O,/kaggle/input/datasets/grassknoted/asl-alphabet/asl_alphabet_train/asl_alphabet_train/O/O2441.jpg,True,O,0.8900169134140015,True
O,/kaggle/input/datasets/grassknoted/asl-alphabet/asl_alphabet_train/asl_alphabet_train/O/O2446.jpg,True,O,0.8750012516975403,True
O,/kaggle/input/datasets/grassknoted/asl-alphabet/asl_alphabet_train/asl_alphabet_train/O/O2486.jpg,True,O,0.8497031927108765,True
O,/kaggle/input/datasets/grassknoted/asl-alphabet/asl_alphabet_train/asl_alphabet_train/O/O2517.jpg,False,O,0.8943362236022949,True
O,/kaggle/input/datasets/grassknoted/asl-alphabet/asl_alphabet_train/asl_alphabet_train/O/O2518.jpg,False,O,0.9040735960006714,True
O,/kaggle/input/datasets/grassknoted/asl-alphabet/asl_alphabet_train/asl_alphabet_train/O/O2636.jpg,True,O,0.8711628913879395,True
O,/kaggle/input/datasets/grassknoted/asl-alphabet/asl_alphabet_train/asl_alphabet_train/O/O264.jpg,True,O,0.8997804522514343,True
O,/kaggle/input/datasets/grassknoted/asl-alphabet/asl_alphabet_train/asl_alphabet_train/O/O2658.jpg,True,O,0.8745408654212952,True
O,/kaggle/input/datasets/grassknoted/asl-alphabet/asl_alphabet_train/asl_alphabet_train/O/O2777.jpg,False,O,0.8492366075515747,True
O,/kaggle/input/datasets/grassknoted/asl-alphabet/asl_alphabet_train/asl_alphabet_train/O/O2787.jpg,False,O,0.8556926250457764,True
O,/kaggle/input/datasets/grassknoted/asl-alphabet/asl_alphabet_train/asl_alphabet_train/O/O2855.jpg,True,O,0.9054206013679504,True
O,/kaggle/input/datasets/grassknoted/asl-alphabet/asl_alphabet_train/asl_alphabet_train/O/O2868.jpg,False,O,0.9009865522384644,True
O,/kaggle/input/datasets/grassknoted/asl-alphabet/asl_alphabet_train/asl_alphabet_train/O/O2874.jpg,False,O,0.8718109130859375,True
O,/kaggle/input/datasets/grassknoted/asl-alphabet/asl_alphabet_train/asl_alphabet_train/O/O2889.jpg,False,O,0.8726711273193359,True
O,/kaggle/input/datasets/grassknoted/asl-alphabet/asl_alphabet_train/asl_alphabet_train/O/O2933.jpg,False,O,0.8844491243362427,True
O,/kaggle/input/datasets/grassknoted/asl-alphabet/asl_alphabet_train/asl_alphabet_train/O/O2937.jpg,False,O,0.8919235467910767,True
O,/kaggle/input/datasets/grassknoted/asl-alphabet/asl_alphabet_train/asl_alphabet_train/O/O331.jpg,True,O,0.8786237835884094,True
O,/kaggle/input/datasets/grassknoted/asl-alphabet/asl_alphabet_train/asl_alphabet_train/O/O379.jpg,True,O,0.9055337309837341,True
O,/kaggle/input/datasets/grassknoted/asl-alphabet/asl_alphabet_train/asl_alphabet_train/O/O38.jpg,True,O,0.8885279297828674,True
O,/kaggle/input/datasets/grassknoted/asl-alphabet/asl_alphabet_train/asl_alphabet_train/O/O384.jpg,True,O,0.9045547246932983,True
O,/kaggle/input/datasets/grassknoted/asl-alphabet/asl_alphabet_train/asl_alphabet_train/O/O408.jpg,True,O,0.8900243639945984,True
O,/kaggle/input/datasets/grassknoted/asl-alphabet/asl_alphabet_train/asl_alphabet_train/O/O48.jpg,True,O,0.8850206732749939,True
O,/kaggle/input/datasets/grassknoted/asl-alphabet/asl_alphabet_train/asl_alphabet_train/O/O491.jpg,False,O,0.860711932182312,True
O,/kaggle/input/datasets/grassknoted/asl-alphabet/asl_alphabet_train/asl_alphabet_train/O/O499.jpg,False,O,0.8570663332939148,True
O,/kaggle/input/datasets/grassknoted/asl-alphabet/asl_alphabet_train/asl_alphabet_train/O/O526.jpg,False,O,0.8777328729629517,True
O,/kaggle/input/datasets/grassknoted/asl-alphabet/asl_alphabet_train/asl_alphabet_train/O/O536.jpg,True,O,0.8867534399032593,True
O,/kaggle/input/datasets/grassknoted/asl-alphabet/asl_alphabet_train/asl_alphabet_train/O/O581.jpg,True,O,0.8942462205886841,True
O,/kaggle/input/datasets/grassknoted/asl-alphabet/asl_alphabet_train/asl_alphabet_train/O/O587.jpg,True,O,0.8912313580513,True
O,/kaggle/input/datasets/grassknoted/asl-alphabet/asl_alphabet_train/asl_alphabet_train/O/O598.jpg,True,O,0.8897212743759155,True
O,/kaggle/input/datasets/grassknoted/asl-alphabet/asl_alphabet_train/asl_alphabet_train/O/O608.jpg,True,O,0.8950895071029663,True
O,/kaggle/input/datasets/grassknoted/asl-alphabet/asl_alphabet_train/asl_alphabet_train/O/O645.jpg,True,O,0.9041929244995117,True
O,/kaggle/input/datasets/grassknoted/asl-alphabet/asl_alphabet_train/asl_alphabet_train/O/O687.jpg,True,O,0.8911647796630859,True
O,/kaggle/input/datasets/grassknoted/asl-alphabet/asl_alphabet_train/asl_alphabet_train/O/O697.jpg,True,O,0.8852681517601013,True
O,/kaggle/input/datasets/grassknoted/asl-alphabet/asl_alphabet_train/asl_alphabet_train/O/O744.jpg,True,O,0.8952316641807556,True
O,/kaggle/input/datasets/grassknoted/asl-alphabet/asl_alphabet_train/asl_alphabet_train/O/O748.jpg,True,O,0.8976702094078064,True
O,/kaggle/input/datasets/grassknoted/asl-alphabet/asl_alphabet_train/asl_alphabet_train/O/O791.jpg,True,O,0.8894713521003723,True
O,/kaggle/input/datasets/grassknoted/asl-alphabet/asl_alphabet_train/asl_alphabet_train/O/O797.jpg,True,O,0.8948867917060852,True
O,/kaggle/input/datasets/grassknoted/asl-alphabet/asl_alphabet_train/asl_alphabet_train/O/O82.jpg,True,O,0.8831915259361267,True
O,/kaggle/input/datasets/grassknoted/asl-alphabet/asl_alphabet_train/asl_alphabet_train/O/O84.jpg,True,O,0.8856337070465088,True
O,/kaggle/input/datasets/grassknoted/asl-alphabet/asl_alphabet_train/asl_alphabet_train/O/O844.jpg,True,O,0.8905006647109985,True
O,/kaggle/input/datasets/grassknoted/asl-alphabet/asl_alphabet_train/asl_alphabet_train/O/O862.jpg,True,O,0.8953419327735901,True
O,/kaggle/input/datasets/grassknoted/asl-alphabet/asl_alphabet_train/asl_alphabet_train/O/O88.jpg,True,O,0.8848443031311035,True
O,/kaggle/input/datasets/grassknoted/asl-alphabet/asl_alphabet_train/asl_alphabet_train/O/O882.jpg,True,O,0.8880818486213684,True
O,/kaggle/input/datasets/grassknoted/asl-alphabet/asl_alphabet_train/asl_alphabet_train/O/O896.jpg,True,O,0.8965160250663757,True
O,/kaggle/input/datasets/grassknoted/asl-alphabet/asl_alphabet_train/asl_alphabet_train/O/O920.jpg,True,O,0.88746577501297,True
O,/kaggle/input/datasets/grassknoted/asl-alphabet/asl_alphabet_train/asl_alphabet_train/O/O931.jpg,True,O,0.8840038776397705,True
O,/kaggle/input/datasets/grassknoted/asl-alphabet/asl_alphabet_train/asl_alphabet_train/O/O948.jpg,True,O,0.8997853398323059,True
O,/kaggle/input/datasets/grassknoted/asl-alphabet/asl_alphabet_train/asl_alphabet_train/O/O964.jpg,True,O,0.9047208428382874,True
O,/kaggle/input/datasets/grassknoted/asl-alphabet/asl_alphabet_train/asl_alphabet_train/O/O985.jpg,True,O,0.8714425563812256,True
P,/kaggle/input/datasets/grassknoted/asl-alphabet/asl_alphabet_train/asl_alphabet_train/P/P1118.jpg,True,P,0.9092010259628296,True
P,/kaggle/input/datasets/grassknoted/asl-alphabet/asl_alphabet_train/asl_alphabet_train/P/P1186.jpg,True,P,0.925494372844696,True
P,/kaggle/input/datasets/grassknoted/asl-alphabet/asl_alphabet_train/asl_alphabet_train/P/P1263.jpg,True,P,0.9101105332374573,True
P,/kaggle/input/datasets/grassknoted/asl-alphabet/asl_alphabet_train/asl_alphabet_train/P/P1292.jpg,True,P,0.908183753490448,True
P,/kaggle/input/datasets/grassknoted/asl-alphabet/asl_alphabet_train/asl_alphabet_train/P/P1299.jpg,True,P,0.9119009375572205,True
P,/kaggle/input/datasets/grassknoted/asl-alphabet/asl_alphabet_train/asl_alphabet_train/P/P134.jpg,True,P,0.9055882692337036,True
P,/kaggle/input/datasets/grassknoted/asl-alphabet/asl_alphabet_train/asl_alphabet_train/P/P1345.jpg,True,P,0.9097775220870972,True
P,/kaggle/input/datasets/grassknoted/asl-alphabet/asl_alphabet_train/asl_alphabet_train/P/P1393.jpg,True,P,0.9036606550216675,True
P,/kaggle/input/datasets/grassknoted/asl-alphabet/asl_alphabet_train/asl_alphabet_train/P/P1399.jpg,True,P,0.8905795812606812,True
P,/kaggle/input/datasets/grassknoted/asl-alphabet/asl_alphabet_train/asl_alphabet_train/P/P1409.jpg,True,P,0.898777425289154,True
P,/kaggle/input/datasets/grassknoted/asl-alphabet/asl_alphabet_train/asl_alphabet_train/P/P1450.jpg,True,P,0.9231241345405579,True
P,/kaggle/input/datasets/grassknoted/asl-alphabet/asl_alphabet_train/asl_alphabet_train/P/P1466.jpg,True,P,0.873759925365448,True
P,/kaggle/input/datasets/grassknoted/asl-alphabet/asl_alphabet_train/asl_alphabet_train/P/P1501.jpg,True,P,0.9063680768013,True
P,/kaggle/input/datasets/grassknoted/asl-alphabet/asl_alphabet_train/asl_alphabet_train/P/P1503.jpg,True,P,0.9102033376693726,True
P,/kaggle/input/datasets/grassknoted/asl-alphabet/asl_alphabet_train/asl_alphabet_train/P/P1523.jpg,True,P,0.9070801138877869,True
P,/kaggle/input/datasets/grassknoted/asl-alphabet/asl_alphabet_train/asl_alphabet_train/P/P1524.jpg,True,P,0.9018058776855469,True
P,/kaggle/input/datasets/grassknoted/asl-alphabet/asl_alphabet_train/asl_alphabet_train/P/P1554.jpg,True,P,0.9031870365142822,True
P,/kaggle/input/datasets/grassknoted/asl-alphabet/asl_alphabet_train/asl_alphabet_train/P/P1568.jpg,True,P,0.8916003108024597,True
P,/kaggle/input/datasets/grassknoted/asl-alphabet/asl_alphabet_train/asl_alphabet_train/P/P1594.jpg,True,P,0.9171513319015503,True
P,/kaggle/input/datasets/grassknoted/asl-alphabet/asl_alphabet_train/asl_alphabet_train/P/P1644.jpg,True,P,0.8952361345291138,True
P,/kaggle/input/datasets/grassknoted/asl-alphabet/asl_alphabet_train/asl_alphabet_train/P/P1649.jpg,True,P,0.9125823974609375,True
P,/kaggle/input/datasets/grassknoted/asl-alphabet/asl_alphabet_train/asl_alphabet_train/P/P1664.jpg,True,P,0.9145343899726868,True
P,/kaggle/input/datasets/grassknoted/asl-alphabet/asl_alphabet_train/asl_alphabet_train/P/P1721.jpg,True,P,0.9120545387268066,True
P,/kaggle/input/datasets/grassknoted/asl-alphabet/asl_alphabet_train/asl_alphabet_train/P/P1730.jpg,True,P,0.9211248755455017,True
P,/kaggle/input/datasets/grassknoted/asl-alphabet/asl_alphabet_train/asl_alphabet_train/P/P1745.jpg,True,P,0.9061687588691711,True
P,/kaggle/input/datasets/grassknoted/asl-alphabet/asl_alphabet_train/asl_alphabet_train/P/P1750.jpg,True,P,0.9139832854270935,True
P,/kaggle/input/datasets/grassknoted/asl-alphabet/asl_alphabet_train/asl_alphabet_train/P/P1774.jpg,True,P,0.9154121279716492,True
P,/kaggle/input/datasets/grassknoted/asl-alphabet/asl_alphabet_train/asl_alphabet_train/P/P179.jpg,True,P,0.9102960228919983,True
P,/kaggle/input/datasets/grassknoted/asl-alphabet/asl_alphabet_train/asl_alphabet_train/P/P1824.jpg,True,P,0.8974270820617676,True
P,/kaggle/input/datasets/grassknoted/asl-alphabet/asl_alphabet_train/asl_alphabet_train/P/P1872.jpg,True,P,0.9034557938575745,True
P,/kaggle/input/datasets/grassknoted/asl-alphabet/asl_alphabet_train/asl_alphabet_train/P/P191.jpg,True,P,0.8960860371589661,True
P,/kaggle/input/datasets/grassknoted/asl-alphabet/asl_alphabet_train/asl_alphabet_train/P/P1915.jpg,True,P,0.9328998923301697,True
P,/kaggle/input/datasets/grassknoted/asl-alphabet/asl_alphabet_train/asl_alphabet_train/P/P1922.jpg,True,P,0.9300712943077087,True
P,/kaggle/input/datasets/grassknoted/asl-alphabet/asl_alphabet_train/asl_alphabet_train/P/P1954.jpg,True,P,0.900840699672699,True
P,/kaggle/input/datasets/grassknoted/asl-alphabet/asl_alphabet_train/asl_alphabet_train/P/P1971.jpg,True,P,0.8963910937309265,True
P,/kaggle/input/datasets/grassknoted/asl-alphabet/asl_alphabet_train/asl_alphabet_train/P/P1974.jpg,True,P,0.9111967086791992,True
P,/kaggle/input/datasets/grassknoted/asl-alphabet/asl_alphabet_train/asl_alphabet_train/P/P1989.jpg,True,P,0.9116043448448181,True
P,/kaggle/input/datasets/grassknoted/asl-alphabet/asl_alphabet_train/asl_alphabet_train/P/P2020.jpg,True,P,0.8982579112052917,True
P,/kaggle/input/datasets/grassknoted/asl-alphabet/asl_alphabet_train/asl_alphabet_train/P/P2022.jpg,False,P,0.8955140709877014,True
P,/kaggle/input/datasets/grassknoted/asl-alphabet/asl_alphabet_train/asl_alphabet_train/P/P204.jpg,True,P,0.9156965017318726,True
P,/kaggle/input/datasets/grassknoted/asl-alphabet/asl_alphabet_train/asl_alphabet_train/P/P205.jpg,True,P,0.917560338973999,True
P,/kaggle/input/datasets/grassknoted/asl-alphabet/asl_alphabet_train/asl_alphabet_train/P/P2116.jpg,True,P,0.8957898616790771,True
P,/kaggle/input/datasets/grassknoted/asl-alphabet/asl_alphabet_train/asl_alphabet_train/P/P2117.jpg,True,P,0.9044331908226013,True
P,/kaggle/input/datasets/grassknoted/asl-alphabet/asl_alphabet_train/asl_alphabet_train/P/P2134.jpg,True,P,0.877310037612915,True
P,/kaggle/input/datasets/grassknoted/asl-alphabet/asl_alphabet_train/asl_alphabet_train/P/P2139.jpg,True,P,0.8845813870429993,True
P,/kaggle/input/datasets/grassknoted/asl-alphabet/asl_alphabet_train/asl_alphabet_train/P/P2183.jpg,False,P,0.9124081134796143,True
P,/kaggle/input/datasets/grassknoted/asl-alphabet/asl_alphabet_train/asl_alphabet_train/P/P2191.jpg,True,P,0.9292201399803162,True
P,/kaggle/input/datasets/grassknoted/asl-alphabet/asl_alphabet_train/asl_alphabet_train/P/P2206.jpg,False,P,0.9275230169296265,True
P,/kaggle/input/datasets/grassknoted/asl-alphabet/asl_alphabet_train/asl_alphabet_train/P/P2210.jpg,False,P,0.9253960847854614,True
P,/kaggle/input/datasets/grassknoted/asl-alphabet/asl_alphabet_train/asl_alphabet_train/P/P2278.jpg,False,P,0.9162864685058594,True
P,/kaggle/input/datasets/grassknoted/asl-alphabet/asl_alphabet_train/asl_alphabet_train/P/P2290.jpg,False,P,0.9369789958000183,True
P,/kaggle/input/datasets/grassknoted/asl-alphabet/asl_alphabet_train/asl_alphabet_train/P/P2292.jpg,False,P,0.9105915427207947,True
P,/kaggle/input/datasets/grassknoted/asl-alphabet/asl_alphabet_train/asl_alphabet_train/P/P2330.jpg,True,P,0.9130447506904602,True
P,/kaggle/input/datasets/grassknoted/asl-alphabet/asl_alphabet_train/asl_alphabet_train/P/P2403.jpg,True,P,0.870326578617096,True
P,/kaggle/input/datasets/grassknoted/asl-alphabet/asl_alphabet_train/asl_alphabet_train/P/P2408.jpg,True,P,0.8693740963935852,True
P,/kaggle/input/datasets/grassknoted/asl-alphabet/asl_alphabet_train/asl_alphabet_train/P/P2475.jpg,False,P,0.8555172681808472,True
P,/kaggle/input/datasets/grassknoted/asl-alphabet/asl_alphabet_train/asl_alphabet_train/P/P2493.jpg,False,P,0.8247634768486023,True
P,/kaggle/input/datasets/grassknoted/asl-alphabet/asl_alphabet_train/asl_alphabet_train/P/P2563.jpg,False,P,0.8696666359901428,True
P,/kaggle/input/datasets/grassknoted/asl-alphabet/asl_alphabet_train/asl_alphabet_train/P/P2574.jpg,False,P,0.8716312646865845,True
P,/kaggle/input/datasets/grassknoted/asl-alphabet/asl_alphabet_train/asl_alphabet_train/P/P2578.jpg,False,P,0.8837593197822571,True
P,/kaggle/input/datasets/grassknoted/asl-alphabet/asl_alphabet_train/asl_alphabet_train/P/P2652.jpg,False,P,0.8787441849708557,True
P,/kaggle/input/datasets/grassknoted/asl-alphabet/asl_alphabet_train/asl_alphabet_train/P/P2654.jpg,False,P,0.9017894864082336,True
P,/kaggle/input/datasets/grassknoted/asl-alphabet/asl_alphabet_train/asl_alphabet_train/P/P2658.jpg,False,P,0.9210432767868042,True
P,/kaggle/input/datasets/grassknoted/asl-alphabet/asl_alphabet_train/asl_alphabet_train/P/P2668.jpg,False,P,0.90348881483078,True
P,/kaggle/input/datasets/grassknoted/asl-alphabet/asl_alphabet_train/asl_alphabet_train/P/P2691.jpg,False,P,0.9104748368263245,True
P,/kaggle/input/datasets/grassknoted/asl-alphabet/asl_alphabet_train/asl_alphabet_train/P/P2737.jpg,False,P,0.8814079761505127,True
P,/kaggle/input/datasets/grassknoted/asl-alphabet/asl_alphabet_train/asl_alphabet_train/P/P2762.jpg,False,P,0.8875029683113098,True
P,/kaggle/input/datasets/grassknoted/asl-alphabet/asl_alphabet_train/asl_alphabet_train/P/P2851.jpg,False,P,0.9134967923164368,True
P,/kaggle/input/datasets/grassknoted/asl-alphabet/asl_alphabet_train/asl_alphabet_train/P/P2889.jpg,False,P,0.8510373830795288,True
P,/kaggle/input/datasets/grassknoted/asl-alphabet/asl_alphabet_train/asl_alphabet_train/P/P2892.jpg,False,P,0.839204728603363,True
P,/kaggle/input/datasets/grassknoted/asl-alphabet/asl_alphabet_train/asl_alphabet_train/P/P2896.jpg,False,P,0.8744705319404602,True
P,/kaggle/input/datasets/grassknoted/asl-alphabet/asl_alphabet_train/asl_alphabet_train/P/P2939.jpg,False,P,0.9059703946113586,True
P,/kaggle/input/datasets/grassknoted/asl-alphabet/asl_alphabet_train/asl_alphabet_train/P/P2940.jpg,False,P,0.8856334686279297,True
P,/kaggle/input/datasets/grassknoted/asl-alphabet/asl_alphabet_train/asl_alphabet_train/P/P2951.jpg,False,P,0.9079919457435608,True
P,/kaggle/input/datasets/grassknoted/asl-alphabet/asl_alphabet_train/asl_alphabet_train/P/P2968.jpg,False,P,0.8956915140151978,True
P,/kaggle/input/datasets/grassknoted/asl-alphabet/asl_alphabet_train/asl_alphabet_train/P/P2979.jpg,False,P,0.8962233066558838,True
P,/kaggle/input/datasets/grassknoted/asl-alphabet/asl_alphabet_train/asl_alphabet_train/P/P304.jpg,True,P,0.9123630523681641,True
P,/kaggle/input/datasets/grassknoted/asl-alphabet/asl_alphabet_train/asl_alphabet_train/P/P311.jpg,True,P,0.8972783088684082,True
P,/kaggle/input/datasets/grassknoted/asl-alphabet/asl_alphabet_train/asl_alphabet_train/P/P316.jpg,True,P,0.9064362645149231,True
P,/kaggle/input/datasets/grassknoted/asl-alphabet/asl_alphabet_train/asl_alphabet_train/P/P326.jpg,True,P,0.9002693295478821,True
P,/kaggle/input/datasets/grassknoted/asl-alphabet/asl_alphabet_train/asl_alphabet_train/P/P34.jpg,False,P,0.9016277194023132,True
P,/kaggle/input/datasets/grassknoted/asl-alphabet/asl_alphabet_train/asl_alphabet_train/P/P340.jpg,True,P,0.9068809747695923,True
P,/kaggle/input/datasets/grassknoted/asl-alphabet/asl_alphabet_train/asl_alphabet_train/P/P402.jpg,True,P,0.8309504985809326,True
P,/kaggle/input/datasets/grassknoted/asl-alphabet/asl_alphabet_train/asl_alphabet_train/P/P403.jpg,True,P,0.8390483260154724,True
P,/kaggle/input/datasets/grassknoted/asl-alphabet/asl_alphabet_train/asl_alphabet_train/P/P43.jpg,False,P,0.90102618932724,True
P,/kaggle/input/datasets/grassknoted/asl-alphabet/asl_alphabet_train/asl_alphabet_train/P/P436.jpg,True,P,0.8964963555335999,True
P,/kaggle/input/datasets/grassknoted/asl-alphabet/asl_alphabet_train/asl_alphabet_train/P/P444.jpg,True,P,0.902477502822876,True
P,/kaggle/input/datasets/grassknoted/asl-alphabet/asl_alphabet_train/asl_alphabet_train/P/P494.jpg,True,P,0.9042466878890991,True
P,/kaggle/input/datasets/grassknoted/asl-alphabet/asl_alphabet_train/asl_alphabet_train/P/P511.jpg,True,P,0.924265444278717,True
P,/kaggle/input/datasets/grassknoted/asl-alphabet/asl_alphabet_train/asl_alphabet_train/P/P523.jpg,True,P,0.9233109951019287,True
P,/kaggle/input/datasets/grassknoted/asl-alphabet/asl_alphabet_train/asl_alphabet_train/P/P530.jpg,False,P,0.9245585799217224,True
P,/kaggle/input/datasets/grassknoted/asl-alphabet/asl_alphabet_train/asl_alphabet_train/P/P54.jpg,False,P,0.9186343550682068,True
P,/kaggle/input/datasets/grassknoted/asl-alphabet/asl_alphabet_train/asl_alphabet_train/P/P651.jpg,False,P,0.9084358811378479,True
P,/kaggle/input/datasets/grassknoted/asl-alphabet/asl_alphabet_train/asl_alphabet_train/P/P66.jpg,False,P,0.8933653831481934,True
P,/kaggle/input/datasets/grassknoted/asl-alphabet/asl_alphabet_train/asl_alphabet_train/P/P67.jpg,False,P,0.8874931335449219,True
P,/kaggle/input/datasets/grassknoted/asl-alphabet/asl_alphabet_train/asl_alphabet_train/P/P740.jpg,False,P,0.9193992614746094,True
P,/kaggle/input/datasets/grassknoted/asl-alphabet/asl_alphabet_train/asl_alphabet_train/P/P821.jpg,True,P,0.909949541091919,True
P,/kaggle/input/datasets/grassknoted/asl-alphabet/asl_alphabet_train/asl_alphabet_train/P/P838.jpg,True,P,0.8993779420852661,True
P,/kaggle/input/datasets/grassknoted/asl-alphabet/asl_alphabet_train/asl_alphabet_train/P/P95.jpg,False,P,0.9145553708076477,True
P,/kaggle/input/datasets/grassknoted/asl-alphabet/asl_alphabet_train/asl_alphabet_train/P/P991.jpg,True,P,0.9058657884597778,True
Q,/kaggle/input/datasets/grassknoted/asl-alphabet/asl_alphabet_train/asl_alphabet_train/Q/Q1006.jpg,True,Q,0.9220134019851685,True
Q,/kaggle/input/datasets/grassknoted/asl-alphabet/asl_alphabet_train/asl_alphabet_train/Q/Q1009.jpg,True,Q,0.9173778891563416,True
Q,/kaggle/input/datasets/grassknoted/asl-alphabet/asl_alphabet_train/asl_alphabet_train/Q/Q1011.jpg,True,Q,0.9235422611236572,True
Q,/kaggle/input/datasets/grassknoted/asl-alphabet/asl_alphabet_train/asl_alphabet_train/Q/Q1100.jpg,True,Q,0.913645327091217,True
Q,/kaggle/input/datasets/grassknoted/asl-alphabet/asl_alphabet_train/asl_alphabet_train/Q/Q1153.jpg,True,Q,0.921200692653656,True
Q,/kaggle/input/datasets/grassknoted/asl-alphabet/asl_alphabet_train/asl_alphabet_train/Q/Q1191.jpg,True,Q,0.913949728012085,True
Q,/kaggle/input/datasets/grassknoted/asl-alphabet/asl_alphabet_train/asl_alphabet_train/Q/Q1232.jpg,True,Q,0.9078295230865479,True
Q,/kaggle/input/datasets/grassknoted/asl-alphabet/asl_alphabet_train/asl_alphabet_train/Q/Q1235.jpg,True,Q,0.9111077189445496,True
Q,/kaggle/input/datasets/grassknoted/asl-alphabet/asl_alphabet_train/asl_alphabet_train/Q/Q1262.jpg,True,Q,0.9059919118881226,True
Q,/kaggle/input/datasets/grassknoted/asl-alphabet/asl_alphabet_train/asl_alphabet_train/Q/Q1359.jpg,True,Q,0.9183064103126526,True
Q,/kaggle/input/datasets/grassknoted/asl-alphabet/asl_alphabet_train/asl_alphabet_train/Q/Q1366.jpg,True,Q,0.930191695690155,True
Q,/kaggle/input/datasets/grassknoted/asl-alphabet/asl_alphabet_train/asl_alphabet_train/Q/Q1373.jpg,True,Q,0.9330414533615112,True
Q,/kaggle/input/datasets/grassknoted/asl-alphabet/asl_alphabet_train/asl_alphabet_train/Q/Q1415.jpg,True,Q,0.9320154786109924,True
Q,/kaggle/input/datasets/grassknoted/asl-alphabet/asl_alphabet_train/asl_alphabet_train/Q/Q1441.jpg,True,Q,0.9185175895690918,True
Q,/kaggle/input/datasets/grassknoted/asl-alphabet/asl_alphabet_train/asl_alphabet_train/Q/Q1458.jpg,True,Q,0.9193040132522583,True
Q,/kaggle/input/datasets/grassknoted/asl-alphabet/asl_alphabet_train/asl_alphabet_train/Q/Q1460.jpg,True,Q,0.9130470752716064,True
Q,/kaggle/input/datasets/grassknoted/asl-alphabet/asl_alphabet_train/asl_alphabet_train/Q/Q1500.jpg,True,Q,0.9198896288871765,True
Q,/kaggle/input/datasets/grassknoted/asl-alphabet/asl_alphabet_train/asl_alphabet_train/Q/Q1503.jpg,True,Q,0.9193004369735718,True
Q,/kaggle/input/datasets/grassknoted/asl-alphabet/asl_alphabet_train/asl_alphabet_train/Q/Q1521.jpg,True,Q,0.9033451676368713,True
Q,/kaggle/input/datasets/grassknoted/asl-alphabet/asl_alphabet_train/asl_alphabet_train/Q/Q1552.jpg,True,Q,0.9040577411651611,True
Q,/kaggle/input/datasets/grassknoted/asl-alphabet/asl_alphabet_train/asl_alphabet_train/Q/Q1554.jpg,True,Q,0.9143961668014526,True
Q,/kaggle/input/datasets/grassknoted/asl-alphabet/asl_alphabet_train/asl_alphabet_train/Q/Q1564.jpg,True,Q,0.929003894329071,True
Q,/kaggle/input/datasets/grassknoted/asl-alphabet/asl_alphabet_train/asl_alphabet_train/Q/Q1590.jpg,True,Q,0.9191234111785889,True
Q,/kaggle/input/datasets/grassknoted/asl-alphabet/asl_alphabet_train/asl_alphabet_train/Q/Q1618.jpg,True,Q,0.9203137159347534,True
Q,/kaggle/input/datasets/grassknoted/asl-alphabet/asl_alphabet_train/asl_alphabet_train/Q/Q1630.jpg,True,Q,0.9307751059532166,True
Q,/kaggle/input/datasets/grassknoted/asl-alphabet/asl_alphabet_train/asl_alphabet_train/Q/Q1653.jpg,True,Q,0.9234355688095093,True
Q,/kaggle/input/datasets/grassknoted/asl-alphabet/asl_alphabet_train/asl_alphabet_train/Q/Q1661.jpg,True,Q,0.9126290678977966,True
Q,/kaggle/input/datasets/grassknoted/asl-alphabet/asl_alphabet_train/asl_alphabet_train/Q/Q1668.jpg,True,Q,0.896578848361969,True
Q,/kaggle/input/datasets/grassknoted/asl-alphabet/asl_alphabet_train/asl_alphabet_train/Q/Q1693.jpg,True,Q,0.9084122180938721,True
Q,/kaggle/input/datasets/grassknoted/asl-alphabet/asl_alphabet_train/asl_alphabet_train/Q/Q1697.jpg,True,Q,0.9124771952629089,True
Q,/kaggle/input/datasets/grassknoted/asl-alphabet/asl_alphabet_train/asl_alphabet_train/Q/Q1726.jpg,True,Q,0.9084101319313049,True
Q,/kaggle/input/datasets/grassknoted/asl-alphabet/asl_alphabet_train/asl_alphabet_train/Q/Q1786.jpg,True,Q,0.9187178611755371,True
Q,/kaggle/input/datasets/grassknoted/asl-alphabet/asl_alphabet_train/asl_alphabet_train/Q/Q1900.jpg,False,Q,0.9150082468986511,True
Q,/kaggle/input/datasets/grassknoted/asl-alphabet/asl_alphabet_train/asl_alphabet_train/Q/Q1901.jpg,False,Q,0.9166793823242188,True
Q,/kaggle/input/datasets/grassknoted/asl-alphabet/asl_alphabet_train/asl_alphabet_train/Q/Q1965.jpg,True,Q,0.941892147064209,True
Q,/kaggle/input/datasets/grassknoted/asl-alphabet/asl_alphabet_train/asl_alphabet_train/Q/Q1992.jpg,True,Q,0.9272279143333435,True
Q,/kaggle/input/datasets/grassknoted/asl-alphabet/asl_alphabet_train/asl_alphabet_train/Q/Q200.jpg,True,Q,0.9074876308441162,True
Q,/kaggle/input/datasets/grassknoted/asl-alphabet/asl_alphabet_train/asl_alphabet_train/Q/Q2050.jpg,False,Q,0.9310173392295837,True
Q,/kaggle/input/datasets/grassknoted/asl-alphabet/asl_alphabet_train/asl_alphabet_train/Q/Q2053.jpg,True,Q,0.9026910662651062,True
Q,/kaggle/input/datasets/grassknoted/asl-alphabet/asl_alphabet_train/asl_alphabet_train/Q/Q2084.jpg,False,Q,0.919478178024292,True
Q,/kaggle/input/datasets/grassknoted/asl-alphabet/asl_alphabet_train/asl_alphabet_train/Q/Q2097.jpg,False,Q,0.8945790529251099,True
Q,/kaggle/input/datasets/grassknoted/asl-alphabet/asl_alphabet_train/asl_alphabet_train/Q/Q2104.jpg,True,Q,0.9280267953872681,True
Q,/kaggle/input/datasets/grassknoted/asl-alphabet/asl_alphabet_train/asl_alphabet_train/Q/Q2105.jpg,True,Q,0.9132562875747681,True
Q,/kaggle/input/datasets/grassknoted/asl-alphabet/asl_alphabet_train/asl_alphabet_train/Q/Q2133.jpg,True,Q,0.922053873538971,True
Q,/kaggle/input/datasets/grassknoted/asl-alphabet/asl_alphabet_train/asl_alphabet_train/Q/Q2140.jpg,True,Q,0.9292863011360168,True
Q,/kaggle/input/datasets/grassknoted/asl-alphabet/asl_alphabet_train/asl_alphabet_train/Q/Q2164.jpg,False,Q,0.9224065542221069,True
Q,/kaggle/input/datasets/grassknoted/asl-alphabet/asl_alphabet_train/asl_alphabet_train/Q/Q2283.jpg,False,Q,0.9054097533226013,True
Q,/kaggle/input/datasets/grassknoted/asl-alphabet/asl_alphabet_train/asl_alphabet_train/Q/Q2380.jpg,True,Q,0.906428337097168,True
Q,/kaggle/input/datasets/grassknoted/asl-alphabet/asl_alphabet_train/asl_alphabet_train/Q/Q2410.jpg,True,Q,0.9174056649208069,True
Q,/kaggle/input/datasets/grassknoted/asl-alphabet/asl_alphabet_train/asl_alphabet_train/Q/Q2480.jpg,True,Q,0.884735643863678,True
Q,/kaggle/input/datasets/grassknoted/asl-alphabet/asl_alphabet_train/asl_alphabet_train/Q/Q251.jpg,True,Q,0.9214306473731995,True
Q,/kaggle/input/datasets/grassknoted/asl-alphabet/asl_alphabet_train/asl_alphabet_train/Q/Q2516.jpg,False,Q,0.8933255076408386,True
Q,/kaggle/input/datasets/grassknoted/asl-alphabet/asl_alphabet_train/asl_alphabet_train/Q/Q2517.jpg,False,Q,0.8870128989219666,True
Q,/kaggle/input/datasets/grassknoted/asl-alphabet/asl_alphabet_train/asl_alphabet_train/Q/Q2531.jpg,False,Q,0.8876864910125732,True
Q,/kaggle/input/datasets/grassknoted/asl-alphabet/asl_alphabet_train/asl_alphabet_train/Q/Q2609.jpg,False,Q,0.895645260810852,True
Q,/kaggle/input/datasets/grassknoted/asl-alphabet/asl_alphabet_train/asl_alphabet_train/Q/Q2641.jpg,False,Q,0.8791479468345642,True
Q,/kaggle/input/datasets/grassknoted/asl-alphabet/asl_alphabet_train/asl_alphabet_train/Q/Q2722.jpg,False,Q,0.8952223658561707,True
Q,/kaggle/input/datasets/grassknoted/asl-alphabet/asl_alphabet_train/asl_alphabet_train/Q/Q2754.jpg,False,Q,0.885562539100647,True
Q,/kaggle/input/datasets/grassknoted/asl-alphabet/asl_alphabet_train/asl_alphabet_train/Q/Q2755.jpg,False,Q,0.891166090965271,True
Q,/kaggle/input/datasets/grassknoted/asl-alphabet/asl_alphabet_train/asl_alphabet_train/Q/Q2781.jpg,False,Q,0.8931859731674194,True
Q,/kaggle/input/datasets/grassknoted/asl-alphabet/asl_alphabet_train/asl_alphabet_train/Q/Q2782.jpg,False,Q,0.8809872269630432,True
Q,/kaggle/input/datasets/grassknoted/asl-alphabet/asl_alphabet_train/asl_alphabet_train/Q/Q2795.jpg,False,Q,0.8858228921890259,True
Q,/kaggle/input/datasets/grassknoted/asl-alphabet/asl_alphabet_train/asl_alphabet_train/Q/Q2848.jpg,False,Q,0.8777995705604553,True
Q,/kaggle/input/datasets/grassknoted/asl-alphabet/asl_alphabet_train/asl_alphabet_train/Q/Q2853.jpg,False,Q,0.8853865265846252,True
Q,/kaggle/input/datasets/grassknoted/asl-alphabet/asl_alphabet_train/asl_alphabet_train/Q/Q2937.jpg,False,Q,0.8648278713226318,True
Q,/kaggle/input/datasets/grassknoted/asl-alphabet/asl_alphabet_train/asl_alphabet_train/Q/Q2941.jpg,False,Q,0.8763798475265503,True
Q,/kaggle/input/datasets/grassknoted/asl-alphabet/asl_alphabet_train/asl_alphabet_train/Q/Q2955.jpg,False,Q,0.8813440799713135,True
Q,/kaggle/input/datasets/grassknoted/asl-alphabet/asl_alphabet_train/asl_alphabet_train/Q/Q2967.jpg,True,Q,0.8955693244934082,True
Q,/kaggle/input/datasets/grassknoted/asl-alphabet/asl_alphabet_train/asl_alphabet_train/Q/Q2982.jpg,True,Q,0.891958475112915,True
Q,/kaggle/input/datasets/grassknoted/asl-alphabet/asl_alphabet_train/asl_alphabet_train/Q/Q2986.jpg,True,Q,0.9054321646690369,True
Q,/kaggle/input/datasets/grassknoted/asl-alphabet/asl_alphabet_train/asl_alphabet_train/Q/Q2995.jpg,False,Q,0.8760308027267456,True
Q,/kaggle/input/datasets/grassknoted/asl-alphabet/asl_alphabet_train/asl_alphabet_train/Q/Q3.jpg,True,Q,0.9239217638969421,True
Q,/kaggle/input/datasets/grassknoted/asl-alphabet/asl_alphabet_train/asl_alphabet_train/Q/Q319.jpg,True,Q,0.9208717942237854,True
Q,/kaggle/input/datasets/grassknoted/asl-alphabet/asl_alphabet_train/asl_alphabet_train/Q/Q334.jpg,True,Q,0.9205945134162903,True
Q,/kaggle/input/datasets/grassknoted/asl-alphabet/asl_alphabet_train/asl_alphabet_train/Q/Q341.jpg,True,Q,0.9183510541915894,True
Q,/kaggle/input/datasets/grassknoted/asl-alphabet/asl_alphabet_train/asl_alphabet_train/Q/Q345.jpg,True,Q,0.9057549834251404,True
Q,/kaggle/input/datasets/grassknoted/asl-alphabet/asl_alphabet_train/asl_alphabet_train/Q/Q35.jpg,False,Q,0.9234365224838257,True
Q,/kaggle/input/datasets/grassknoted/asl-alphabet/asl_alphabet_train/asl_alphabet_train/Q/Q350.jpg,True,Q,0.8988604545593262,True
Q,/kaggle/input/datasets/grassknoted/asl-alphabet/asl_alphabet_train/asl_alphabet_train/Q/Q428.jpg,True,Q,0.9037279486656189,True
Q,/kaggle/input/datasets/grassknoted/asl-alphabet/asl_alphabet_train/asl_alphabet_train/Q/Q441.jpg,True,Q,0.9091156125068665,True
Q,/kaggle/input/datasets/grassknoted/asl-alphabet/asl_alphabet_train/asl_alphabet_train/Q/Q458.jpg,True,Q,0.9147495031356812,True
Q,/kaggle/input/datasets/grassknoted/asl-alphabet/asl_alphabet_train/asl_alphabet_train/Q/Q48.jpg,False,Q,0.9226807951927185,True
Q,/kaggle/input/datasets/grassknoted/asl-alphabet/asl_alphabet_train/asl_alphabet_train/Q/Q512.jpg,True,Q,0.9196999669075012,True
Q,/kaggle/input/datasets/grassknoted/asl-alphabet/asl_alphabet_train/asl_alphabet_train/Q/Q529.jpg,True,Q,0.9162114858627319,True
Q,/kaggle/input/datasets/grassknoted/asl-alphabet/asl_alphabet_train/asl_alphabet_train/Q/Q61.jpg,False,Q,0.906123161315918,True
Q,/kaggle/input/datasets/grassknoted/asl-alphabet/asl_alphabet_train/asl_alphabet_train/Q/Q647.jpg,True,Q,0.9080823659896851,True
Q,/kaggle/input/datasets/grassknoted/asl-alphabet/asl_alphabet_train/asl_alphabet_train/Q/Q689.jpg,True,Q,0.9028669595718384,True
Q,/kaggle/input/datasets/grassknoted/asl-alphabet/asl_alphabet_train/asl_alphabet_train/Q/Q697.jpg,True,Q,0.9108389616012573,True
Q,/kaggle/input/datasets/grassknoted/asl-alphabet/asl_alphabet_train/asl_alphabet_train/Q/Q717.jpg,True,Q,0.9059922099113464,True
Q,/kaggle/input/datasets/grassknoted/asl-alphabet/asl_alphabet_train/asl_alphabet_train/Q/Q778.jpg,True,Q,0.8965127468109131,True
Q,/kaggle/input/datasets/grassknoted/asl-alphabet/asl_alphabet_train/asl_alphabet_train/Q/Q785.jpg,True,Q,0.908833920955658,True
Q,/kaggle/input/datasets/grassknoted/asl-alphabet/asl_alphabet_train/asl_alphabet_train/Q/Q828.jpg,True,Q,0.9127902388572693,True
Q,/kaggle/input/datasets/grassknoted/asl-alphabet/asl_alphabet_train/asl_alphabet_train/Q/Q842.jpg,True,Q,0.9123033881187439,True
Q,/kaggle/input/datasets/grassknoted/asl-alphabet/asl_alphabet_train/asl_alphabet_train/Q/Q868.jpg,True,Q,0.8972100615501404,True
Q,/kaggle/input/datasets/grassknoted/asl-alphabet/asl_alphabet_train/asl_alphabet_train/Q/Q902.jpg,True,Q,0.9091706275939941,True
Q,/kaggle/input/datasets/grassknoted/asl-alphabet/asl_alphabet_train/asl_alphabet_train/Q/Q915.jpg,True,Q,0.9012663960456848,True
Q,/kaggle/input/datasets/grassknoted/asl-alphabet/asl_alphabet_train/asl_alphabet_train/Q/Q927.jpg,True,Q,0.9091767072677612,True
Q,/kaggle/input/datasets/grassknoted/asl-alphabet/asl_alphabet_train/asl_alphabet_train/Q/Q940.jpg,True,Q,0.9212977886199951,True
Q,/kaggle/input/datasets/grassknoted/asl-alphabet/asl_alphabet_train/asl_alphabet_train/Q/Q941.jpg,True,Q,0.9187557101249695,True
Q,/kaggle/input/datasets/grassknoted/asl-alphabet/asl_alphabet_train/asl_alphabet_train/Q/Q976.jpg,True,Q,0.916517436504364,True
R,/kaggle/input/datasets/grassknoted/asl-alphabet/asl_alphabet_train/asl_alphabet_train/R/R1019.jpg,True,R,0.9075138568878174,True
R,/kaggle/input/datasets/grassknoted/asl-alphabet/asl_alphabet_train/asl_alphabet_train/R/R1063.jpg,True,R,0.8903743624687195,True
R,/kaggle/input/datasets/grassknoted/asl-alphabet/asl_alphabet_train/asl_alphabet_train/R/R1080.jpg,True,R,0.8964442610740662,True
R,/kaggle/input/datasets/grassknoted/asl-alphabet/asl_alphabet_train/asl_alphabet_train/R/R1134.jpg,True,R,0.9097409248352051,True
R,/kaggle/input/datasets/grassknoted/asl-alphabet/asl_alphabet_train/asl_alphabet_train/R/R1145.jpg,True,R,0.900362491607666,True
R,/kaggle/input/datasets/grassknoted/asl-alphabet/asl_alphabet_train/asl_alphabet_train/R/R1185.jpg,True,R,0.9045186042785645,True
R,/kaggle/input/datasets/grassknoted/asl-alphabet/asl_alphabet_train/asl_alphabet_train/R/R1245.jpg,True,R,0.9045695662498474,True
R,/kaggle/input/datasets/grassknoted/asl-alphabet/asl_alphabet_train/asl_alphabet_train/R/R1255.jpg,True,R,0.8976384401321411,True
R,/kaggle/input/datasets/grassknoted/asl-alphabet/asl_alphabet_train/asl_alphabet_train/R/R141.jpg,True,R,0.9013616442680359,True
R,/kaggle/input/datasets/grassknoted/asl-alphabet/asl_alphabet_train/asl_alphabet_train/R/R1492.jpg,True,R,0.9022037982940674,True
R,/kaggle/input/datasets/grassknoted/asl-alphabet/asl_alphabet_train/asl_alphabet_train/R/R155.jpg,False,R,0.8975503444671631,True
R,/kaggle/input/datasets/grassknoted/asl-alphabet/asl_alphabet_train/asl_alphabet_train/R/R1580.jpg,True,R,0.912932276725769,True
R,/kaggle/input/datasets/grassknoted/asl-alphabet/asl_alphabet_train/asl_alphabet_train/R/R1584.jpg,True,R,0.9034520983695984,True
R,/kaggle/input/datasets/grassknoted/asl-alphabet/asl_alphabet_train/asl_alphabet_train/R/R1585.jpg,True,R,0.901486337184906,True
R,/kaggle/input/datasets/grassknoted/asl-alphabet/asl_alphabet_train/asl_alphabet_train/R/R16.jpg,True,R,0.9011980295181274,True
R,/kaggle/input/datasets/grassknoted/asl-alphabet/asl_alphabet_train/asl_alphabet_train/R/R1623.jpg,True,R,0.8840627670288086,True
R,/kaggle/input/datasets/grassknoted/asl-alphabet/asl_alphabet_train/asl_alphabet_train/R/R1643.jpg,True,R,0.9098381996154785,True
R,/kaggle/input/datasets/grassknoted/asl-alphabet/asl_alphabet_train/asl_alphabet_train/R/R1660.jpg,True,R,0.9008375406265259,True
R,/kaggle/input/datasets/grassknoted/asl-alphabet/asl_alphabet_train/asl_alphabet_train/R/R1661.jpg,True,R,0.8906626105308533,True
R,/kaggle/input/datasets/grassknoted/asl-alphabet/asl_alphabet_train/asl_alphabet_train/R/R1690.jpg,True,R,0.9014288783073425,True
R,/kaggle/input/datasets/grassknoted/asl-alphabet/asl_alphabet_train/asl_alphabet_train/R/R175.jpg,True,R,0.9103623628616333,True
R,/kaggle/input/datasets/grassknoted/asl-alphabet/asl_alphabet_train/asl_alphabet_train/R/R1756.jpg,True,R,0.8908519744873047,True
R,/kaggle/input/datasets/grassknoted/asl-alphabet/asl_alphabet_train/asl_alphabet_train/R/R1780.jpg,True,R,0.8984763026237488,True
R,/kaggle/input/datasets/grassknoted/asl-alphabet/asl_alphabet_train/asl_alphabet_train/R/R1798.jpg,True,R,0.8444768190383911,True
R,/kaggle/input/datasets/grassknoted/asl-alphabet/asl_alphabet_train/asl_alphabet_train/R/R1800.jpg,True,R,0.8712654113769531,True
R,/kaggle/input/datasets/grassknoted/asl-alphabet/asl_alphabet_train/asl_alphabet_train/R/R1853.jpg,True,R,0.8667884469032288,True
R,/kaggle/input/datasets/grassknoted/asl-alphabet/asl_alphabet_train/asl_alphabet_train/R/R1882.jpg,True,R,0.887625515460968,True
R,/kaggle/input/datasets/grassknoted/asl-alphabet/asl_alphabet_train/asl_alphabet_train/R/R1894.jpg,True,R,0.8831933736801147,True
R,/kaggle/input/datasets/grassknoted/asl-alphabet/asl_alphabet_train/asl_alphabet_train/R/R1925.jpg,True,R,0.9042526483535767,True
R,/kaggle/input/datasets/grassknoted/asl-alphabet/asl_alphabet_train/asl_alphabet_train/R/R193.jpg,True,R,0.881648063659668,True
R,/kaggle/input/datasets/grassknoted/asl-alphabet/asl_alphabet_train/asl_alphabet_train/R/R1934.jpg,True,R,0.892489492893219,True
R,/kaggle/input/datasets/grassknoted/asl-alphabet/asl_alphabet_train/asl_alphabet_train/R/R1965.jpg,True,R,0.8979265689849854,True
R,/kaggle/input/datasets/grassknoted/asl-alphabet/asl_alphabet_train/asl_alphabet_train/R/R2010.jpg,True,R,0.8887174129486084,True
R,/kaggle/input/datasets/grassknoted/asl-alphabet/asl_alphabet_train/asl_alphabet_train/R/R203.jpg,True,R,0.9018452167510986,True
R,/kaggle/input/datasets/grassknoted/asl-alphabet/asl_alphabet_train/asl_alphabet_train/R/R2060.jpg,True,R,0.8997564911842346,True
R,/kaggle/input/datasets/grassknoted/asl-alphabet/asl_alphabet_train/asl_alphabet_train/R/R2087.jpg,True,R,0.8825229406356812,True
R,/kaggle/input/datasets/grassknoted/asl-alphabet/asl_alphabet_train/asl_alphabet_train/R/R2101.jpg,True,R,0.853020966053009,True
R,/kaggle/input/datasets/grassknoted/asl-alphabet/asl_alphabet_train/asl_alphabet_train/R/R2113.jpg,True,R,0.8925127983093262,True
R,/kaggle/input/datasets/grassknoted/asl-alphabet/asl_alphabet_train/asl_alphabet_train/R/R2189.jpg,False,R,0.8978176116943359,True
R,/kaggle/input/datasets/grassknoted/asl-alphabet/asl_alphabet_train/asl_alphabet_train/R/R2207.jpg,False,R,0.899684488773346,True
R,/kaggle/input/datasets/grassknoted/asl-alphabet/asl_alphabet_train/asl_alphabet_train/R/R2211.jpg,False,R,0.8965750336647034,True
R,/kaggle/input/datasets/grassknoted/asl-alphabet/asl_alphabet_train/asl_alphabet_train/R/R2247.jpg,True,R,0.8394370675086975,True
R,/kaggle/input/datasets/grassknoted/asl-alphabet/asl_alphabet_train/asl_alphabet_train/R/R2265.jpg,True,R,0.8578202724456787,True
R,/kaggle/input/datasets/grassknoted/asl-alphabet/asl_alphabet_train/asl_alphabet_train/R/R2270.jpg,True,R,0.8580585718154907,True
R,/kaggle/input/datasets/grassknoted/asl-alphabet/asl_alphabet_train/asl_alphabet_train/R/R2321.jpg,True,X,0.39817532896995544,False
R,/kaggle/input/datasets/grassknoted/asl-alphabet/asl_alphabet_train/asl_alphabet_train/R/R2364.jpg,True,R,0.8886615037918091,True
R,/kaggle/input/datasets/grassknoted/asl-alphabet/asl_alphabet_train/asl_alphabet_train/R/R2368.jpg,True,R,0.8845426440238953,True
R,/kaggle/input/datasets/grassknoted/asl-alphabet/asl_alphabet_train/asl_alphabet_train/R/R2408.jpg,True,R,0.9165183305740356,True
R,/kaggle/input/datasets/grassknoted/asl-alphabet/asl_alphabet_train/asl_alphabet_train/R/R2430.jpg,True,R,0.48032283782958984,True
R,/kaggle/input/datasets/grassknoted/asl-alphabet/asl_alphabet_train/asl_alphabet_train/R/R2445.jpg,True,R,0.7379534840583801,True
R,/kaggle/input/datasets/grassknoted/asl-alphabet/asl_alphabet_train/asl_alphabet_train/R/R2474.jpg,True,R,0.7471705079078674,True
R,/kaggle/input/datasets/grassknoted/asl-alphabet/asl_alphabet_train/asl_alphabet_train/R/R2501.jpg,False,R,0.9025884866714478,True
R,/kaggle/input/datasets/grassknoted/asl-alphabet/asl_alphabet_train/asl_alphabet_train/R/R2575.jpg,False,R,0.8900989890098572,True
R,/kaggle/input/datasets/grassknoted/asl-alphabet/asl_alphabet_train/asl_alphabet_train/R/R2588.jpg,False,R,0.8836795091629028,True
R,/kaggle/input/datasets/grassknoted/asl-alphabet/asl_alphabet_train/asl_alphabet_train/R/R261.jpg,True,R,0.9083746075630188,True
R,/kaggle/input/datasets/grassknoted/asl-alphabet/asl_alphabet_train/asl_alphabet_train/R/R2613.jpg,False,R,0.885896623134613,True
R,/kaggle/input/datasets/grassknoted/asl-alphabet/asl_alphabet_train/asl_alphabet_train/R/R2614.jpg,False,R,0.8684368133544922,True
R,/kaggle/input/datasets/grassknoted/asl-alphabet/asl_alphabet_train/asl_alphabet_train/R/R2624.jpg,False,R,0.884025514125824,True
R,/kaggle/input/datasets/grassknoted/asl-alphabet/asl_alphabet_train/asl_alphabet_train/R/R2679.jpg,False,R,0.900312066078186,True
R,/kaggle/input/datasets/grassknoted/asl-alphabet/asl_alphabet_train/asl_alphabet_train/R/R2735.jpg,False,R,0.9063051342964172,True
R,/kaggle/input/datasets/grassknoted/asl-alphabet/asl_alphabet_train/asl_alphabet_train/R/R275.jpg,True,R,0.9011885523796082,True
R,/kaggle/input/datasets/grassknoted/asl-alphabet/asl_alphabet_train/asl_alphabet_train/R/R2772.jpg,True,R,0.9078531861305237,True
R,/kaggle/input/datasets/grassknoted/asl-alphabet/asl_alphabet_train/asl_alphabet_train/R/R2894.jpg,True,R,0.8809481859207153,True
R,/kaggle/input/datasets/grassknoted/asl-alphabet/asl_alphabet_train/asl_alphabet_train/R/R2898.jpg,True,R,0.8727744817733765,True
R,/kaggle/input/datasets/grassknoted/asl-alphabet/asl_alphabet_train/asl_alphabet_train/R/R2924.jpg,True,R,0.7962749004364014,True
R,/kaggle/input/datasets/grassknoted/asl-alphabet/asl_alphabet_train/asl_alphabet_train/R/R2976.jpg,True,R,0.6352363228797913,True
R,/kaggle/input/datasets/grassknoted/asl-alphabet/asl_alphabet_train/asl_alphabet_train/R/R304.jpg,True,R,0.914484441280365,True
R,/kaggle/input/datasets/grassknoted/asl-alphabet/asl_alphabet_train/asl_alphabet_train/R/R306.jpg,True,R,0.9110543131828308,True
R,/kaggle/input/datasets/grassknoted/asl-alphabet/asl_alphabet_train/asl_alphabet_train/R/R310.jpg,True,R,0.9111984968185425,True
R,/kaggle/input/datasets/grassknoted/asl-alphabet/asl_alphabet_train/asl_alphabet_train/R/R321.jpg,True,R,0.9022164344787598,True
R,/kaggle/input/datasets/grassknoted/asl-alphabet/asl_alphabet_train/asl_alphabet_train/R/R342.jpg,True,R,0.9103513360023499,True
R,/kaggle/input/datasets/grassknoted/asl-alphabet/asl_alphabet_train/asl_alphabet_train/R/R366.jpg,True,R,0.8995116353034973,True
R,/kaggle/input/datasets/grassknoted/asl-alphabet/asl_alphabet_train/asl_alphabet_train/R/R382.jpg,True,R,0.9078401327133179,True
R,/kaggle/input/datasets/grassknoted/asl-alphabet/asl_alphabet_train/asl_alphabet_train/R/R383.jpg,True,R,0.911486804485321,True
R,/kaggle/input/datasets/grassknoted/asl-alphabet/asl_alphabet_train/asl_alphabet_train/R/R385.jpg,True,R,0.911308765411377,True
R,/kaggle/input/datasets/grassknoted/asl-alphabet/asl_alphabet_train/asl_alphabet_train/R/R40.jpg,True,R,0.8906086087226868,True
R,/kaggle/input/datasets/grassknoted/asl-alphabet/asl_alphabet_train/asl_alphabet_train/R/R436.jpg,False,R,0.8979640007019043,True
R,/kaggle/input/datasets/grassknoted/asl-alphabet/asl_alphabet_train/asl_alphabet_train/R/R446.jpg,True,R,0.9066463708877563,True
R,/kaggle/input/datasets/grassknoted/asl-alphabet/asl_alphabet_train/asl_alphabet_train/R/R454.jpg,True,R,0.900907576084137,True
R,/kaggle/input/datasets/grassknoted/asl-alphabet/asl_alphabet_train/asl_alphabet_train/R/R487.jpg,True,R,0.8899648785591125,True
R,/kaggle/input/datasets/grassknoted/asl-alphabet/asl_alphabet_train/asl_alphabet_train/R/R506.jpg,False,R,0.9182325601577759,True
R,/kaggle/input/datasets/grassknoted/asl-alphabet/asl_alphabet_train/asl_alphabet_train/R/R551.jpg,True,R,0.912675142288208,True
R,/kaggle/input/datasets/grassknoted/asl-alphabet/asl_alphabet_train/asl_alphabet_train/R/R610.jpg,True,R,0.904665470123291,True
R,/kaggle/input/datasets/grassknoted/asl-alphabet/asl_alphabet_train/asl_alphabet_train/R/R612.jpg,True,R,0.9001368880271912,True
R,/kaggle/input/datasets/grassknoted/asl-alphabet/asl_alphabet_train/asl_alphabet_train/R/R624.jpg,True,R,0.9024034738540649,True
R,/kaggle/input/datasets/grassknoted/asl-alphabet/asl_alphabet_train/asl_alphabet_train/R/R628.jpg,True,R,0.9046886563301086,True
R,/kaggle/input/datasets/grassknoted/asl-alphabet/asl_alphabet_train/asl_alphabet_train/R/R64.jpg,True,R,0.8972529172897339,True
R,/kaggle/input/datasets/grassknoted/asl-alphabet/asl_alphabet_train/asl_alphabet_train/R/R683.jpg,True,R,0.9135992527008057,True
R,/kaggle/input/datasets/grassknoted/asl-alphabet/asl_alphabet_train/asl_alphabet_train/R/R71.jpg,True,R,0.8837910294532776,True
R,/kaggle/input/datasets/grassknoted/asl-alphabet/asl_alphabet_train/asl_alphabet_train/R/R745.jpg,True,R,0.9133176803588867,True
R,/kaggle/input/datasets/grassknoted/asl-alphabet/asl_alphabet_train/asl_alphabet_train/R/R786.jpg,True,R,0.9014054536819458,True
R,/kaggle/input/datasets/grassknoted/asl-alphabet/asl_alphabet_train/asl_alphabet_train/R/R819.jpg,True,R,0.9045553207397461,True
R,/kaggle/input/datasets/grassknoted/asl-alphabet/asl_alphabet_train/asl_alphabet_train/R/R822.jpg,True,R,0.9039267897605896,True
R,/kaggle/input/datasets/grassknoted/asl-alphabet/asl_alphabet_train/asl_alphabet_train/R/R832.jpg,True,R,0.9153451323509216,True
R,/kaggle/input/datasets/grassknoted/asl-alphabet/asl_alphabet_train/asl_alphabet_train/R/R886.jpg,True,R,0.8927069306373596,True
R,/kaggle/input/datasets/grassknoted/asl-alphabet/asl_alphabet_train/asl_alphabet_train/R/R895.jpg,True,R,0.9107875227928162,True
R,/kaggle/input/datasets/grassknoted/asl-alphabet/asl_alphabet_train/asl_alphabet_train/R/R9.jpg,True,R,0.9179691076278687,True
R,/kaggle/input/datasets/grassknoted/asl-alphabet/asl_alphabet_train/asl_alphabet_train/R/R92.jpg,True,R,0.8946520090103149,True
R,/kaggle/input/datasets/grassknoted/asl-alphabet/asl_alphabet_train/asl_alphabet_train/R/R951.jpg,True,R,0.8885469436645508,True
R,/kaggle/input/datasets/grassknoted/asl-alphabet/asl_alphabet_train/asl_alphabet_train/R/R990.jpg,True,R,0.8906056880950928,True
S,/kaggle/input/datasets/grassknoted/asl-alphabet/asl_alphabet_train/asl_alphabet_train/S/S10.jpg,True,S,0.9113905429840088,True
S,/kaggle/input/datasets/grassknoted/asl-alphabet/asl_alphabet_train/asl_alphabet_train/S/S1085.jpg,True,S,0.9282175898551941,True
S,/kaggle/input/datasets/grassknoted/asl-alphabet/asl_alphabet_train/asl_alphabet_train/S/S1097.jpg,True,S,0.9150633215904236,True
S,/kaggle/input/datasets/grassknoted/asl-alphabet/asl_alphabet_train/asl_alphabet_train/S/S1134.jpg,True,S,0.9098886251449585,True
S,/kaggle/input/datasets/grassknoted/asl-alphabet/asl_alphabet_train/asl_alphabet_train/S/S1190.jpg,True,S,0.9211732745170593,True
S,/kaggle/input/datasets/grassknoted/asl-alphabet/asl_alphabet_train/asl_alphabet_train/S/S1194.jpg,True,S,0.9122346639633179,True
S,/kaggle/input/datasets/grassknoted/asl-alphabet/asl_alphabet_train/asl_alphabet_train/S/S1218.jpg,True,S,0.9389756917953491,True
S,/kaggle/input/datasets/grassknoted/asl-alphabet/asl_alphabet_train/asl_alphabet_train/S/S1227.jpg,True,S,0.928654670715332,True
S,/kaggle/input/datasets/grassknoted/asl-alphabet/asl_alphabet_train/asl_alphabet_train/S/S1254.jpg,True,S,0.9038943648338318,True
S,/kaggle/input/datasets/grassknoted/asl-alphabet/asl_alphabet_train/asl_alphabet_train/S/S1290.jpg,True,S,0.8992516398429871,True
S,/kaggle/input/datasets/grassknoted/asl-alphabet/asl_alphabet_train/asl_alphabet_train/S/S1319.jpg,True,S,0.8975692987442017,True
S,/kaggle/input/datasets/grassknoted/asl-alphabet/asl_alphabet_train/asl_alphabet_train/S/S1353.jpg,True,S,0.902421236038208,True
S,/kaggle/input/datasets/grassknoted/asl-alphabet/asl_alphabet_train/asl_alphabet_train/S/S1386.jpg,True,S,0.9291642308235168,True
S,/kaggle/input/datasets/grassknoted/asl-alphabet/asl_alphabet_train/asl_alphabet_train/S/S1406.jpg,True,S,0.9080559611320496,True
S,/kaggle/input/datasets/grassknoted/asl-alphabet/asl_alphabet_train/asl_alphabet_train/S/S1485.jpg,True,S,0.9170255661010742,True
S,/kaggle/input/datasets/grassknoted/asl-alphabet/asl_alphabet_train/asl_alphabet_train/S/S1538.jpg,True,S,0.9033718705177307,True
S,/kaggle/input/datasets/grassknoted/asl-alphabet/asl_alphabet_train/asl_alphabet_train/S/S1565.jpg,True,S,0.9264660477638245,True
S,/kaggle/input/datasets/grassknoted/asl-alphabet/asl_alphabet_train/asl_alphabet_train/S/S1582.jpg,True,S,0.9253528118133545,True
S,/kaggle/input/datasets/grassknoted/asl-alphabet/asl_alphabet_train/asl_alphabet_train/S/S1587.jpg,True,S,0.9169323444366455,True
S,/kaggle/input/datasets/grassknoted/asl-alphabet/asl_alphabet_train/asl_alphabet_train/S/S1627.jpg,True,S,0.917831301689148,True
S,/kaggle/input/datasets/grassknoted/asl-alphabet/asl_alphabet_train/asl_alphabet_train/S/S1650.jpg,True,S,0.9332150816917419,True
S,/kaggle/input/datasets/grassknoted/asl-alphabet/asl_alphabet_train/asl_alphabet_train/S/S1746.jpg,True,S,0.9303128719329834,True
S,/kaggle/input/datasets/grassknoted/asl-alphabet/asl_alphabet_train/asl_alphabet_train/S/S1759.jpg,True,S,0.9238290786743164,True
S,/kaggle/input/datasets/grassknoted/asl-alphabet/asl_alphabet_train/asl_alphabet_train/S/S1771.jpg,True,S,0.9290081262588501,True
S,/kaggle/input/datasets/grassknoted/asl-alphabet/asl_alphabet_train/asl_alphabet_train/S/S1801.jpg,True,S,0.9243380427360535,True
S,/kaggle/input/datasets/grassknoted/asl-alphabet/asl_alphabet_train/asl_alphabet_train/S/S1860.jpg,True,S,0.913270115852356,True
S,/kaggle/input/datasets/grassknoted/asl-alphabet/asl_alphabet_train/asl_alphabet_train/S/S1874.jpg,True,S,0.9213199615478516,True
S,/kaggle/input/datasets/grassknoted/asl-alphabet/asl_alphabet_train/asl_alphabet_train/S/S1889.jpg,True,S,0.9166218638420105,True
S,/kaggle/input/datasets/grassknoted/asl-alphabet/asl_alphabet_train/asl_alphabet_train/S/S1896.jpg,True,S,0.9226043820381165,True
S,/kaggle/input/datasets/grassknoted/asl-alphabet/asl_alphabet_train/asl_alphabet_train/S/S1987.jpg,True,S,0.9359899759292603,True
S,/kaggle/input/datasets/grassknoted/asl-alphabet/asl_alphabet_train/asl_alphabet_train/S/S2079.jpg,True,S,0.9247846603393555,True
S,/kaggle/input/datasets/grassknoted/asl-alphabet/asl_alphabet_train/asl_alphabet_train/S/S2094.jpg,True,S,0.9277153611183167,True
S,/kaggle/input/datasets/grassknoted/asl-alphabet/asl_alphabet_train/asl_alphabet_train/S/S2143.jpg,False,S,0.9135133624076843,True
S,/kaggle/input/datasets/grassknoted/asl-alphabet/asl_alphabet_train/asl_alphabet_train/S/S2149.jpg,True,S,0.9177596569061279,True
S,/kaggle/input/datasets/grassknoted/asl-alphabet/asl_alphabet_train/asl_alphabet_train/S/S2162.jpg,True,S,0.915528416633606,True
S,/kaggle/input/datasets/grassknoted/asl-alphabet/asl_alphabet_train/asl_alphabet_train/S/S2166.jpg,False,S,0.9253677129745483,True
S,/kaggle/input/datasets/grassknoted/asl-alphabet/asl_alphabet_train/asl_alphabet_train/S/S2168.jpg,True,S,0.9236205220222473,True
S,/kaggle/input/datasets/grassknoted/asl-alphabet/asl_alphabet_train/asl_alphabet_train/S/S2179.jpg,True,S,0.9330771565437317,True
S,/kaggle/input/datasets/grassknoted/asl-alphabet/asl_alphabet_train/asl_alphabet_train/S/S2181.jpg,True,S,0.9349072575569153,True
S,/kaggle/input/datasets/grassknoted/asl-alphabet/asl_alphabet_train/asl_alphabet_train/S/S2208.jpg,True,S,0.9200027585029602,True
S,/kaggle/input/datasets/grassknoted/asl-alphabet/asl_alphabet_train/asl_alphabet_train/S/S2229.jpg,True,S,0.9408087134361267,True
S,/kaggle/input/datasets/grassknoted/asl-alphabet/asl_alphabet_train/asl_alphabet_train/S/S2254.jpg,False,S,0.9325759410858154,True
S,/kaggle/input/datasets/grassknoted/asl-alphabet/asl_alphabet_train/asl_alphabet_train/S/S2288.jpg,True,S,0.9240174293518066,True
S,/kaggle/input/datasets/grassknoted/asl-alphabet/asl_alphabet_train/asl_alphabet_train/S/S2309.jpg,True,S,0.9378138780593872,True
S,/kaggle/input/datasets/grassknoted/asl-alphabet/asl_alphabet_train/asl_alphabet_train/S/S2320.jpg,True,S,0.9420838952064514,True
S,/kaggle/input/datasets/grassknoted/asl-alphabet/asl_alphabet_train/asl_alphabet_train/S/S2326.jpg,True,S,0.9298812747001648,True
S,/kaggle/input/datasets/grassknoted/asl-alphabet/asl_alphabet_train/asl_alphabet_train/S/S2376.jpg,True,S,0.9209735989570618,True
S,/kaggle/input/datasets/grassknoted/asl-alphabet/asl_alphabet_train/asl_alphabet_train/S/S2377.jpg,True,S,0.9367950558662415,True
S,/kaggle/input/datasets/grassknoted/asl-alphabet/asl_alphabet_train/asl_alphabet_train/S/S2378.jpg,True,S,0.9261999726295471,True
S,/kaggle/input/datasets/grassknoted/asl-alphabet/asl_alphabet_train/asl_alphabet_train/S/S2408.jpg,True,S,0.9284731149673462,True
S,/kaggle/input/datasets/grassknoted/asl-alphabet/asl_alphabet_train/asl_alphabet_train/S/S2436.jpg,False,S,0.8788524270057678,True
S,/kaggle/input/datasets/grassknoted/asl-alphabet/asl_alphabet_train/asl_alphabet_train/S/S2448.jpg,False,S,0.903237521648407,True
S,/kaggle/input/datasets/grassknoted/asl-alphabet/asl_alphabet_train/asl_alphabet_train/S/S2451.jpg,False,S,0.8893723487854004,True
S,/kaggle/input/datasets/grassknoted/asl-alphabet/asl_alphabet_train/asl_alphabet_train/S/S2453.jpg,False,S,0.8592365384101868,True
S,/kaggle/input/datasets/grassknoted/asl-alphabet/asl_alphabet_train/asl_alphabet_train/S/S2473.jpg,True,S,0.9203124046325684,True
S,/kaggle/input/datasets/grassknoted/asl-alphabet/asl_alphabet_train/asl_alphabet_train/S/S249.jpg,True,S,0.9109398126602173,True
S,/kaggle/input/datasets/grassknoted/asl-alphabet/asl_alphabet_train/asl_alphabet_train/S/S2493.jpg,True,S,0.9126262068748474,True
S,/kaggle/input/datasets/grassknoted/asl-alphabet/asl_alphabet_train/asl_alphabet_train/S/S2579.jpg,False,E,0.5007005929946899,False
S,/kaggle/input/datasets/grassknoted/asl-alphabet/asl_alphabet_train/asl_alphabet_train/S/S2581.jpg,False,E,0.5198928713798523,False
S,/kaggle/input/datasets/grassknoted/asl-alphabet/asl_alphabet_train/asl_alphabet_train/S/S2602.jpg,False,E,0.8226032853126526,False
S,/kaggle/input/datasets/grassknoted/asl-alphabet/asl_alphabet_train/asl_alphabet_train/S/S2605.jpg,False,E,0.46251511573791504,False
S,/kaggle/input/datasets/grassknoted/asl-alphabet/asl_alphabet_train/asl_alphabet_train/S/S2606.jpg,False,E,0.519599437713623,False
S,/kaggle/input/datasets/grassknoted/asl-alphabet/asl_alphabet_train/asl_alphabet_train/S/S2625.jpg,True,S,0.7467067241668701,True
S,/kaggle/input/datasets/grassknoted/asl-alphabet/asl_alphabet_train/asl_alphabet_train/S/S2631.jpg,True,S,0.8123021721839905,True
S,/kaggle/input/datasets/grassknoted/asl-alphabet/asl_alphabet_train/asl_alphabet_train/S/S2639.jpg,False,S,0.7905610799789429,True
S,/kaggle/input/datasets/grassknoted/asl-alphabet/asl_alphabet_train/asl_alphabet_train/S/S2649.jpg,False,S,0.8228797316551208,True
S,/kaggle/input/datasets/grassknoted/asl-alphabet/asl_alphabet_train/asl_alphabet_train/S/S270.jpg,True,S,0.927672266960144,True
S,/kaggle/input/datasets/grassknoted/asl-alphabet/asl_alphabet_train/asl_alphabet_train/S/S2711.jpg,False,S,0.7549111247062683,True
S,/kaggle/input/datasets/grassknoted/asl-alphabet/asl_alphabet_train/asl_alphabet_train/S/S2739.jpg,True,S,0.8456882238388062,True
S,/kaggle/input/datasets/grassknoted/asl-alphabet/asl_alphabet_train/asl_alphabet_train/S/S2777.jpg,True,E,0.4322943687438965,False
S,/kaggle/input/datasets/grassknoted/asl-alphabet/asl_alphabet_train/asl_alphabet_train/S/S2788.jpg,True,E,0.4838556945323944,False
S,/kaggle/input/datasets/grassknoted/asl-alphabet/asl_alphabet_train/asl_alphabet_train/S/S2799.jpg,True,E,0.4022277295589447,False
S,/kaggle/input/datasets/grassknoted/asl-alphabet/asl_alphabet_train/asl_alphabet_train/S/S280.jpg,True,S,0.9023492932319641,True
S,/kaggle/input/datasets/grassknoted/asl-alphabet/asl_alphabet_train/asl_alphabet_train/S/S2825.jpg,True,S,0.38459163904190063,True
S,/kaggle/input/datasets/grassknoted/asl-alphabet/asl_alphabet_train/asl_alphabet_train/S/S2913.jpg,True,S,0.739323616027832,True
S,/kaggle/input/datasets/grassknoted/asl-alphabet/asl_alphabet_train/asl_alphabet_train/S/S292.jpg,True,S,0.922353208065033,True
S,/kaggle/input/datasets/grassknoted/asl-alphabet/asl_alphabet_train/asl_alphabet_train/S/S2965.jpg,False,S,0.5623902678489685,True
S,/kaggle/input/datasets/grassknoted/asl-alphabet/asl_alphabet_train/asl_alphabet_train/S/S2968.jpg,False,S,0.6010960340499878,True
S,/kaggle/input/datasets/grassknoted/asl-alphabet/asl_alphabet_train/asl_alphabet_train/S/S2969.jpg,False,S,0.5972758531570435,True
S,/kaggle/input/datasets/grassknoted/asl-alphabet/asl_alphabet_train/asl_alphabet_train/S/S2978.jpg,False,S,0.5017491579055786,True
S,/kaggle/input/datasets/grassknoted/asl-alphabet/asl_alphabet_train/asl_alphabet_train/S/S2982.jpg,False,E,0.39838162064552307,False
S,/kaggle/input/datasets/grassknoted/asl-alphabet/asl_alphabet_train/asl_alphabet_train/S/S318.jpg,True,S,0.9167768359184265,True
S,/kaggle/input/datasets/grassknoted/asl-alphabet/asl_alphabet_train/asl_alphabet_train/S/S341.jpg,True,S,0.9246560335159302,True
S,/kaggle/input/datasets/grassknoted/asl-alphabet/asl_alphabet_train/asl_alphabet_train/S/S372.jpg,True,S,0.9219527244567871,True
S,/kaggle/input/datasets/grassknoted/asl-alphabet/asl_alphabet_train/asl_alphabet_train/S/S50.jpg,True,S,0.9257283806800842,True
S,/kaggle/input/datasets/grassknoted/asl-alphabet/asl_alphabet_train/asl_alphabet_train/S/S503.jpg,False,S,0.9234140515327454,True
S,/kaggle/input/datasets/grassknoted/asl-alphabet/asl_alphabet_train/asl_alphabet_train/S/S540.jpg,False,S,0.9143669605255127,True
S,/kaggle/input/datasets/grassknoted/asl-alphabet/asl_alphabet_train/asl_alphabet_train/S/S68.jpg,True,S,0.9217682480812073,True
S,/kaggle/input/datasets/grassknoted/asl-alphabet/asl_alphabet_train/asl_alphabet_train/S/S731.jpg,True,S,0.9169520139694214,True
S,/kaggle/input/datasets/grassknoted/asl-alphabet/asl_alphabet_train/asl_alphabet_train/S/S767.jpg,True,S,0.9231740236282349,True
S,/kaggle/input/datasets/grassknoted/asl-alphabet/asl_alphabet_train/asl_alphabet_train/S/S770.jpg,True,S,0.9106835126876831,True
S,/kaggle/input/datasets/grassknoted/asl-alphabet/asl_alphabet_train/asl_alphabet_train/S/S777.jpg,True,S,0.904181957244873,True
S,/kaggle/input/datasets/grassknoted/asl-alphabet/asl_alphabet_train/asl_alphabet_train/S/S852.jpg,True,S,0.9320473670959473,True
S,/kaggle/input/datasets/grassknoted/asl-alphabet/asl_alphabet_train/asl_alphabet_train/S/S856.jpg,True,S,0.9434056282043457,True
S,/kaggle/input/datasets/grassknoted/asl-alphabet/asl_alphabet_train/asl_alphabet_train/S/S879.jpg,True,S,0.9153119325637817,True
S,/kaggle/input/datasets/grassknoted/asl-alphabet/asl_alphabet_train/asl_alphabet_train/S/S881.jpg,True,S,0.9191959500312805,True
S,/kaggle/input/datasets/grassknoted/asl-alphabet/asl_alphabet_train/asl_alphabet_train/S/S896.jpg,True,S,0.9179484844207764,True
S,/kaggle/input/datasets/grassknoted/asl-alphabet/asl_alphabet_train/asl_alphabet_train/S/S933.jpg,True,S,0.9171854257583618,True
S,/kaggle/input/datasets/grassknoted/asl-alphabet/asl_alphabet_train/asl_alphabet_train/S/S966.jpg,True,S,0.9276260733604431,True
S,/kaggle/input/datasets/grassknoted/asl-alphabet/asl_alphabet_train/asl_alphabet_train/S/S980.jpg,True,S,0.9267086982727051,True
T,/kaggle/input/datasets/grassknoted/asl-alphabet/asl_alphabet_train/asl_alphabet_train/T/T1024.jpg,True,T,0.8954463601112366,True
T,/kaggle/input/datasets/grassknoted/asl-alphabet/asl_alphabet_train/asl_alphabet_train/T/T1027.jpg,True,T,0.8779923319816589,True
T,/kaggle/input/datasets/grassknoted/asl-alphabet/asl_alphabet_train/asl_alphabet_train/T/T1047.jpg,True,T,0.8329383730888367,True
T,/kaggle/input/datasets/grassknoted/asl-alphabet/asl_alphabet_train/asl_alphabet_train/T/T1053.jpg,True,T,0.842220664024353,True
T,/kaggle/input/datasets/grassknoted/asl-alphabet/asl_alphabet_train/asl_alphabet_train/T/T1055.jpg,True,T,0.8578575253486633,True
T,/kaggle/input/datasets/grassknoted/asl-alphabet/asl_alphabet_train/asl_alphabet_train/T/T1057.jpg,True,T,0.8620220422744751,True
T,/kaggle/input/datasets/grassknoted/asl-alphabet/asl_alphabet_train/asl_alphabet_train/T/T1112.jpg,True,T,0.8814891576766968,True
T,/kaggle/input/datasets/grassknoted/asl-alphabet/asl_alphabet_train/asl_alphabet_train/T/T1120.jpg,True,T,0.8709978461265564,True
T,/kaggle/input/datasets/grassknoted/asl-alphabet/asl_alphabet_train/asl_alphabet_train/T/T1121.jpg,True,T,0.8739465475082397,True
T,/kaggle/input/datasets/grassknoted/asl-alphabet/asl_alphabet_train/asl_alphabet_train/T/T1142.jpg,True,T,0.8842746019363403,True
T,/kaggle/input/datasets/grassknoted/asl-alphabet/asl_alphabet_train/asl_alphabet_train/T/T1169.jpg,True,T,0.8890098333358765,True
T,/kaggle/input/datasets/grassknoted/asl-alphabet/asl_alphabet_train/asl_alphabet_train/T/T1188.jpg,True,T,0.8814648389816284,True
T,/kaggle/input/datasets/grassknoted/asl-alphabet/asl_alphabet_train/asl_alphabet_train/T/T1269.jpg,True,T,0.8909749984741211,True
T,/kaggle/input/datasets/grassknoted/asl-alphabet/asl_alphabet_train/asl_alphabet_train/T/T1272.jpg,True,T,0.8959134817123413,True
T,/kaggle/input/datasets/grassknoted/asl-alphabet/asl_alphabet_train/asl_alphabet_train/T/T1275.jpg,True,T,0.8804188370704651,True
T,/kaggle/input/datasets/grassknoted/asl-alphabet/asl_alphabet_train/asl_alphabet_train/T/T1279.jpg,True,T,0.8908317685127258,True
T,/kaggle/input/datasets/grassknoted/asl-alphabet/asl_alphabet_train/asl_alphabet_train/T/T1291.jpg,True,T,0.8714127540588379,True
T,/kaggle/input/datasets/grassknoted/asl-alphabet/asl_alphabet_train/asl_alphabet_train/T/T1331.jpg,True,T,0.8733636140823364,True
T,/kaggle/input/datasets/grassknoted/asl-alphabet/asl_alphabet_train/asl_alphabet_train/T/T1373.jpg,True,T,0.8804833889007568,True
T,/kaggle/input/datasets/grassknoted/asl-alphabet/asl_alphabet_train/asl_alphabet_train/T/T1397.jpg,True,T,0.9114264845848083,True
T,/kaggle/input/datasets/grassknoted/asl-alphabet/asl_alphabet_train/asl_alphabet_train/T/T1407.jpg,False,T,0.9059411883354187,True
T,/kaggle/input/datasets/grassknoted/asl-alphabet/asl_alphabet_train/asl_alphabet_train/T/T1460.jpg,True,T,0.9019923210144043,True
T,/kaggle/input/datasets/grassknoted/asl-alphabet/asl_alphabet_train/asl_alphabet_train/T/T1462.jpg,True,T,0.9082285761833191,True
T,/kaggle/input/datasets/grassknoted/asl-alphabet/asl_alphabet_train/asl_alphabet_train/T/T1471.jpg,True,T,0.9074127674102783,True
T,/kaggle/input/datasets/grassknoted/asl-alphabet/asl_alphabet_train/asl_alphabet_train/T/T148.jpg,True,T,0.8991295695304871,True
T,/kaggle/input/datasets/grassknoted/asl-alphabet/asl_alphabet_train/asl_alphabet_train/T/T1520.jpg,True,T,0.896686315536499,True
T,/kaggle/input/datasets/grassknoted/asl-alphabet/asl_alphabet_train/asl_alphabet_train/T/T1537.jpg,True,T,0.8671930432319641,True
T,/kaggle/input/datasets/grassknoted/asl-alphabet/asl_alphabet_train/asl_alphabet_train/T/T1594.jpg,False,T,0.8845050930976868,True
T,/kaggle/input/datasets/grassknoted/asl-alphabet/asl_alphabet_train/asl_alphabet_train/T/T1595.jpg,False,T,0.889878511428833,True
T,/kaggle/input/datasets/grassknoted/asl-alphabet/asl_alphabet_train/asl_alphabet_train/T/T1599.jpg,False,T,0.8655844330787659,True
T,/kaggle/input/datasets/grassknoted/asl-alphabet/asl_alphabet_train/asl_alphabet_train/T/T1601.jpg,False,T,0.8782338500022888,True
T,/kaggle/input/datasets/grassknoted/asl-alphabet/asl_alphabet_train/asl_alphabet_train/T/T1660.jpg,True,T,0.8987544178962708,True
T,/kaggle/input/datasets/grassknoted/asl-alphabet/asl_alphabet_train/asl_alphabet_train/T/T1663.jpg,True,T,0.896251380443573,True
T,/kaggle/input/datasets/grassknoted/asl-alphabet/asl_alphabet_train/asl_alphabet_train/T/T1668.jpg,True,T,0.8902953863143921,True
T,/kaggle/input/datasets/grassknoted/asl-alphabet/asl_alphabet_train/asl_alphabet_train/T/T172.jpg,True,T,0.8937551379203796,True
T,/kaggle/input/datasets/grassknoted/asl-alphabet/asl_alphabet_train/asl_alphabet_train/T/T18.jpg,True,T,0.8954304456710815,True
T,/kaggle/input/datasets/grassknoted/asl-alphabet/asl_alphabet_train/asl_alphabet_train/T/T1827.jpg,True,T,0.9002983570098877,True
T,/kaggle/input/datasets/grassknoted/asl-alphabet/asl_alphabet_train/asl_alphabet_train/T/T1871.jpg,True,T,0.8892856240272522,True
T,/kaggle/input/datasets/grassknoted/asl-alphabet/asl_alphabet_train/asl_alphabet_train/T/T1893.jpg,True,T,0.8970056772232056,True
T,/kaggle/input/datasets/grassknoted/asl-alphabet/asl_alphabet_train/asl_alphabet_train/T/T1941.jpg,True,T,0.902258038520813,True
T,/kaggle/input/datasets/grassknoted/asl-alphabet/asl_alphabet_train/asl_alphabet_train/T/T196.jpg,True,T,0.904018759727478,True
T,/kaggle/input/datasets/grassknoted/asl-alphabet/asl_alphabet_train/asl_alphabet_train/T/T1960.jpg,True,T,0.9130088090896606,True
T,/kaggle/input/datasets/grassknoted/asl-alphabet/asl_alphabet_train/asl_alphabet_train/T/T2008.jpg,True,T,0.929725170135498,True
T,/kaggle/input/datasets/grassknoted/asl-alphabet/asl_alphabet_train/asl_alphabet_train/T/T2167.jpg,True,T,0.9074455499649048,True
T,/kaggle/input/datasets/grassknoted/asl-alphabet/asl_alphabet_train/asl_alphabet_train/T/T2171.jpg,True,T,0.9027469158172607,True
T,/kaggle/input/datasets/grassknoted/asl-alphabet/asl_alphabet_train/asl_alphabet_train/T/T2176.jpg,True,T,0.9035874009132385,True
T,/kaggle/input/datasets/grassknoted/asl-alphabet/asl_alphabet_train/asl_alphabet_train/T/T2192.jpg,True,T,0.9094268679618835,True
T,/kaggle/input/datasets/grassknoted/asl-alphabet/asl_alphabet_train/asl_alphabet_train/T/T2271.jpg,True,T,0.914523720741272,True
T,/kaggle/input/datasets/grassknoted/asl-alphabet/asl_alphabet_train/asl_alphabet_train/T/T2278.jpg,True,T,0.9087787866592407,True
T,/kaggle/input/datasets/grassknoted/asl-alphabet/asl_alphabet_train/asl_alphabet_train/T/T2289.jpg,True,T,0.9147931933403015,True
T,/kaggle/input/datasets/grassknoted/asl-alphabet/asl_alphabet_train/asl_alphabet_train/T/T2314.jpg,False,T,0.916955292224884,True
T,/kaggle/input/datasets/grassknoted/asl-alphabet/asl_alphabet_train/asl_alphabet_train/T/T2366.jpg,True,T,0.8935921788215637,True
T,/kaggle/input/datasets/grassknoted/asl-alphabet/asl_alphabet_train/asl_alphabet_train/T/T2400.jpg,False,T,0.9248793721199036,True
T,/kaggle/input/datasets/grassknoted/asl-alphabet/asl_alphabet_train/asl_alphabet_train/T/T2447.jpg,True,T,0.8558714389801025,True
T,/kaggle/input/datasets/grassknoted/asl-alphabet/asl_alphabet_train/asl_alphabet_train/T/T245.jpg,True,T,0.9131522178649902,True
T,/kaggle/input/datasets/grassknoted/asl-alphabet/asl_alphabet_train/asl_alphabet_train/T/T2456.jpg,True,T,0.750175416469574,True
T,/kaggle/input/datasets/grassknoted/asl-alphabet/asl_alphabet_train/asl_alphabet_train/T/T2457.jpg,True,T,0.7792340517044067,True
T,/kaggle/input/datasets/grassknoted/asl-alphabet/asl_alphabet_train/asl_alphabet_train/T/T2490.jpg,True,T,0.7376944422721863,True
T,/kaggle/input/datasets/grassknoted/asl-alphabet/asl_alphabet_train/asl_alphabet_train/T/T2528.jpg,False,T,0.6802675127983093,True
T,/kaggle/input/datasets/grassknoted/asl-alphabet/asl_alphabet_train/asl_alphabet_train/T/T2572.jpg,False,T,0.37766361236572266,True
T,/kaggle/input/datasets/grassknoted/asl-alphabet/asl_alphabet_train/asl_alphabet_train/T/T2594.jpg,False,L,0.30086860060691833,False
T,/kaggle/input/datasets/grassknoted/asl-alphabet/asl_alphabet_train/asl_alphabet_train/T/T2598.jpg,False,L,0.33120855689048767,False
T,/kaggle/input/datasets/grassknoted/asl-alphabet/asl_alphabet_train/asl_alphabet_train/T/T2625.jpg,False,T,0.4236968457698822,True
T,/kaggle/input/datasets/grassknoted/asl-alphabet/asl_alphabet_train/asl_alphabet_train/T/T2637.jpg,False,T,0.5620433688163757,True
T,/kaggle/input/datasets/grassknoted/asl-alphabet/asl_alphabet_train/asl_alphabet_train/T/T2656.jpg,False,T,0.6099181771278381,True
T,/kaggle/input/datasets/grassknoted/asl-alphabet/asl_alphabet_train/asl_alphabet_train/T/T2671.jpg,False,T,0.7386491298675537,True
T,/kaggle/input/datasets/grassknoted/asl-alphabet/asl_alphabet_train/asl_alphabet_train/T/T2695.jpg,False,T,0.46134746074676514,True
T,/kaggle/input/datasets/grassknoted/asl-alphabet/asl_alphabet_train/asl_alphabet_train/T/T2718.jpg,False,T,0.6526975035667419,True
T,/kaggle/input/datasets/grassknoted/asl-alphabet/asl_alphabet_train/asl_alphabet_train/T/T2726.jpg,False,T,0.567916214466095,True
T,/kaggle/input/datasets/grassknoted/asl-alphabet/asl_alphabet_train/asl_alphabet_train/T/T2752.jpg,False,T,0.7564767003059387,True
T,/kaggle/input/datasets/grassknoted/asl-alphabet/asl_alphabet_train/asl_alphabet_train/T/T278.jpg,True,T,0.8975071310997009,True
T,/kaggle/input/datasets/grassknoted/asl-alphabet/asl_alphabet_train/asl_alphabet_train/T/T2801.jpg,False,T,0.7771478891372681,True
T,/kaggle/input/datasets/grassknoted/asl-alphabet/asl_alphabet_train/asl_alphabet_train/T/T2807.jpg,False,T,0.7579076290130615,True
T,/kaggle/input/datasets/grassknoted/asl-alphabet/asl_alphabet_train/asl_alphabet_train/T/T2872.jpg,False,T,0.5280590057373047,True
T,/kaggle/input/datasets/grassknoted/asl-alphabet/asl_alphabet_train/asl_alphabet_train/T/T2903.jpg,False,T,0.7091812491416931,True
T,/kaggle/input/datasets/grassknoted/asl-alphabet/asl_alphabet_train/asl_alphabet_train/T/T2913.jpg,False,T,0.8508118391036987,True
T,/kaggle/input/datasets/grassknoted/asl-alphabet/asl_alphabet_train/asl_alphabet_train/T/T2926.jpg,False,T,0.7928507924079895,True
T,/kaggle/input/datasets/grassknoted/asl-alphabet/asl_alphabet_train/asl_alphabet_train/T/T2960.jpg,True,T,0.49903157353401184,True
T,/kaggle/input/datasets/grassknoted/asl-alphabet/asl_alphabet_train/asl_alphabet_train/T/T2977.jpg,True,T,0.6604829430580139,True
T,/kaggle/input/datasets/grassknoted/asl-alphabet/asl_alphabet_train/asl_alphabet_train/T/T2983.jpg,True,T,0.6732237935066223,True
T,/kaggle/input/datasets/grassknoted/asl-alphabet/asl_alphabet_train/asl_alphabet_train/T/T358.jpg,True,T,0.9086851477622986,True
T,/kaggle/input/datasets/grassknoted/asl-alphabet/asl_alphabet_train/asl_alphabet_train/T/T385.jpg,True,T,0.8992701768875122,True
T,/kaggle/input/datasets/grassknoted/asl-alphabet/asl_alphabet_train/asl_alphabet_train/T/T415.jpg,True,T,0.888547956943512,True
T,/kaggle/input/datasets/grassknoted/asl-alphabet/asl_alphabet_train/asl_alphabet_train/T/T42.jpg,True,T,0.9024908542633057,True
T,/kaggle/input/datasets/grassknoted/asl-alphabet/asl_alphabet_train/asl_alphabet_train/T/T446.jpg,True,T,0.903348982334137,True
T,/kaggle/input/datasets/grassknoted/asl-alphabet/asl_alphabet_train/asl_alphabet_train/T/T478.jpg,True,T,0.8991644382476807,True
T,/kaggle/input/datasets/grassknoted/asl-alphabet/asl_alphabet_train/asl_alphabet_train/T/T532.jpg,True,T,0.8969138860702515,True
T,/kaggle/input/datasets/grassknoted/asl-alphabet/asl_alphabet_train/asl_alphabet_train/T/T619.jpg,True,T,0.8967230916023254,True
T,/kaggle/input/datasets/grassknoted/asl-alphabet/asl_alphabet_train/asl_alphabet_train/T/T627.jpg,True,T,0.8907589316368103,True
T,/kaggle/input/datasets/grassknoted/asl-alphabet/asl_alphabet_train/asl_alphabet_train/T/T633.jpg,True,T,0.8974330425262451,True
T,/kaggle/input/datasets/grassknoted/asl-alphabet/asl_alphabet_train/asl_alphabet_train/T/T637.jpg,True,T,0.8847496509552002,True
T,/kaggle/input/datasets/grassknoted/asl-alphabet/asl_alphabet_train/asl_alphabet_train/T/T660.jpg,True,T,0.9011350870132446,True
T,/kaggle/input/datasets/grassknoted/asl-alphabet/asl_alphabet_train/asl_alphabet_train/T/T681.jpg,True,T,0.9036272168159485,True
T,/kaggle/input/datasets/grassknoted/asl-alphabet/asl_alphabet_train/asl_alphabet_train/T/T694.jpg,True,T,0.8997284173965454,True
T,/kaggle/input/datasets/grassknoted/asl-alphabet/asl_alphabet_train/asl_alphabet_train/T/T724.jpg,True,T,0.8988133668899536,True
T,/kaggle/input/datasets/grassknoted/asl-alphabet/asl_alphabet_train/asl_alphabet_train/T/T755.jpg,True,T,0.9167070984840393,True
T,/kaggle/input/datasets/grassknoted/asl-alphabet/asl_alphabet_train/asl_alphabet_train/T/T837.jpg,True,T,0.896083652973175,True
T,/kaggle/input/datasets/grassknoted/asl-alphabet/asl_alphabet_train/asl_alphabet_train/T/T853.jpg,True,T,0.895796000957489,True
T,/kaggle/input/datasets/grassknoted/asl-alphabet/asl_alphabet_train/asl_alphabet_train/T/T872.jpg,True,T,0.9080020785331726,True
T,/kaggle/input/datasets/grassknoted/asl-alphabet/asl_alphabet_train/asl_alphabet_train/T/T960.jpg,True,T,0.8808327317237854,True
U,/kaggle/input/datasets/grassknoted/asl-alphabet/asl_alphabet_train/asl_alphabet_train/U/U1013.jpg,True,U,0.9136587381362915,True
U,/kaggle/input/datasets/grassknoted/asl-alphabet/asl_alphabet_train/asl_alphabet_train/U/U1034.jpg,True,U,0.9160283803939819,True
U,/kaggle/input/datasets/grassknoted/asl-alphabet/asl_alphabet_train/asl_alphabet_train/U/U1057.jpg,True,U,0.922552764415741,True
U,/kaggle/input/datasets/grassknoted/asl-alphabet/asl_alphabet_train/asl_alphabet_train/U/U1058.jpg,True,U,0.9219427704811096,True
U,/kaggle/input/datasets/grassknoted/asl-alphabet/asl_alphabet_train/asl_alphabet_train/U/U1065.jpg,True,U,0.9268757104873657,True
U,/kaggle/input/datasets/grassknoted/asl-alphabet/asl_alphabet_train/asl_alphabet_train/U/U1083.jpg,True,U,0.9180728793144226,True
U,/kaggle/input/datasets/grassknoted/asl-alphabet/asl_alphabet_train/asl_alphabet_train/U/U1091.jpg,True,U,0.9241346716880798,True
U,/kaggle/input/datasets/grassknoted/asl-alphabet/asl_alphabet_train/asl_alphabet_train/U/U1123.jpg,True,U,0.9196100831031799,True
U,/kaggle/input/datasets/grassknoted/asl-alphabet/asl_alphabet_train/asl_alphabet_train/U/U1185.jpg,True,U,0.9191797375679016,True
U,/kaggle/input/datasets/grassknoted/asl-alphabet/asl_alphabet_train/asl_alphabet_train/U/U1229.jpg,True,U,0.9299352169036865,True
U,/kaggle/input/datasets/grassknoted/asl-alphabet/asl_alphabet_train/asl_alphabet_train/U/U126.jpg,False,U,0.9056488871574402,True
U,/kaggle/input/datasets/grassknoted/asl-alphabet/asl_alphabet_train/asl_alphabet_train/U/U1268.jpg,True,U,0.9275374412536621,True
U,/kaggle/input/datasets/grassknoted/asl-alphabet/asl_alphabet_train/asl_alphabet_train/U/U1289.jpg,True,U,0.9192676544189453,True
U,/kaggle/input/datasets/grassknoted/asl-alphabet/asl_alphabet_train/asl_alphabet_train/U/U1303.jpg,True,U,0.9071024656295776,True
U,/kaggle/input/datasets/grassknoted/asl-alphabet/asl_alphabet_train/asl_alphabet_train/U/U135.jpg,True,U,0.8954142928123474,True
U,/kaggle/input/datasets/grassknoted/asl-alphabet/asl_alphabet_train/asl_alphabet_train/U/U1366.jpg,True,U,0.9319213628768921,True
U,/kaggle/input/datasets/grassknoted/asl-alphabet/asl_alphabet_train/asl_alphabet_train/U/U1369.jpg,True,U,0.925613284111023,True
U,/kaggle/input/datasets/grassknoted/asl-alphabet/asl_alphabet_train/asl_alphabet_train/U/U1372.jpg,True,U,0.916387677192688,True
U,/kaggle/input/datasets/grassknoted/asl-alphabet/asl_alphabet_train/asl_alphabet_train/U/U1388.jpg,True,U,0.9197612404823303,True
U,/kaggle/input/datasets/grassknoted/asl-alphabet/asl_alphabet_train/asl_alphabet_train/U/U1401.jpg,True,U,0.914705753326416,True
U,/kaggle/input/datasets/grassknoted/asl-alphabet/asl_alphabet_train/asl_alphabet_train/U/U1493.jpg,True,U,0.9133198261260986,True
U,/kaggle/input/datasets/grassknoted/asl-alphabet/asl_alphabet_train/asl_alphabet_train/U/U1499.jpg,True,U,0.9097237586975098,True
U,/kaggle/input/datasets/grassknoted/asl-alphabet/asl_alphabet_train/asl_alphabet_train/U/U1549.jpg,True,U,0.9244741201400757,True
U,/kaggle/input/datasets/grassknoted/asl-alphabet/asl_alphabet_train/asl_alphabet_train/U/U1555.jpg,True,U,0.9441506862640381,True
U,/kaggle/input/datasets/grassknoted/asl-alphabet/asl_alphabet_train/asl_alphabet_train/U/U1660.jpg,True,U,0.8985581994056702,True
U,/kaggle/input/datasets/grassknoted/asl-alphabet/asl_alphabet_train/asl_alphabet_train/U/U1661.jpg,True,U,0.904025673866272,True
U,/kaggle/input/datasets/grassknoted/asl-alphabet/asl_alphabet_train/asl_alphabet_train/U/U1666.jpg,True,U,0.9128812551498413,True
U,/kaggle/input/datasets/grassknoted/asl-alphabet/asl_alphabet_train/asl_alphabet_train/U/U1712.jpg,True,U,0.9127883315086365,True
U,/kaggle/input/datasets/grassknoted/asl-alphabet/asl_alphabet_train/asl_alphabet_train/U/U1714.jpg,True,U,0.9258109331130981,True
U,/kaggle/input/datasets/grassknoted/asl-alphabet/asl_alphabet_train/asl_alphabet_train/U/U1742.jpg,True,U,0.9169927835464478,True
U,/kaggle/input/datasets/grassknoted/asl-alphabet/asl_alphabet_train/asl_alphabet_train/U/U1746.jpg,True,U,0.9043632745742798,True
U,/kaggle/input/datasets/grassknoted/asl-alphabet/asl_alphabet_train/asl_alphabet_train/U/U1758.jpg,True,U,0.9223734140396118,True
U,/kaggle/input/datasets/grassknoted/asl-alphabet/asl_alphabet_train/asl_alphabet_train/U/U181.jpg,True,U,0.9072799682617188,True
U,/kaggle/input/datasets/grassknoted/asl-alphabet/asl_alphabet_train/asl_alphabet_train/U/U1813.jpg,True,U,0.9127015471458435,True
U,/kaggle/input/datasets/grassknoted/asl-alphabet/asl_alphabet_train/asl_alphabet_train/U/U1833.jpg,True,U,0.9118844270706177,True
U,/kaggle/input/datasets/grassknoted/asl-alphabet/asl_alphabet_train/asl_alphabet_train/U/U1864.jpg,True,U,0.9410645365715027,True
U,/kaggle/input/datasets/grassknoted/asl-alphabet/asl_alphabet_train/asl_alphabet_train/U/U1874.jpg,True,U,0.9183997511863708,True
U,/kaggle/input/datasets/grassknoted/asl-alphabet/asl_alphabet_train/asl_alphabet_train/U/U1875.jpg,True,U,0.9060335755348206,True
U,/kaggle/input/datasets/grassknoted/asl-alphabet/asl_alphabet_train/asl_alphabet_train/U/U1878.jpg,True,U,0.913101315498352,True
U,/kaggle/input/datasets/grassknoted/asl-alphabet/asl_alphabet_train/asl_alphabet_train/U/U1888.jpg,True,U,0.9359599947929382,True
U,/kaggle/input/datasets/grassknoted/asl-alphabet/asl_alphabet_train/asl_alphabet_train/U/U1897.jpg,True,U,0.924182653427124,True
U,/kaggle/input/datasets/grassknoted/asl-alphabet/asl_alphabet_train/asl_alphabet_train/U/U1925.jpg,True,U,0.8984219431877136,True
U,/kaggle/input/datasets/grassknoted/asl-alphabet/asl_alphabet_train/asl_alphabet_train/U/U193.jpg,True,U,0.8994565606117249,True
U,/kaggle/input/datasets/grassknoted/asl-alphabet/asl_alphabet_train/asl_alphabet_train/U/U1995.jpg,True,U,0.8938231468200684,True
U,/kaggle/input/datasets/grassknoted/asl-alphabet/asl_alphabet_train/asl_alphabet_train/U/U201.jpg,True,U,0.9098413586616516,True
U,/kaggle/input/datasets/grassknoted/asl-alphabet/asl_alphabet_train/asl_alphabet_train/U/U2052.jpg,True,U,0.9014846086502075,True
U,/kaggle/input/datasets/grassknoted/asl-alphabet/asl_alphabet_train/asl_alphabet_train/U/U2085.jpg,True,U,0.9266096949577332,True
U,/kaggle/input/datasets/grassknoted/asl-alphabet/asl_alphabet_train/asl_alphabet_train/U/U2099.jpg,True,U,0.9199801683425903,True
U,/kaggle/input/datasets/grassknoted/asl-alphabet/asl_alphabet_train/asl_alphabet_train/U/U2100.jpg,True,U,0.9231417775154114,True
U,/kaggle/input/datasets/grassknoted/asl-alphabet/asl_alphabet_train/asl_alphabet_train/U/U2130.jpg,True,U,0.9038889408111572,True
U,/kaggle/input/datasets/grassknoted/asl-alphabet/asl_alphabet_train/asl_alphabet_train/U/U2169.jpg,True,U,0.8940677046775818,True
U,/kaggle/input/datasets/grassknoted/asl-alphabet/asl_alphabet_train/asl_alphabet_train/U/U2173.jpg,True,U,0.8708845376968384,True
U,/kaggle/input/datasets/grassknoted/asl-alphabet/asl_alphabet_train/asl_alphabet_train/U/U2176.jpg,True,U,0.876811683177948,True
U,/kaggle/input/datasets/grassknoted/asl-alphabet/asl_alphabet_train/asl_alphabet_train/U/U2203.jpg,False,U,0.8911818265914917,True
U,/kaggle/input/datasets/grassknoted/asl-alphabet/asl_alphabet_train/asl_alphabet_train/U/U2205.jpg,False,U,0.8871315121650696,True
U,/kaggle/input/datasets/grassknoted/asl-alphabet/asl_alphabet_train/asl_alphabet_train/U/U2218.jpg,False,U,0.8880639672279358,True
U,/kaggle/input/datasets/grassknoted/asl-alphabet/asl_alphabet_train/asl_alphabet_train/U/U2243.jpg,True,U,0.8993929028511047,True
U,/kaggle/input/datasets/grassknoted/asl-alphabet/asl_alphabet_train/asl_alphabet_train/U/U2290.jpg,True,U,0.8617233633995056,True
U,/kaggle/input/datasets/grassknoted/asl-alphabet/asl_alphabet_train/asl_alphabet_train/U/U234.jpg,True,U,0.9058932662010193,True
U,/kaggle/input/datasets/grassknoted/asl-alphabet/asl_alphabet_train/asl_alphabet_train/U/U2365.jpg,True,U,0.8888910412788391,True
U,/kaggle/input/datasets/grassknoted/asl-alphabet/asl_alphabet_train/asl_alphabet_train/U/U2382.jpg,True,U,0.9104934930801392,True
U,/kaggle/input/datasets/grassknoted/asl-alphabet/asl_alphabet_train/asl_alphabet_train/U/U2385.jpg,True,U,0.9086286425590515,True
U,/kaggle/input/datasets/grassknoted/asl-alphabet/asl_alphabet_train/asl_alphabet_train/U/U242.jpg,True,U,0.8993234038352966,True
U,/kaggle/input/datasets/grassknoted/asl-alphabet/asl_alphabet_train/asl_alphabet_train/U/U2435.jpg,True,U,0.7789620757102966,True
U,/kaggle/input/datasets/grassknoted/asl-alphabet/asl_alphabet_train/asl_alphabet_train/U/U2437.jpg,True,U,0.8496361970901489,True
U,/kaggle/input/datasets/grassknoted/asl-alphabet/asl_alphabet_train/asl_alphabet_train/U/U2590.jpg,False,U,0.888189971446991,True
U,/kaggle/input/datasets/grassknoted/asl-alphabet/asl_alphabet_train/asl_alphabet_train/U/U2620.jpg,False,U,0.905408501625061,True
U,/kaggle/input/datasets/grassknoted/asl-alphabet/asl_alphabet_train/asl_alphabet_train/U/U2634.jpg,False,U,0.8939559459686279,True
U,/kaggle/input/datasets/grassknoted/asl-alphabet/asl_alphabet_train/asl_alphabet_train/U/U2697.jpg,False,U,0.8846130967140198,True
U,/kaggle/input/datasets/grassknoted/asl-alphabet/asl_alphabet_train/asl_alphabet_train/U/U2713.jpg,False,U,0.8369263410568237,True
U,/kaggle/input/datasets/grassknoted/asl-alphabet/asl_alphabet_train/asl_alphabet_train/U/U2735.jpg,False,U,0.8817703723907471,True
U,/kaggle/input/datasets/grassknoted/asl-alphabet/asl_alphabet_train/asl_alphabet_train/U/U2751.jpg,False,U,0.8628334403038025,True
U,/kaggle/input/datasets/grassknoted/asl-alphabet/asl_alphabet_train/asl_alphabet_train/U/U2760.jpg,False,U,0.7982959747314453,True
U,/kaggle/input/datasets/grassknoted/asl-alphabet/asl_alphabet_train/asl_alphabet_train/U/U2818.jpg,False,U,0.8488644361495972,True
U,/kaggle/input/datasets/grassknoted/asl-alphabet/asl_alphabet_train/asl_alphabet_train/U/U2819.jpg,False,U,0.8775217533111572,True
U,/kaggle/input/datasets/grassknoted/asl-alphabet/asl_alphabet_train/asl_alphabet_train/U/U2822.jpg,False,U,0.8261638879776001,True
U,/kaggle/input/datasets/grassknoted/asl-alphabet/asl_alphabet_train/asl_alphabet_train/U/U283.jpg,True,U,0.9169110059738159,True
U,/kaggle/input/datasets/grassknoted/asl-alphabet/asl_alphabet_train/asl_alphabet_train/U/U292.jpg,True,U,0.9127799272537231,True
U,/kaggle/input/datasets/grassknoted/asl-alphabet/asl_alphabet_train/asl_alphabet_train/U/U2974.jpg,True,U,0.7922433018684387,True
U,/kaggle/input/datasets/grassknoted/asl-alphabet/asl_alphabet_train/asl_alphabet_train/U/U2976.jpg,True,U,0.802727997303009,True
U,/kaggle/input/datasets/grassknoted/asl-alphabet/asl_alphabet_train/asl_alphabet_train/U/U2984.jpg,True,U,0.8054617047309875,True
U,/kaggle/input/datasets/grassknoted/asl-alphabet/asl_alphabet_train/asl_alphabet_train/U/U324.jpg,True,U,0.9156357645988464,True
U,/kaggle/input/datasets/grassknoted/asl-alphabet/asl_alphabet_train/asl_alphabet_train/U/U330.jpg,True,U,0.9180834889411926,True
U,/kaggle/input/datasets/grassknoted/asl-alphabet/asl_alphabet_train/asl_alphabet_train/U/U344.jpg,True,U,0.909888505935669,True
U,/kaggle/input/datasets/grassknoted/asl-alphabet/asl_alphabet_train/asl_alphabet_train/U/U360.jpg,True,U,0.9098451137542725,True
U,/kaggle/input/datasets/grassknoted/asl-alphabet/asl_alphabet_train/asl_alphabet_train/U/U406.jpg,True,U,0.914338231086731,True
U,/kaggle/input/datasets/grassknoted/asl-alphabet/asl_alphabet_train/asl_alphabet_train/U/U467.jpg,True,U,0.9002302885055542,True
U,/kaggle/input/datasets/grassknoted/asl-alphabet/asl_alphabet_train/asl_alphabet_train/U/U514.jpg,True,U,0.907483696937561,True
U,/kaggle/input/datasets/grassknoted/asl-alphabet/asl_alphabet_train/asl_alphabet_train/U/U519.jpg,True,U,0.9074339270591736,True
U,/kaggle/input/datasets/grassknoted/asl-alphabet/asl_alphabet_train/asl_alphabet_train/U/U540.jpg,True,U,0.9137673377990723,True
U,/kaggle/input/datasets/grassknoted/asl-alphabet/asl_alphabet_train/asl_alphabet_train/U/U545.jpg,True,U,0.9169780611991882,True
U,/kaggle/input/datasets/grassknoted/asl-alphabet/asl_alphabet_train/asl_alphabet_train/U/U568.jpg,True,U,0.9224535226821899,True
U,/kaggle/input/datasets/grassknoted/asl-alphabet/asl_alphabet_train/asl_alphabet_train/U/U595.jpg,True,U,0.9088929295539856,True
U,/kaggle/input/datasets/grassknoted/asl-alphabet/asl_alphabet_train/asl_alphabet_train/U/U634.jpg,True,U,0.9153687953948975,True
U,/kaggle/input/datasets/grassknoted/asl-alphabet/asl_alphabet_train/asl_alphabet_train/U/U808.jpg,False,U,0.8995770215988159,True
U,/kaggle/input/datasets/grassknoted/asl-alphabet/asl_alphabet_train/asl_alphabet_train/U/U838.jpg,True,U,0.8943899869918823,True
U,/kaggle/input/datasets/grassknoted/asl-alphabet/asl_alphabet_train/asl_alphabet_train/U/U94.jpg,False,U,0.8996705412864685,True
U,/kaggle/input/datasets/grassknoted/asl-alphabet/asl_alphabet_train/asl_alphabet_train/U/U941.jpg,True,U,0.8992568850517273,True
U,/kaggle/input/datasets/grassknoted/asl-alphabet/asl_alphabet_train/asl_alphabet_train/U/U988.jpg,True,U,0.9027971625328064,True
U,/kaggle/input/datasets/grassknoted/asl-alphabet/asl_alphabet_train/asl_alphabet_train/U/U991.jpg,True,U,0.9036383628845215,True
V,/kaggle/input/datasets/grassknoted/asl-alphabet/asl_alphabet_train/asl_alphabet_train/V/V1035.jpg,True,V,0.9222372174263,True
V,/kaggle/input/datasets/grassknoted/asl-alphabet/asl_alphabet_train/asl_alphabet_train/V/V1066.jpg,True,V,0.911385178565979,True
V,/kaggle/input/datasets/grassknoted/asl-alphabet/asl_alphabet_train/asl_alphabet_train/V/V1086.jpg,True,V,0.9102787971496582,True
V,/kaggle/input/datasets/grassknoted/asl-alphabet/asl_alphabet_train/asl_alphabet_train/V/V1088.jpg,True,V,0.9129526615142822,True
V,/kaggle/input/datasets/grassknoted/asl-alphabet/asl_alphabet_train/asl_alphabet_train/V/V110.jpg,False,V,0.918998658657074,True
V,/kaggle/input/datasets/grassknoted/asl-alphabet/asl_alphabet_train/asl_alphabet_train/V/V1102.jpg,True,V,0.9173793196678162,True
V,/kaggle/input/datasets/grassknoted/asl-alphabet/asl_alphabet_train/asl_alphabet_train/V/V1108.jpg,True,V,0.9072643518447876,True
V,/kaggle/input/datasets/grassknoted/asl-alphabet/asl_alphabet_train/asl_alphabet_train/V/V1119.jpg,True,V,0.9153137803077698,True
V,/kaggle/input/datasets/grassknoted/asl-alphabet/asl_alphabet_train/asl_alphabet_train/V/V1143.jpg,True,V,0.9046619534492493,True
V,/kaggle/input/datasets/grassknoted/asl-alphabet/asl_alphabet_train/asl_alphabet_train/V/V1181.jpg,True,V,0.9149479866027832,True
V,/kaggle/input/datasets/grassknoted/asl-alphabet/asl_alphabet_train/asl_alphabet_train/V/V1193.jpg,True,V,0.9136574864387512,True
V,/kaggle/input/datasets/grassknoted/asl-alphabet/asl_alphabet_train/asl_alphabet_train/V/V1239.jpg,True,V,0.9190630316734314,True
V,/kaggle/input/datasets/grassknoted/asl-alphabet/asl_alphabet_train/asl_alphabet_train/V/V1262.jpg,True,V,0.9164583086967468,True
V,/kaggle/input/datasets/grassknoted/asl-alphabet/asl_alphabet_train/asl_alphabet_train/V/V1287.jpg,True,V,0.9008832573890686,True
V,/kaggle/input/datasets/grassknoted/asl-alphabet/asl_alphabet_train/asl_alphabet_train/V/V1294.jpg,True,V,0.9027214646339417,True
V,/kaggle/input/datasets/grassknoted/asl-alphabet/asl_alphabet_train/asl_alphabet_train/V/V1323.jpg,True,V,0.8958464860916138,True
V,/kaggle/input/datasets/grassknoted/asl-alphabet/asl_alphabet_train/asl_alphabet_train/V/V1342.jpg,True,V,0.9077498316764832,True
V,/kaggle/input/datasets/grassknoted/asl-alphabet/asl_alphabet_train/asl_alphabet_train/V/V1397.jpg,True,V,0.9255985617637634,True
V,/kaggle/input/datasets/grassknoted/asl-alphabet/asl_alphabet_train/asl_alphabet_train/V/V1429.jpg,True,V,0.9181234836578369,True
V,/kaggle/input/datasets/grassknoted/asl-alphabet/asl_alphabet_train/asl_alphabet_train/V/V1470.jpg,True,V,0.9248046278953552,True
V,/kaggle/input/datasets/grassknoted/asl-alphabet/asl_alphabet_train/asl_alphabet_train/V/V1513.jpg,True,V,0.909679651260376,True
V,/kaggle/input/datasets/grassknoted/asl-alphabet/asl_alphabet_train/asl_alphabet_train/V/V1540.jpg,False,V,0.9211837649345398,True
V,/kaggle/input/datasets/grassknoted/asl-alphabet/asl_alphabet_train/asl_alphabet_train/V/V1559.jpg,True,V,0.9205763936042786,True
V,/kaggle/input/datasets/grassknoted/asl-alphabet/asl_alphabet_train/asl_alphabet_train/V/V1596.jpg,True,V,0.9248510599136353,True
V,/kaggle/input/datasets/grassknoted/asl-alphabet/asl_alphabet_train/asl_alphabet_train/V/V1604.jpg,True,V,0.9279537200927734,True
V,/kaggle/input/datasets/grassknoted/asl-alphabet/asl_alphabet_train/asl_alphabet_train/V/V1625.jpg,True,V,0.9259495735168457,True
V,/kaggle/input/datasets/grassknoted/asl-alphabet/asl_alphabet_train/asl_alphabet_train/V/V1639.jpg,True,V,0.9131473302841187,True
V,/kaggle/input/datasets/grassknoted/asl-alphabet/asl_alphabet_train/asl_alphabet_train/V/V1688.jpg,True,V,0.9236065149307251,True
V,/kaggle/input/datasets/grassknoted/asl-alphabet/asl_alphabet_train/asl_alphabet_train/V/V1695.jpg,True,V,0.9202302098274231,True
V,/kaggle/input/datasets/grassknoted/asl-alphabet/asl_alphabet_train/asl_alphabet_train/V/V1701.jpg,True,V,0.9283180832862854,True
V,/kaggle/input/datasets/grassknoted/asl-alphabet/asl_alphabet_train/asl_alphabet_train/V/V1728.jpg,True,V,0.9121120572090149,True
V,/kaggle/input/datasets/grassknoted/asl-alphabet/asl_alphabet_train/asl_alphabet_train/V/V1729.jpg,True,V,0.9123339653015137,True
V,/kaggle/input/datasets/grassknoted/asl-alphabet/asl_alphabet_train/asl_alphabet_train/V/V1744.jpg,True,V,0.9176695346832275,True
V,/kaggle/input/datasets/grassknoted/asl-alphabet/asl_alphabet_train/asl_alphabet_train/V/V1780.jpg,True,V,0.8913196921348572,True
V,/kaggle/input/datasets/grassknoted/asl-alphabet/asl_alphabet_train/asl_alphabet_train/V/V1781.jpg,True,V,0.906498372554779,True
V,/kaggle/input/datasets/grassknoted/asl-alphabet/asl_alphabet_train/asl_alphabet_train/V/V1847.jpg,True,V,0.8888653516769409,True
V,/kaggle/input/datasets/grassknoted/asl-alphabet/asl_alphabet_train/asl_alphabet_train/V/V1875.jpg,True,V,0.9117066264152527,True
V,/kaggle/input/datasets/grassknoted/asl-alphabet/asl_alphabet_train/asl_alphabet_train/V/V1878.jpg,True,V,0.9185022711753845,True
V,/kaggle/input/datasets/grassknoted/asl-alphabet/asl_alphabet_train/asl_alphabet_train/V/V1894.jpg,True,V,0.9022449254989624,True
V,/kaggle/input/datasets/grassknoted/asl-alphabet/asl_alphabet_train/asl_alphabet_train/V/V1898.jpg,True,V,0.903671383857727,True
V,/kaggle/input/datasets/grassknoted/asl-alphabet/asl_alphabet_train/asl_alphabet_train/V/V1901.jpg,True,V,0.9089362621307373,True
V,/kaggle/input/datasets/grassknoted/asl-alphabet/asl_alphabet_train/asl_alphabet_train/V/V1903.jpg,True,V,0.9025976657867432,True
V,/kaggle/input/datasets/grassknoted/asl-alphabet/asl_alphabet_train/asl_alphabet_train/V/V1906.jpg,True,V,0.9101951718330383,True
V,/kaggle/input/datasets/grassknoted/asl-alphabet/asl_alphabet_train/asl_alphabet_train/V/V1913.jpg,True,V,0.9011236429214478,True
V,/kaggle/input/datasets/grassknoted/asl-alphabet/asl_alphabet_train/asl_alphabet_train/V/V1921.jpg,True,V,0.9001007676124573,True
V,/kaggle/input/datasets/grassknoted/asl-alphabet/asl_alphabet_train/asl_alphabet_train/V/V1939.jpg,True,V,0.9161704778671265,True
V,/kaggle/input/datasets/grassknoted/asl-alphabet/asl_alphabet_train/asl_alphabet_train/V/V1942.jpg,True,V,0.9322754740715027,True
V,/kaggle/input/datasets/grassknoted/asl-alphabet/asl_alphabet_train/asl_alphabet_train/V/V1943.jpg,True,V,0.9221897721290588,True
V,/kaggle/input/datasets/grassknoted/asl-alphabet/asl_alphabet_train/asl_alphabet_train/V/V201.jpg,True,V,0.9109669327735901,True
V,/kaggle/input/datasets/grassknoted/asl-alphabet/asl_alphabet_train/asl_alphabet_train/V/V2029.jpg,True,V,0.9208238124847412,True
V,/kaggle/input/datasets/grassknoted/asl-alphabet/asl_alphabet_train/asl_alphabet_train/V/V2097.jpg,True,V,0.9266960024833679,True
V,/kaggle/input/datasets/grassknoted/asl-alphabet/asl_alphabet_train/asl_alphabet_train/V/V2116.jpg,True,V,0.9113051891326904,True
V,/kaggle/input/datasets/grassknoted/asl-alphabet/asl_alphabet_train/asl_alphabet_train/V/V2122.jpg,True,V,0.9289354085922241,True
V,/kaggle/input/datasets/grassknoted/asl-alphabet/asl_alphabet_train/asl_alphabet_train/V/V2190.jpg,True,V,0.9232010245323181,True
V,/kaggle/input/datasets/grassknoted/asl-alphabet/asl_alphabet_train/asl_alphabet_train/V/V2216.jpg,True,V,0.9135094285011292,True
V,/kaggle/input/datasets/grassknoted/asl-alphabet/asl_alphabet_train/asl_alphabet_train/V/V2290.jpg,True,V,0.9144246578216553,True
V,/kaggle/input/datasets/grassknoted/asl-alphabet/asl_alphabet_train/asl_alphabet_train/V/V2297.jpg,True,V,0.9293320178985596,True
V,/kaggle/input/datasets/grassknoted/asl-alphabet/asl_alphabet_train/asl_alphabet_train/V/V2356.jpg,True,V,0.867386519908905,True
V,/kaggle/input/datasets/grassknoted/asl-alphabet/asl_alphabet_train/asl_alphabet_train/V/V2373.jpg,True,V,0.8920125961303711,True
V,/kaggle/input/datasets/grassknoted/asl-alphabet/asl_alphabet_train/asl_alphabet_train/V/V2392.jpg,True,V,0.9168174266815186,True
V,/kaggle/input/datasets/grassknoted/asl-alphabet/asl_alphabet_train/asl_alphabet_train/V/V2411.jpg,True,V,0.8963457942008972,True
V,/kaggle/input/datasets/grassknoted/asl-alphabet/asl_alphabet_train/asl_alphabet_train/V/V2430.jpg,True,V,0.8914899230003357,True
V,/kaggle/input/datasets/grassknoted/asl-alphabet/asl_alphabet_train/asl_alphabet_train/V/V2451.jpg,True,V,0.8765715956687927,True
V,/kaggle/input/datasets/grassknoted/asl-alphabet/asl_alphabet_train/asl_alphabet_train/V/V2480.jpg,True,V,0.891865611076355,True
V,/kaggle/input/datasets/grassknoted/asl-alphabet/asl_alphabet_train/asl_alphabet_train/V/V2495.jpg,True,V,0.9037105441093445,True
V,/kaggle/input/datasets/grassknoted/asl-alphabet/asl_alphabet_train/asl_alphabet_train/V/V2599.jpg,False,V,0.8659709095954895,True
V,/kaggle/input/datasets/grassknoted/asl-alphabet/asl_alphabet_train/asl_alphabet_train/V/V2607.jpg,False,V,0.7396213412284851,True
V,/kaggle/input/datasets/grassknoted/asl-alphabet/asl_alphabet_train/asl_alphabet_train/V/V261.jpg,True,V,0.8920432329177856,True
V,/kaggle/input/datasets/grassknoted/asl-alphabet/asl_alphabet_train/asl_alphabet_train/V/V2619.jpg,False,V,0.5228015184402466,True
V,/kaggle/input/datasets/grassknoted/asl-alphabet/asl_alphabet_train/asl_alphabet_train/V/V2626.jpg,False,V,0.7895050048828125,True
V,/kaggle/input/datasets/grassknoted/asl-alphabet/asl_alphabet_train/asl_alphabet_train/V/V2704.jpg,False,V,0.8188818693161011,True
V,/kaggle/input/datasets/grassknoted/asl-alphabet/asl_alphabet_train/asl_alphabet_train/V/V2783.jpg,True,V,0.8766642212867737,True
V,/kaggle/input/datasets/grassknoted/asl-alphabet/asl_alphabet_train/asl_alphabet_train/V/V2809.jpg,True,V,0.9112958908081055,True
V,/kaggle/input/datasets/grassknoted/asl-alphabet/asl_alphabet_train/asl_alphabet_train/V/V2874.jpg,True,V,0.795961320400238,True
V,/kaggle/input/datasets/grassknoted/asl-alphabet/asl_alphabet_train/asl_alphabet_train/V/V2884.jpg,True,V,0.851342499256134,True
V,/kaggle/input/datasets/grassknoted/asl-alphabet/asl_alphabet_train/asl_alphabet_train/V/V2942.jpg,True,V,0.9119490385055542,True
V,/kaggle/input/datasets/grassknoted/asl-alphabet/asl_alphabet_train/asl_alphabet_train/V/V2964.jpg,True,V,0.7663584351539612,True
V,/kaggle/input/datasets/grassknoted/asl-alphabet/asl_alphabet_train/asl_alphabet_train/V/V298.jpg,True,V,0.925028383731842,True
V,/kaggle/input/datasets/grassknoted/asl-alphabet/asl_alphabet_train/asl_alphabet_train/V/V320.jpg,True,V,0.9161324501037598,True
V,/kaggle/input/datasets/grassknoted/asl-alphabet/asl_alphabet_train/asl_alphabet_train/V/V330.jpg,True,V,0.9198532104492188,True
V,/kaggle/input/datasets/grassknoted/asl-alphabet/asl_alphabet_train/asl_alphabet_train/V/V362.jpg,True,V,0.9108763337135315,True
V,/kaggle/input/datasets/grassknoted/asl-alphabet/asl_alphabet_train/asl_alphabet_train/V/V371.jpg,True,V,0.9003492593765259,True
V,/kaggle/input/datasets/grassknoted/asl-alphabet/asl_alphabet_train/asl_alphabet_train/V/V386.jpg,True,V,0.9197632670402527,True
V,/kaggle/input/datasets/grassknoted/asl-alphabet/asl_alphabet_train/asl_alphabet_train/V/V423.jpg,True,V,0.8949960470199585,True
V,/kaggle/input/datasets/grassknoted/asl-alphabet/asl_alphabet_train/asl_alphabet_train/V/V45.jpg,False,V,0.9163225889205933,True
V,/kaggle/input/datasets/grassknoted/asl-alphabet/asl_alphabet_train/asl_alphabet_train/V/V485.jpg,True,V,0.8841363787651062,True
V,/kaggle/input/datasets/grassknoted/asl-alphabet/asl_alphabet_train/asl_alphabet_train/V/V498.jpg,True,V,0.9086355566978455,True
V,/kaggle/input/datasets/grassknoted/asl-alphabet/asl_alphabet_train/asl_alphabet_train/V/V527.jpg,True,V,0.9203672409057617,True
V,/kaggle/input/datasets/grassknoted/asl-alphabet/asl_alphabet_train/asl_alphabet_train/V/V657.jpg,True,V,0.9078892469406128,True
V,/kaggle/input/datasets/grassknoted/asl-alphabet/asl_alphabet_train/asl_alphabet_train/V/V688.jpg,True,V,0.9134417772293091,True
V,/kaggle/input/datasets/grassknoted/asl-alphabet/asl_alphabet_train/asl_alphabet_train/V/V737.jpg,True,V,0.9127137660980225,True
V,/kaggle/input/datasets/grassknoted/asl-alphabet/asl_alphabet_train/asl_alphabet_train/V/V764.jpg,False,V,0.9287124276161194,True
V,/kaggle/input/datasets/grassknoted/asl-alphabet/asl_alphabet_train/asl_alphabet_train/V/V769.jpg,True,V,0.9261814951896667,True
V,/kaggle/input/datasets/grassknoted/asl-alphabet/asl_alphabet_train/asl_alphabet_train/V/V797.jpg,True,V,0.9159148931503296,True
V,/kaggle/input/datasets/grassknoted/asl-alphabet/asl_alphabet_train/asl_alphabet_train/V/V801.jpg,True,V,0.912136435508728,True
V,/kaggle/input/datasets/grassknoted/asl-alphabet/asl_alphabet_train/asl_alphabet_train/V/V813.jpg,True,V,0.9154946804046631,True
V,/kaggle/input/datasets/grassknoted/asl-alphabet/asl_alphabet_train/asl_alphabet_train/V/V922.jpg,True,V,0.9202309250831604,True
V,/kaggle/input/datasets/grassknoted/asl-alphabet/asl_alphabet_train/asl_alphabet_train/V/V962.jpg,True,V,0.926444947719574,True
V,/kaggle/input/datasets/grassknoted/asl-alphabet/asl_alphabet_train/asl_alphabet_train/V/V975.jpg,True,V,0.9280553460121155,True
V,/kaggle/input/datasets/grassknoted/asl-alphabet/asl_alphabet_train/asl_alphabet_train/V/V993.jpg,True,V,0.9107771515846252,True
W,/kaggle/input/datasets/grassknoted/asl-alphabet/asl_alphabet_train/asl_alphabet_train/W/W103.jpg,True,W,0.9079170823097229,True
W,/kaggle/input/datasets/grassknoted/asl-alphabet/asl_alphabet_train/asl_alphabet_train/W/W1101.jpg,False,W,0.881820797920227,True
W,/kaggle/input/datasets/grassknoted/asl-alphabet/asl_alphabet_train/asl_alphabet_train/W/W1152.jpg,False,W,0.8898456692695618,True
W,/kaggle/input/datasets/grassknoted/asl-alphabet/asl_alphabet_train/asl_alphabet_train/W/W1175.jpg,True,W,0.8817646503448486,True
W,/kaggle/input/datasets/grassknoted/asl-alphabet/asl_alphabet_train/asl_alphabet_train/W/W1178.jpg,True,W,0.8849527835845947,True
W,/kaggle/input/datasets/grassknoted/asl-alphabet/asl_alphabet_train/asl_alphabet_train/W/W1181.jpg,True,W,0.9012141823768616,True
W,/kaggle/input/datasets/grassknoted/asl-alphabet/asl_alphabet_train/asl_alphabet_train/W/W1231.jpg,True,W,0.9094559550285339,True
W,/kaggle/input/datasets/grassknoted/asl-alphabet/asl_alphabet_train/asl_alphabet_train/W/W1250.jpg,True,W,0.9113191366195679,True
W,/kaggle/input/datasets/grassknoted/asl-alphabet/asl_alphabet_train/asl_alphabet_train/W/W1273.jpg,True,W,0.9082373380661011,True
W,/kaggle/input/datasets/grassknoted/asl-alphabet/asl_alphabet_train/asl_alphabet_train/W/W1274.jpg,True,W,0.9084832072257996,True
W,/kaggle/input/datasets/grassknoted/asl-alphabet/asl_alphabet_train/asl_alphabet_train/W/W13.jpg,False,W,0.9023046493530273,True
W,/kaggle/input/datasets/grassknoted/asl-alphabet/asl_alphabet_train/asl_alphabet_train/W/W1301.jpg,True,W,0.8931465148925781,True
W,/kaggle/input/datasets/grassknoted/asl-alphabet/asl_alphabet_train/asl_alphabet_train/W/W1310.jpg,True,W,0.8937041163444519,True
W,/kaggle/input/datasets/grassknoted/asl-alphabet/asl_alphabet_train/asl_alphabet_train/W/W1316.jpg,True,W,0.886909008026123,True
W,/kaggle/input/datasets/grassknoted/asl-alphabet/asl_alphabet_train/asl_alphabet_train/W/W1366.jpg,True,W,0.9109849333763123,True
W,/kaggle/input/datasets/grassknoted/asl-alphabet/asl_alphabet_train/asl_alphabet_train/W/W1411.jpg,True,W,0.8873860239982605,True
W,/kaggle/input/datasets/grassknoted/asl-alphabet/asl_alphabet_train/asl_alphabet_train/W/W1431.jpg,True,W,0.9211872816085815,True
W,/kaggle/input/datasets/grassknoted/asl-alphabet/asl_alphabet_train/asl_alphabet_train/W/W1472.jpg,True,W,0.896037220954895,True
W,/kaggle/input/datasets/grassknoted/asl-alphabet/asl_alphabet_train/asl_alphabet_train/W/W1489.jpg,True,W,0.8307330012321472,True
W,/kaggle/input/datasets/grassknoted/asl-alphabet/asl_alphabet_train/asl_alphabet_train/W/W1506.jpg,True,W,0.8939374685287476,True
W,/kaggle/input/datasets/grassknoted/asl-alphabet/asl_alphabet_train/asl_alphabet_train/W/W1677.jpg,True,W,0.8896123766899109,True
W,/kaggle/input/datasets/grassknoted/asl-alphabet/asl_alphabet_train/asl_alphabet_train/W/W1678.jpg,True,W,0.8984368443489075,True
W,/kaggle/input/datasets/grassknoted/asl-alphabet/asl_alphabet_train/asl_alphabet_train/W/W1680.jpg,True,W,0.893365740776062,True
W,/kaggle/input/datasets/grassknoted/asl-alphabet/asl_alphabet_train/asl_alphabet_train/W/W1681.jpg,True,W,0.9023247361183167,True
W,/kaggle/input/datasets/grassknoted/asl-alphabet/asl_alphabet_train/asl_alphabet_train/W/W1686.jpg,True,W,0.9098869562149048,True
W,/kaggle/input/datasets/grassknoted/asl-alphabet/asl_alphabet_train/asl_alphabet_train/W/W1687.jpg,True,W,0.908323347568512,True
W,/kaggle/input/datasets/grassknoted/asl-alphabet/asl_alphabet_train/asl_alphabet_train/W/W1773.jpg,True,W,0.9030883312225342,True
W,/kaggle/input/datasets/grassknoted/asl-alphabet/asl_alphabet_train/asl_alphabet_train/W/W1820.jpg,True,W,0.8875020146369934,True
W,/kaggle/input/datasets/grassknoted/asl-alphabet/asl_alphabet_train/asl_alphabet_train/W/W1832.jpg,True,W,0.8897687196731567,True
W,/kaggle/input/datasets/grassknoted/asl-alphabet/asl_alphabet_train/asl_alphabet_train/W/W1838.jpg,True,W,0.8902208209037781,True
W,/kaggle/input/datasets/grassknoted/asl-alphabet/asl_alphabet_train/asl_alphabet_train/W/W1851.jpg,True,W,0.8535180687904358,True
W,/kaggle/input/datasets/grassknoted/asl-alphabet/asl_alphabet_train/asl_alphabet_train/W/W1862.jpg,True,W,0.8516474962234497,True
W,/kaggle/input/datasets/grassknoted/asl-alphabet/asl_alphabet_train/asl_alphabet_train/W/W1869.jpg,True,W,0.8748753666877747,True
W,/kaggle/input/datasets/grassknoted/asl-alphabet/asl_alphabet_train/asl_alphabet_train/W/W188.jpg,True,W,0.8987255096435547,True
W,/kaggle/input/datasets/grassknoted/asl-alphabet/asl_alphabet_train/asl_alphabet_train/W/W1881.jpg,True,W,0.8920263648033142,True
W,/kaggle/input/datasets/grassknoted/asl-alphabet/asl_alphabet_train/asl_alphabet_train/W/W1909.jpg,True,W,0.9091439247131348,True
W,/kaggle/input/datasets/grassknoted/asl-alphabet/asl_alphabet_train/asl_alphabet_train/W/W1916.jpg,True,W,0.9131167531013489,True
W,/kaggle/input/datasets/grassknoted/asl-alphabet/asl_alphabet_train/asl_alphabet_train/W/W1922.jpg,True,W,0.900660514831543,True
W,/kaggle/input/datasets/grassknoted/asl-alphabet/asl_alphabet_train/asl_alphabet_train/W/W1946.jpg,True,W,0.9206414818763733,True
W,/kaggle/input/datasets/grassknoted/asl-alphabet/asl_alphabet_train/asl_alphabet_train/W/W1994.jpg,True,W,0.8850561380386353,True
W,/kaggle/input/datasets/grassknoted/asl-alphabet/asl_alphabet_train/asl_alphabet_train/W/W1996.jpg,True,W,0.8962169885635376,True
W,/kaggle/input/datasets/grassknoted/asl-alphabet/asl_alphabet_train/asl_alphabet_train/W/W2000.jpg,True,W,0.9098594784736633,True
W,/kaggle/input/datasets/grassknoted/asl-alphabet/asl_alphabet_train/asl_alphabet_train/W/W2050.jpg,True,W,0.8855355978012085,True
W,/kaggle/input/datasets/grassknoted/asl-alphabet/asl_alphabet_train/asl_alphabet_train/W/W2081.jpg,True,W,0.8896157145500183,True
W,/kaggle/input/datasets/grassknoted/asl-alphabet/asl_alphabet_train/asl_alphabet_train/W/W211.jpg,True,W,0.9039803147315979,True
W,/kaggle/input/datasets/grassknoted/asl-alphabet/asl_alphabet_train/asl_alphabet_train/W/W2169.jpg,True,W,0.9113336205482483,True
W,/kaggle/input/datasets/grassknoted/asl-alphabet/asl_alphabet_train/asl_alphabet_train/W/W2197.jpg,False,W,0.9198728799819946,True
W,/kaggle/input/datasets/grassknoted/asl-alphabet/asl_alphabet_train/asl_alphabet_train/W/W2205.jpg,False,W,0.8894787430763245,True
W,/kaggle/input/datasets/grassknoted/asl-alphabet/asl_alphabet_train/asl_alphabet_train/W/W2244.jpg,False,W,0.9171660542488098,True
W,/kaggle/input/datasets/grassknoted/asl-alphabet/asl_alphabet_train/asl_alphabet_train/W/W2277.jpg,True,W,0.9149644374847412,True
W,/kaggle/input/datasets/grassknoted/asl-alphabet/asl_alphabet_train/asl_alphabet_train/W/W228.jpg,True,W,0.919940710067749,True
W,/kaggle/input/datasets/grassknoted/asl-alphabet/asl_alphabet_train/asl_alphabet_train/W/W2297.jpg,True,W,0.9202222228050232,True
W,/kaggle/input/datasets/grassknoted/asl-alphabet/asl_alphabet_train/asl_alphabet_train/W/W2314.jpg,True,W,0.9249306917190552,True
W,/kaggle/input/datasets/grassknoted/asl-alphabet/asl_alphabet_train/asl_alphabet_train/W/W2334.jpg,True,W,0.8668728470802307,True
W,/kaggle/input/datasets/grassknoted/asl-alphabet/asl_alphabet_train/asl_alphabet_train/W/W2343.jpg,True,W,0.8841919302940369,True
W,/kaggle/input/datasets/grassknoted/asl-alphabet/asl_alphabet_train/asl_alphabet_train/W/W2472.jpg,True,W,0.9146589636802673,True
W,/kaggle/input/datasets/grassknoted/asl-alphabet/asl_alphabet_train/asl_alphabet_train/W/W2473.jpg,True,W,0.9196914434432983,True
W,/kaggle/input/datasets/grassknoted/asl-alphabet/asl_alphabet_train/asl_alphabet_train/W/W2550.jpg,False,W,0.7598053216934204,True
W,/kaggle/input/datasets/grassknoted/asl-alphabet/asl_alphabet_train/asl_alphabet_train/W/W2554.jpg,False,W,0.5228791832923889,True
W,/kaggle/input/datasets/grassknoted/asl-alphabet/asl_alphabet_train/asl_alphabet_train/W/W2565.jpg,True,W,0.7699558138847351,True
W,/kaggle/input/datasets/grassknoted/asl-alphabet/asl_alphabet_train/asl_alphabet_train/W/W258.jpg,True,W,0.9167211055755615,True
W,/kaggle/input/datasets/grassknoted/asl-alphabet/asl_alphabet_train/asl_alphabet_train/W/W2583.jpg,True,W,0.8039411902427673,True
W,/kaggle/input/datasets/grassknoted/asl-alphabet/asl_alphabet_train/asl_alphabet_train/W/W264.jpg,True,W,0.9125239253044128,True
W,/kaggle/input/datasets/grassknoted/asl-alphabet/asl_alphabet_train/asl_alphabet_train/W/W2742.jpg,False,W,0.7793493270874023,True
W,/kaggle/input/datasets/grassknoted/asl-alphabet/asl_alphabet_train/asl_alphabet_train/W/W2753.jpg,False,W,0.7910881042480469,True
W,/kaggle/input/datasets/grassknoted/asl-alphabet/asl_alphabet_train/asl_alphabet_train/W/W2760.jpg,False,W,0.6308249831199646,True
W,/kaggle/input/datasets/grassknoted/asl-alphabet/asl_alphabet_train/asl_alphabet_train/W/W2820.jpg,False,W,0.8402071595191956,True
W,/kaggle/input/datasets/grassknoted/asl-alphabet/asl_alphabet_train/asl_alphabet_train/W/W2886.jpg,True,W,0.8669953942298889,True
W,/kaggle/input/datasets/grassknoted/asl-alphabet/asl_alphabet_train/asl_alphabet_train/W/W2888.jpg,True,W,0.8631355166435242,True
W,/kaggle/input/datasets/grassknoted/asl-alphabet/asl_alphabet_train/asl_alphabet_train/W/W2897.jpg,True,W,0.7729032635688782,True
W,/kaggle/input/datasets/grassknoted/asl-alphabet/asl_alphabet_train/asl_alphabet_train/W/W291.jpg,True,W,0.9067208766937256,True
W,/kaggle/input/datasets/grassknoted/asl-alphabet/asl_alphabet_train/asl_alphabet_train/W/W2968.jpg,True,W,0.5642305612564087,True
W,/kaggle/input/datasets/grassknoted/asl-alphabet/asl_alphabet_train/asl_alphabet_train/W/W313.jpg,True,W,0.904395341873169,True
W,/kaggle/input/datasets/grassknoted/asl-alphabet/asl_alphabet_train/asl_alphabet_train/W/W322.jpg,True,W,0.9013998508453369,True
W,/kaggle/input/datasets/grassknoted/asl-alphabet/asl_alphabet_train/asl_alphabet_train/W/W345.jpg,True,W,0.917893648147583,True
W,/kaggle/input/datasets/grassknoted/asl-alphabet/asl_alphabet_train/asl_alphabet_train/W/W438.jpg,True,W,0.9025756120681763,True
W,/kaggle/input/datasets/grassknoted/asl-alphabet/asl_alphabet_train/asl_alphabet_train/W/W448.jpg,True,W,0.9077107310295105,True
W,/kaggle/input/datasets/grassknoted/asl-alphabet/asl_alphabet_train/asl_alphabet_train/W/W593.jpg,True,W,0.8860815763473511,True
W,/kaggle/input/datasets/grassknoted/asl-alphabet/asl_alphabet_train/asl_alphabet_train/W/W597.jpg,False,W,0.8880855441093445,True
W,/kaggle/input/datasets/grassknoted/asl-alphabet/asl_alphabet_train/asl_alphabet_train/W/W613.jpg,True,W,0.9027020335197449,True
W,/kaggle/input/datasets/grassknoted/asl-alphabet/asl_alphabet_train/asl_alphabet_train/W/W656.jpg,False,W,0.8912324905395508,True
W,/kaggle/input/datasets/grassknoted/asl-alphabet/asl_alphabet_train/asl_alphabet_train/W/W66.jpg,False,W,0.8917626738548279,True
W,/kaggle/input/datasets/grassknoted/asl-alphabet/asl_alphabet_train/asl_alphabet_train/W/W688.jpg,True,W,0.906880259513855,True
W,/kaggle/input/datasets/grassknoted/asl-alphabet/asl_alphabet_train/asl_alphabet_train/W/W691.jpg,True,W,0.918397843837738,True
W,/kaggle/input/datasets/grassknoted/asl-alphabet/asl_alphabet_train/asl_alphabet_train/W/W700.jpg,True,W,0.9213224649429321,True
W,/kaggle/input/datasets/grassknoted/asl-alphabet/asl_alphabet_train/asl_alphabet_train/W/W726.jpg,True,W,0.9178122878074646,True
W,/kaggle/input/datasets/grassknoted/asl-alphabet/asl_alphabet_train/asl_alphabet_train/W/W746.jpg,True,W,0.9270333647727966,True
W,/kaggle/input/datasets/grassknoted/asl-alphabet/asl_alphabet_train/asl_alphabet_train/W/W749.jpg,True,W,0.9287207722663879,True
W,/kaggle/input/datasets/grassknoted/asl-alphabet/asl_alphabet_train/asl_alphabet_train/W/W755.jpg,True,W,0.9283064603805542,True
W,/kaggle/input/datasets/grassknoted/asl-alphabet/asl_alphabet_train/asl_alphabet_train/W/W766.jpg,True,W,0.9217379689216614,True
W,/kaggle/input/datasets/grassknoted/asl-alphabet/asl_alphabet_train/asl_alphabet_train/W/W773.jpg,True,W,0.9091083407402039,True
W,/kaggle/input/datasets/grassknoted/asl-alphabet/asl_alphabet_train/asl_alphabet_train/W/W822.jpg,True,W,0.9240423440933228,True
W,/kaggle/input/datasets/grassknoted/asl-alphabet/asl_alphabet_train/asl_alphabet_train/W/W832.jpg,True,W,0.9148146510124207,True
W,/kaggle/input/datasets/grassknoted/asl-alphabet/asl_alphabet_train/asl_alphabet_train/W/W855.jpg,True,W,0.9114153981208801,True
W,/kaggle/input/datasets/grassknoted/asl-alphabet/asl_alphabet_train/asl_alphabet_train/W/W934.jpg,True,W,0.9094914793968201,True
W,/kaggle/input/datasets/grassknoted/asl-alphabet/asl_alphabet_train/asl_alphabet_train/W/W945.jpg,True,W,0.8926522135734558,True
W,/kaggle/input/datasets/grassknoted/asl-alphabet/asl_alphabet_train/asl_alphabet_train/W/W948.jpg,True,W,0.9005997180938721,True
W,/kaggle/input/datasets/grassknoted/asl-alphabet/asl_alphabet_train/asl_alphabet_train/W/W961.jpg,True,W,0.9176858067512512,True
W,/kaggle/input/datasets/grassknoted/asl-alphabet/asl_alphabet_train/asl_alphabet_train/W/W968.jpg,True,W,0.9252001047134399,True
W,/kaggle/input/datasets/grassknoted/asl-alphabet/asl_alphabet_train/asl_alphabet_train/W/W981.jpg,True,W,0.9260901808738708,True
X,/kaggle/input/datasets/grassknoted/asl-alphabet/asl_alphabet_train/asl_alphabet_train/X/X1005.jpg,True,X,0.9250622391700745,True
X,/kaggle/input/datasets/grassknoted/asl-alphabet/asl_alphabet_train/asl_alphabet_train/X/X1010.jpg,True,X,0.9355527758598328,True
X,/kaggle/input/datasets/grassknoted/asl-alphabet/asl_alphabet_train/asl_alphabet_train/X/X1069.jpg,True,X,0.9208749532699585,True
X,/kaggle/input/datasets/grassknoted/asl-alphabet/asl_alphabet_train/asl_alphabet_train/X/X1085.jpg,True,X,0.9324436187744141,True
X,/kaggle/input/datasets/grassknoted/asl-alphabet/asl_alphabet_train/asl_alphabet_train/X/X1101.jpg,True,X,0.942240297794342,True
X,/kaggle/input/datasets/grassknoted/asl-alphabet/asl_alphabet_train/asl_alphabet_train/X/X1111.jpg,True,X,0.9414316415786743,True
X,/kaggle/input/datasets/grassknoted/asl-alphabet/asl_alphabet_train/asl_alphabet_train/X/X1177.jpg,True,X,0.9318539500236511,True
X,/kaggle/input/datasets/grassknoted/asl-alphabet/asl_alphabet_train/asl_alphabet_train/X/X119.jpg,False,X,0.9246302247047424,True
X,/kaggle/input/datasets/grassknoted/asl-alphabet/asl_alphabet_train/asl_alphabet_train/X/X1207.jpg,True,X,0.935160219669342,True
X,/kaggle/input/datasets/grassknoted/asl-alphabet/asl_alphabet_train/asl_alphabet_train/X/X1212.jpg,True,X,0.9266875386238098,True
X,/kaggle/input/datasets/grassknoted/asl-alphabet/asl_alphabet_train/asl_alphabet_train/X/X1242.jpg,True,X,0.9302937984466553,True
X,/kaggle/input/datasets/grassknoted/asl-alphabet/asl_alphabet_train/asl_alphabet_train/X/X1257.jpg,True,X,0.9324505925178528,True
X,/kaggle/input/datasets/grassknoted/asl-alphabet/asl_alphabet_train/asl_alphabet_train/X/X1268.jpg,True,X,0.9255411624908447,True
X,/kaggle/input/datasets/grassknoted/asl-alphabet/asl_alphabet_train/asl_alphabet_train/X/X1326.jpg,True,X,0.9365267753601074,True
X,/kaggle/input/datasets/grassknoted/asl-alphabet/asl_alphabet_train/asl_alphabet_train/X/X1355.jpg,True,X,0.9312507510185242,True
X,/kaggle/input/datasets/grassknoted/asl-alphabet/asl_alphabet_train/asl_alphabet_train/X/X1371.jpg,True,X,0.9437487721443176,True
X,/kaggle/input/datasets/grassknoted/asl-alphabet/asl_alphabet_train/asl_alphabet_train/X/X1391.jpg,True,X,0.9285262823104858,True
X,/kaggle/input/datasets/grassknoted/asl-alphabet/asl_alphabet_train/asl_alphabet_train/X/X1415.jpg,True,X,0.9309003949165344,True
X,/kaggle/input/datasets/grassknoted/asl-alphabet/asl_alphabet_train/asl_alphabet_train/X/X143.jpg,False,X,0.9302341938018799,True
X,/kaggle/input/datasets/grassknoted/asl-alphabet/asl_alphabet_train/asl_alphabet_train/X/X1463.jpg,True,X,0.9346855878829956,True
X,/kaggle/input/datasets/grassknoted/asl-alphabet/asl_alphabet_train/asl_alphabet_train/X/X1479.jpg,True,X,0.9348601698875427,True
X,/kaggle/input/datasets/grassknoted/asl-alphabet/asl_alphabet_train/asl_alphabet_train/X/X1505.jpg,True,X,0.9321543574333191,True
X,/kaggle/input/datasets/grassknoted/asl-alphabet/asl_alphabet_train/asl_alphabet_train/X/X152.jpg,False,X,0.9377598762512207,True
X,/kaggle/input/datasets/grassknoted/asl-alphabet/asl_alphabet_train/asl_alphabet_train/X/X153.jpg,False,X,0.9375062584877014,True
X,/kaggle/input/datasets/grassknoted/asl-alphabet/asl_alphabet_train/asl_alphabet_train/X/X1554.jpg,True,X,0.9357023239135742,True
X,/kaggle/input/datasets/grassknoted/asl-alphabet/asl_alphabet_train/asl_alphabet_train/X/X1559.jpg,True,X,0.9395742416381836,True
X,/kaggle/input/datasets/grassknoted/asl-alphabet/asl_alphabet_train/asl_alphabet_train/X/X1560.jpg,True,X,0.9313183426856995,True
X,/kaggle/input/datasets/grassknoted/asl-alphabet/asl_alphabet_train/asl_alphabet_train/X/X1566.jpg,True,X,0.9352037906646729,True
X,/kaggle/input/datasets/grassknoted/asl-alphabet/asl_alphabet_train/asl_alphabet_train/X/X1631.jpg,True,X,0.9293721914291382,True
X,/kaggle/input/datasets/grassknoted/asl-alphabet/asl_alphabet_train/asl_alphabet_train/X/X1701.jpg,True,X,0.9381120204925537,True
X,/kaggle/input/datasets/grassknoted/asl-alphabet/asl_alphabet_train/asl_alphabet_train/X/X1717.jpg,True,X,0.9376656413078308,True
X,/kaggle/input/datasets/grassknoted/asl-alphabet/asl_alphabet_train/asl_alphabet_train/X/X173.jpg,True,X,0.9329605102539062,True
X,/kaggle/input/datasets/grassknoted/asl-alphabet/asl_alphabet_train/asl_alphabet_train/X/X1762.jpg,True,X,0.9339396953582764,True
X,/kaggle/input/datasets/grassknoted/asl-alphabet/asl_alphabet_train/asl_alphabet_train/X/X1763.jpg,True,X,0.9404115080833435,True
X,/kaggle/input/datasets/grassknoted/asl-alphabet/asl_alphabet_train/asl_alphabet_train/X/X1773.jpg,True,X,0.937754213809967,True
X,/kaggle/input/datasets/grassknoted/asl-alphabet/asl_alphabet_train/asl_alphabet_train/X/X1782.jpg,True,X,0.9370545744895935,True
X,/kaggle/input/datasets/grassknoted/asl-alphabet/asl_alphabet_train/asl_alphabet_train/X/X1783.jpg,True,X,0.9364065527915955,True
X,/kaggle/input/datasets/grassknoted/asl-alphabet/asl_alphabet_train/asl_alphabet_train/X/X1804.jpg,True,X,0.9354324340820312,True
X,/kaggle/input/datasets/grassknoted/asl-alphabet/asl_alphabet_train/asl_alphabet_train/X/X1823.jpg,True,X,0.9364473223686218,True
X,/kaggle/input/datasets/grassknoted/asl-alphabet/asl_alphabet_train/asl_alphabet_train/X/X1825.jpg,True,X,0.9340177774429321,True
X,/kaggle/input/datasets/grassknoted/asl-alphabet/asl_alphabet_train/asl_alphabet_train/X/X1839.jpg,True,X,0.9275714159011841,True
X,/kaggle/input/datasets/grassknoted/asl-alphabet/asl_alphabet_train/asl_alphabet_train/X/X1856.jpg,True,X,0.921787679195404,True
X,/kaggle/input/datasets/grassknoted/asl-alphabet/asl_alphabet_train/asl_alphabet_train/X/X1887.jpg,True,X,0.9463886022567749,True
X,/kaggle/input/datasets/grassknoted/asl-alphabet/asl_alphabet_train/asl_alphabet_train/X/X1934.jpg,True,X,0.9339115023612976,True
X,/kaggle/input/datasets/grassknoted/asl-alphabet/asl_alphabet_train/asl_alphabet_train/X/X1997.jpg,False,X,0.9503860473632812,True
X,/kaggle/input/datasets/grassknoted/asl-alphabet/asl_alphabet_train/asl_alphabet_train/X/X2010.jpg,True,X,0.9287393689155579,True
X,/kaggle/input/datasets/grassknoted/asl-alphabet/asl_alphabet_train/asl_alphabet_train/X/X2019.jpg,True,X,0.9217972159385681,True
X,/kaggle/input/datasets/grassknoted/asl-alphabet/asl_alphabet_train/asl_alphabet_train/X/X2039.jpg,True,X,0.9094541668891907,True
X,/kaggle/input/datasets/grassknoted/asl-alphabet/asl_alphabet_train/asl_alphabet_train/X/X2061.jpg,True,X,0.9192959666252136,True
X,/kaggle/input/datasets/grassknoted/asl-alphabet/asl_alphabet_train/asl_alphabet_train/X/X2076.jpg,False,X,0.9249972105026245,True
X,/kaggle/input/datasets/grassknoted/asl-alphabet/asl_alphabet_train/asl_alphabet_train/X/X2126.jpg,True,X,0.953467607498169,True
X,/kaggle/input/datasets/grassknoted/asl-alphabet/asl_alphabet_train/asl_alphabet_train/X/X2139.jpg,True,X,0.9319104552268982,True
X,/kaggle/input/datasets/grassknoted/asl-alphabet/asl_alphabet_train/asl_alphabet_train/X/X215.jpg,True,X,0.9314562082290649,True
X,/kaggle/input/datasets/grassknoted/asl-alphabet/asl_alphabet_train/asl_alphabet_train/X/X2152.jpg,True,X,0.9520720839500427,True
X,/kaggle/input/datasets/grassknoted/asl-alphabet/asl_alphabet_train/asl_alphabet_train/X/X2241.jpg,True,X,0.9497628211975098,True
X,/kaggle/input/datasets/grassknoted/asl-alphabet/asl_alphabet_train/asl_alphabet_train/X/X2280.jpg,False,X,0.9432790279388428,True
X,/kaggle/input/datasets/grassknoted/asl-alphabet/asl_alphabet_train/asl_alphabet_train/X/X2320.jpg,False,X,0.9424408078193665,True
X,/kaggle/input/datasets/grassknoted/asl-alphabet/asl_alphabet_train/asl_alphabet_train/X/X2335.jpg,False,X,0.935351550579071,True
X,/kaggle/input/datasets/grassknoted/asl-alphabet/asl_alphabet_train/asl_alphabet_train/X/X2378.jpg,True,X,0.9372221827507019,True
X,/kaggle/input/datasets/grassknoted/asl-alphabet/asl_alphabet_train/asl_alphabet_train/X/X248.jpg,True,X,0.9442930817604065,True
X,/kaggle/input/datasets/grassknoted/asl-alphabet/asl_alphabet_train/asl_alphabet_train/X/X2499.jpg,True,X,0.9218060970306396,True
X,/kaggle/input/datasets/grassknoted/asl-alphabet/asl_alphabet_train/asl_alphabet_train/X/X2534.jpg,False,X,0.23134271800518036,True
X,/kaggle/input/datasets/grassknoted/asl-alphabet/asl_alphabet_train/asl_alphabet_train/X/X2538.jpg,False,X,0.620693027973175,True
X,/kaggle/input/datasets/grassknoted/asl-alphabet/asl_alphabet_train/asl_alphabet_train/X/X2558.jpg,False,X,0.5515474677085876,True
X,/kaggle/input/datasets/grassknoted/asl-alphabet/asl_alphabet_train/asl_alphabet_train/X/X2582.jpg,False,X,0.8833866715431213,True
X,/kaggle/input/datasets/grassknoted/asl-alphabet/asl_alphabet_train/asl_alphabet_train/X/X2589.jpg,False,X,0.8363774418830872,True
X,/kaggle/input/datasets/grassknoted/asl-alphabet/asl_alphabet_train/asl_alphabet_train/X/X2598.jpg,False,X,0.7349767684936523,True
X,/kaggle/input/datasets/grassknoted/asl-alphabet/asl_alphabet_train/asl_alphabet_train/X/X2618.jpg,False,X,0.8428266644477844,True
X,/kaggle/input/datasets/grassknoted/asl-alphabet/asl_alphabet_train/asl_alphabet_train/X/X2635.jpg,False,X,0.910259485244751,True
X,/kaggle/input/datasets/grassknoted/asl-alphabet/asl_alphabet_train/asl_alphabet_train/X/X264.jpg,True,X,0.9475735425949097,True
X,/kaggle/input/datasets/grassknoted/asl-alphabet/asl_alphabet_train/asl_alphabet_train/X/X2675.jpg,True,X,0.6212965250015259,True
X,/kaggle/input/datasets/grassknoted/asl-alphabet/asl_alphabet_train/asl_alphabet_train/X/X2819.jpg,False,X,0.7878233194351196,True
X,/kaggle/input/datasets/grassknoted/asl-alphabet/asl_alphabet_train/asl_alphabet_train/X/X2851.jpg,False,X,0.3055237829685211,True
X,/kaggle/input/datasets/grassknoted/asl-alphabet/asl_alphabet_train/asl_alphabet_train/X/X2858.jpg,False,X,0.5120132565498352,True
X,/kaggle/input/datasets/grassknoted/asl-alphabet/asl_alphabet_train/asl_alphabet_train/X/X2910.jpg,False,X,0.8706762790679932,True
X,/kaggle/input/datasets/grassknoted/asl-alphabet/asl_alphabet_train/asl_alphabet_train/X/X2918.jpg,False,X,0.8461381196975708,True
X,/kaggle/input/datasets/grassknoted/asl-alphabet/asl_alphabet_train/asl_alphabet_train/X/X2981.jpg,False,X,0.816955029964447,True
X,/kaggle/input/datasets/grassknoted/asl-alphabet/asl_alphabet_train/asl_alphabet_train/X/X2992.jpg,False,X,0.20259444415569305,True
X,/kaggle/input/datasets/grassknoted/asl-alphabet/asl_alphabet_train/asl_alphabet_train/X/X2993.jpg,False,X,0.194098100066185,True
X,/kaggle/input/datasets/grassknoted/asl-alphabet/asl_alphabet_train/asl_alphabet_train/X/X322.jpg,True,X,0.9307446479797363,True
X,/kaggle/input/datasets/grassknoted/asl-alphabet/asl_alphabet_train/asl_alphabet_train/X/X332.jpg,True,X,0.9199395775794983,True
X,/kaggle/input/datasets/grassknoted/asl-alphabet/asl_alphabet_train/asl_alphabet_train/X/X377.jpg,True,X,0.9333040714263916,True
X,/kaggle/input/datasets/grassknoted/asl-alphabet/asl_alphabet_train/asl_alphabet_train/X/X490.jpg,True,X,0.9258028268814087,True
X,/kaggle/input/datasets/grassknoted/asl-alphabet/asl_alphabet_train/asl_alphabet_train/X/X495.jpg,True,X,0.9290021657943726,True
X,/kaggle/input/datasets/grassknoted/asl-alphabet/asl_alphabet_train/asl_alphabet_train/X/X522.jpg,True,X,0.9380289316177368,True
X,/kaggle/input/datasets/grassknoted/asl-alphabet/asl_alphabet_train/asl_alphabet_train/X/X533.jpg,True,X,0.9394373297691345,True
X,/kaggle/input/datasets/grassknoted/asl-alphabet/asl_alphabet_train/asl_alphabet_train/X/X544.jpg,True,X,0.9336150884628296,True
X,/kaggle/input/datasets/grassknoted/asl-alphabet/asl_alphabet_train/asl_alphabet_train/X/X546.jpg,True,X,0.9351959824562073,True
X,/kaggle/input/datasets/grassknoted/asl-alphabet/asl_alphabet_train/asl_alphabet_train/X/X60.jpg,False,X,0.9300631880760193,True
X,/kaggle/input/datasets/grassknoted/asl-alphabet/asl_alphabet_train/asl_alphabet_train/X/X640.jpg,True,X,0.926995575428009,True
X,/kaggle/input/datasets/grassknoted/asl-alphabet/asl_alphabet_train/asl_alphabet_train/X/X661.jpg,True,X,0.9141011834144592,True
X,/kaggle/input/datasets/grassknoted/asl-alphabet/asl_alphabet_train/asl_alphabet_train/X/X678.jpg,True,X,0.9246132373809814,True
X,/kaggle/input/datasets/grassknoted/asl-alphabet/asl_alphabet_train/asl_alphabet_train/X/X75.jpg,False,X,0.9285188317298889,True
X,/kaggle/input/datasets/grassknoted/asl-alphabet/asl_alphabet_train/asl_alphabet_train/X/X797.jpg,True,X,0.9125852584838867,True
X,/kaggle/input/datasets/grassknoted/asl-alphabet/asl_alphabet_train/asl_alphabet_train/X/X811.jpg,True,X,0.9212816953659058,True
X,/kaggle/input/datasets/grassknoted/asl-alphabet/asl_alphabet_train/asl_alphabet_train/X/X84.jpg,False,X,0.9342420697212219,True
X,/kaggle/input/datasets/grassknoted/asl-alphabet/asl_alphabet_train/asl_alphabet_train/X/X842.jpg,True,X,0.9253613352775574,True
X,/kaggle/input/datasets/grassknoted/asl-alphabet/asl_alphabet_train/asl_alphabet_train/X/X9.jpg,False,X,0.9321953654289246,True
X,/kaggle/input/datasets/grassknoted/asl-alphabet/asl_alphabet_train/asl_alphabet_train/X/X936.jpg,True,X,0.9317386746406555,True
X,/kaggle/input/datasets/grassknoted/asl-alphabet/asl_alphabet_train/asl_alphabet_train/X/X939.jpg,True,X,0.9301705360412598,True
Y,/kaggle/input/datasets/grassknoted/asl-alphabet/asl_alphabet_train/asl_alphabet_train/Y/Y1026.jpg,True,Y,0.8968780636787415,True
Y,/kaggle/input/datasets/grassknoted/asl-alphabet/asl_alphabet_train/asl_alphabet_train/Y/Y1147.jpg,True,Y,0.8972646594047546,True
Y,/kaggle/input/datasets/grassknoted/asl-alphabet/asl_alphabet_train/asl_alphabet_train/Y/Y1157.jpg,True,Y,0.9152730107307434,True
Y,/kaggle/input/datasets/grassknoted/asl-alphabet/asl_alphabet_train/asl_alphabet_train/Y/Y1158.jpg,True,Y,0.9143641591072083,True
Y,/kaggle/input/datasets/grassknoted/asl-alphabet/asl_alphabet_train/asl_alphabet_train/Y/Y1178.jpg,True,Y,0.9068873524665833,True
Y,/kaggle/input/datasets/grassknoted/asl-alphabet/asl_alphabet_train/asl_alphabet_train/Y/Y1182.jpg,True,Y,0.9123364686965942,True
Y,/kaggle/input/datasets/grassknoted/asl-alphabet/asl_alphabet_train/asl_alphabet_train/Y/Y1186.jpg,True,Y,0.9067279100418091,True
Y,/kaggle/input/datasets/grassknoted/asl-alphabet/asl_alphabet_train/asl_alphabet_train/Y/Y1258.jpg,True,Y,0.8933159112930298,True
Y,/kaggle/input/datasets/grassknoted/asl-alphabet/asl_alphabet_train/asl_alphabet_train/Y/Y1260.jpg,True,Y,0.8964062333106995,True
Y,/kaggle/input/datasets/grassknoted/asl-alphabet/asl_alphabet_train/asl_alphabet_train/Y/Y1277.jpg,True,Y,0.904022753238678,True
Y,/kaggle/input/datasets/grassknoted/asl-alphabet/asl_alphabet_train/asl_alphabet_train/Y/Y1282.jpg,True,Y,0.8977799415588379,True
Y,/kaggle/input/datasets/grassknoted/asl-alphabet/asl_alphabet_train/asl_alphabet_train/Y/Y1284.jpg,True,Y,0.9050370454788208,True
Y,/kaggle/input/datasets/grassknoted/asl-alphabet/asl_alphabet_train/asl_alphabet_train/Y/Y1324.jpg,True,Y,0.9003262519836426,True
Y,/kaggle/input/datasets/grassknoted/asl-alphabet/asl_alphabet_train/asl_alphabet_train/Y/Y1329.jpg,True,Y,0.8978487253189087,True
Y,/kaggle/input/datasets/grassknoted/asl-alphabet/asl_alphabet_train/asl_alphabet_train/Y/Y1363.jpg,False,Y,0.9142016172409058,True
Y,/kaggle/input/datasets/grassknoted/asl-alphabet/asl_alphabet_train/asl_alphabet_train/Y/Y1408.jpg,True,Y,0.9298631548881531,True
Y,/kaggle/input/datasets/grassknoted/asl-alphabet/asl_alphabet_train/asl_alphabet_train/Y/Y1497.jpg,True,Y,0.912177324295044,True
Y,/kaggle/input/datasets/grassknoted/asl-alphabet/asl_alphabet_train/asl_alphabet_train/Y/Y1511.jpg,True,Y,0.8906693458557129,True
Y,/kaggle/input/datasets/grassknoted/asl-alphabet/asl_alphabet_train/asl_alphabet_train/Y/Y1512.jpg,True,Y,0.8916623592376709,True
Y,/kaggle/input/datasets/grassknoted/asl-alphabet/asl_alphabet_train/asl_alphabet_train/Y/Y1515.jpg,True,Y,0.8989895582199097,True
Y,/kaggle/input/datasets/grassknoted/asl-alphabet/asl_alphabet_train/asl_alphabet_train/Y/Y1521.jpg,True,Y,0.9016966819763184,True
Y,/kaggle/input/datasets/grassknoted/asl-alphabet/asl_alphabet_train/asl_alphabet_train/Y/Y1527.jpg,True,Y,0.9021121263504028,True
Y,/kaggle/input/datasets/grassknoted/asl-alphabet/asl_alphabet_train/asl_alphabet_train/Y/Y1536.jpg,True,Y,0.896439254283905,True
Y,/kaggle/input/datasets/grassknoted/asl-alphabet/asl_alphabet_train/asl_alphabet_train/Y/Y1582.jpg,True,Y,0.8865401744842529,True
Y,/kaggle/input/datasets/grassknoted/asl-alphabet/asl_alphabet_train/asl_alphabet_train/Y/Y1629.jpg,True,Y,0.9100680947303772,True
Y,/kaggle/input/datasets/grassknoted/asl-alphabet/asl_alphabet_train/asl_alphabet_train/Y/Y1651.jpg,True,Y,0.9145468473434448,True
Y,/kaggle/input/datasets/grassknoted/asl-alphabet/asl_alphabet_train/asl_alphabet_train/Y/Y1675.jpg,True,Y,0.9220458269119263,True
Y,/kaggle/input/datasets/grassknoted/asl-alphabet/asl_alphabet_train/asl_alphabet_train/Y/Y1701.jpg,True,Y,0.9016655087471008,True
Y,/kaggle/input/datasets/grassknoted/asl-alphabet/asl_alphabet_train/asl_alphabet_train/Y/Y1786.jpg,True,Y,0.8965077996253967,True
Y,/kaggle/input/datasets/grassknoted/asl-alphabet/asl_alphabet_train/asl_alphabet_train/Y/Y1800.jpg,True,Y,0.9010543823242188,True
Y,/kaggle/input/datasets/grassknoted/asl-alphabet/asl_alphabet_train/asl_alphabet_train/Y/Y1867.jpg,True,Y,0.9123319983482361,True
Y,/kaggle/input/datasets/grassknoted/asl-alphabet/asl_alphabet_train/asl_alphabet_train/Y/Y1872.jpg,True,Y,0.9061952829360962,True
Y,/kaggle/input/datasets/grassknoted/asl-alphabet/asl_alphabet_train/asl_alphabet_train/Y/Y1875.jpg,True,Y,0.919497013092041,True
Y,/kaggle/input/datasets/grassknoted/asl-alphabet/asl_alphabet_train/asl_alphabet_train/Y/Y1897.jpg,True,Y,0.9024962782859802,True
Y,/kaggle/input/datasets/grassknoted/asl-alphabet/asl_alphabet_train/asl_alphabet_train/Y/Y1925.jpg,True,Y,0.9017009735107422,True
Y,/kaggle/input/datasets/grassknoted/asl-alphabet/asl_alphabet_train/asl_alphabet_train/Y/Y194.jpg,True,Y,0.9198435544967651,True
Y,/kaggle/input/datasets/grassknoted/asl-alphabet/asl_alphabet_train/asl_alphabet_train/Y/Y2026.jpg,True,Y,0.9093708992004395,True
Y,/kaggle/input/datasets/grassknoted/asl-alphabet/asl_alphabet_train/asl_alphabet_train/Y/Y2027.jpg,True,Y,0.915481686592102,True
Y,/kaggle/input/datasets/grassknoted/asl-alphabet/asl_alphabet_train/asl_alphabet_train/Y/Y2035.jpg,True,Y,0.916995108127594,True
Y,/kaggle/input/datasets/grassknoted/asl-alphabet/asl_alphabet_train/asl_alphabet_train/Y/Y2039.jpg,True,Y,0.9101337194442749,True
Y,/kaggle/input/datasets/grassknoted/asl-alphabet/asl_alphabet_train/asl_alphabet_train/Y/Y2104.jpg,True,Y,0.9334957003593445,True
Y,/kaggle/input/datasets/grassknoted/asl-alphabet/asl_alphabet_train/asl_alphabet_train/Y/Y2232.jpg,False,Y,0.9114149212837219,True
Y,/kaggle/input/datasets/grassknoted/asl-alphabet/asl_alphabet_train/asl_alphabet_train/Y/Y2259.jpg,True,Y,0.919585108757019,True
Y,/kaggle/input/datasets/grassknoted/asl-alphabet/asl_alphabet_train/asl_alphabet_train/Y/Y2293.jpg,True,Y,0.9021878242492676,True
Y,/kaggle/input/datasets/grassknoted/asl-alphabet/asl_alphabet_train/asl_alphabet_train/Y/Y2323.jpg,True,Y,0.8991199731826782,True
Y,/kaggle/input/datasets/grassknoted/asl-alphabet/asl_alphabet_train/asl_alphabet_train/Y/Y2391.jpg,True,Y,0.9328991770744324,True
Y,/kaggle/input/datasets/grassknoted/asl-alphabet/asl_alphabet_train/asl_alphabet_train/Y/Y2403.jpg,True,Y,0.9282020926475525,True
Y,/kaggle/input/datasets/grassknoted/asl-alphabet/asl_alphabet_train/asl_alphabet_train/Y/Y2413.jpg,True,Y,0.9104524254798889,True
Y,/kaggle/input/datasets/grassknoted/asl-alphabet/asl_alphabet_train/asl_alphabet_train/Y/Y2426.jpg,True,Y,0.9211887121200562,True
Y,/kaggle/input/datasets/grassknoted/asl-alphabet/asl_alphabet_train/asl_alphabet_train/Y/Y2428.jpg,True,Y,0.9205202460289001,True
Y,/kaggle/input/datasets/grassknoted/asl-alphabet/asl_alphabet_train/asl_alphabet_train/Y/Y246.jpg,True,Y,0.9052426218986511,True
Y,/kaggle/input/datasets/grassknoted/asl-alphabet/asl_alphabet_train/asl_alphabet_train/Y/Y2469.jpg,True,Y,0.9226381182670593,True
Y,/kaggle/input/datasets/grassknoted/asl-alphabet/asl_alphabet_train/asl_alphabet_train/Y/Y2547.jpg,False,Y,0.7147080302238464,True
Y,/kaggle/input/datasets/grassknoted/asl-alphabet/asl_alphabet_train/asl_alphabet_train/Y/Y256.jpg,True,Y,0.8988094925880432,True
Y,/kaggle/input/datasets/grassknoted/asl-alphabet/asl_alphabet_train/asl_alphabet_train/Y/Y257.jpg,True,Y,0.8988449573516846,True
Y,/kaggle/input/datasets/grassknoted/asl-alphabet/asl_alphabet_train/asl_alphabet_train/Y/Y2576.jpg,False,Y,0.8014142513275146,True
Y,/kaggle/input/datasets/grassknoted/asl-alphabet/asl_alphabet_train/asl_alphabet_train/Y/Y2584.jpg,False,Y,0.8096524477005005,True
Y,/kaggle/input/datasets/grassknoted/asl-alphabet/asl_alphabet_train/asl_alphabet_train/Y/Y2609.jpg,False,Y,0.8582906723022461,True
Y,/kaggle/input/datasets/grassknoted/asl-alphabet/asl_alphabet_train/asl_alphabet_train/Y/Y2694.jpg,False,Y,0.836891770362854,True
Y,/kaggle/input/datasets/grassknoted/asl-alphabet/asl_alphabet_train/asl_alphabet_train/Y/Y2793.jpg,False,Y,0.490064799785614,True
Y,/kaggle/input/datasets/grassknoted/asl-alphabet/asl_alphabet_train/asl_alphabet_train/Y/Y2806.jpg,False,Y,0.6252776980400085,True
Y,/kaggle/input/datasets/grassknoted/asl-alphabet/asl_alphabet_train/asl_alphabet_train/Y/Y2822.jpg,False,Y,0.8747631907463074,True
Y,/kaggle/input/datasets/grassknoted/asl-alphabet/asl_alphabet_train/asl_alphabet_train/Y/Y2854.jpg,True,Y,0.8794469237327576,True
Y,/kaggle/input/datasets/grassknoted/asl-alphabet/asl_alphabet_train/asl_alphabet_train/Y/Y2878.jpg,True,Y,0.8809815645217896,True
Y,/kaggle/input/datasets/grassknoted/asl-alphabet/asl_alphabet_train/asl_alphabet_train/Y/Y2930.jpg,True,Y,0.8732617497444153,True
Y,/kaggle/input/datasets/grassknoted/asl-alphabet/asl_alphabet_train/asl_alphabet_train/Y/Y2942.jpg,True,Y,0.8537871241569519,True
Y,/kaggle/input/datasets/grassknoted/asl-alphabet/asl_alphabet_train/asl_alphabet_train/Y/Y2952.jpg,True,Y,0.8242519497871399,True
Y,/kaggle/input/datasets/grassknoted/asl-alphabet/asl_alphabet_train/asl_alphabet_train/Y/Y2973.jpg,True,Y,0.9074968695640564,True
Y,/kaggle/input/datasets/grassknoted/asl-alphabet/asl_alphabet_train/asl_alphabet_train/Y/Y2978.jpg,True,Y,0.895121693611145,True
Y,/kaggle/input/datasets/grassknoted/asl-alphabet/asl_alphabet_train/asl_alphabet_train/Y/Y2985.jpg,False,Y,0.8921564221382141,True
Y,/kaggle/input/datasets/grassknoted/asl-alphabet/asl_alphabet_train/asl_alphabet_train/Y/Y305.jpg,True,Y,0.9210867881774902,True
Y,/kaggle/input/datasets/grassknoted/asl-alphabet/asl_alphabet_train/asl_alphabet_train/Y/Y331.jpg,True,Y,0.9208290576934814,True
Y,/kaggle/input/datasets/grassknoted/asl-alphabet/asl_alphabet_train/asl_alphabet_train/Y/Y334.jpg,True,Y,0.9279887080192566,True
Y,/kaggle/input/datasets/grassknoted/asl-alphabet/asl_alphabet_train/asl_alphabet_train/Y/Y344.jpg,True,Y,0.914676308631897,True
Y,/kaggle/input/datasets/grassknoted/asl-alphabet/asl_alphabet_train/asl_alphabet_train/Y/Y386.jpg,True,Y,0.9165859222412109,True
Y,/kaggle/input/datasets/grassknoted/asl-alphabet/asl_alphabet_train/asl_alphabet_train/Y/Y426.jpg,True,Y,0.9047164916992188,True
Y,/kaggle/input/datasets/grassknoted/asl-alphabet/asl_alphabet_train/asl_alphabet_train/Y/Y509.jpg,True,Y,0.9158976078033447,True
Y,/kaggle/input/datasets/grassknoted/asl-alphabet/asl_alphabet_train/asl_alphabet_train/Y/Y519.jpg,True,Y,0.901646614074707,True
Y,/kaggle/input/datasets/grassknoted/asl-alphabet/asl_alphabet_train/asl_alphabet_train/Y/Y523.jpg,True,Y,0.8736412525177002,True
Y,/kaggle/input/datasets/grassknoted/asl-alphabet/asl_alphabet_train/asl_alphabet_train/Y/Y539.jpg,True,Y,0.8917771577835083,True
Y,/kaggle/input/datasets/grassknoted/asl-alphabet/asl_alphabet_train/asl_alphabet_train/Y/Y567.jpg,True,Y,0.9115223288536072,True
Y,/kaggle/input/datasets/grassknoted/asl-alphabet/asl_alphabet_train/asl_alphabet_train/Y/Y568.jpg,True,Y,0.9112395644187927,True
Y,/kaggle/input/datasets/grassknoted/asl-alphabet/asl_alphabet_train/asl_alphabet_train/Y/Y608.jpg,True,Y,0.9326075315475464,True
Y,/kaggle/input/datasets/grassknoted/asl-alphabet/asl_alphabet_train/asl_alphabet_train/Y/Y653.jpg,True,Y,0.9310486912727356,True
Y,/kaggle/input/datasets/grassknoted/asl-alphabet/asl_alphabet_train/asl_alphabet_train/Y/Y664.jpg,True,Y,0.9281740784645081,True
Y,/kaggle/input/datasets/grassknoted/asl-alphabet/asl_alphabet_train/asl_alphabet_train/Y/Y697.jpg,True,Y,0.9118953347206116,True
Y,/kaggle/input/datasets/grassknoted/asl-alphabet/asl_alphabet_train/asl_alphabet_train/Y/Y708.jpg,True,Y,0.9205042719841003,True
Y,/kaggle/input/datasets/grassknoted/asl-alphabet/asl_alphabet_train/asl_alphabet_train/Y/Y739.jpg,True,Y,0.9273092150688171,True
Y,/kaggle/input/datasets/grassknoted/asl-alphabet/asl_alphabet_train/asl_alphabet_train/Y/Y768.jpg,False,Y,0.9192841053009033,True
Y,/kaggle/input/datasets/grassknoted/asl-alphabet/asl_alphabet_train/asl_alphabet_train/Y/Y781.jpg,True,Y,0.9250268936157227,True
Y,/kaggle/input/datasets/grassknoted/asl-alphabet/asl_alphabet_train/asl_alphabet_train/Y/Y783.jpg,True,Y,0.932793378829956,True
Y,/kaggle/input/datasets/grassknoted/asl-alphabet/asl_alphabet_train/asl_alphabet_train/Y/Y786.jpg,True,Y,0.9318501353263855,True
Y,/kaggle/input/datasets/grassknoted/asl-alphabet/asl_alphabet_train/asl_alphabet_train/Y/Y848.jpg,True,Y,0.9222736358642578,True
Y,/kaggle/input/datasets/grassknoted/asl-alphabet/asl_alphabet_train/asl_alphabet_train/Y/Y88.jpg,True,Y,0.9095231890678406,True
Y,/kaggle/input/datasets/grassknoted/asl-alphabet/asl_alphabet_train/asl_alphabet_train/Y/Y885.jpg,True,Y,0.90911865234375,True
Y,/kaggle/input/datasets/grassknoted/asl-alphabet/asl_alphabet_train/asl_alphabet_train/Y/Y90.jpg,True,Y,0.8978866338729858,True
Y,/kaggle/input/datasets/grassknoted/asl-alphabet/asl_alphabet_train/asl_alphabet_train/Y/Y942.jpg,True,Y,0.9240046739578247,True
Y,/kaggle/input/datasets/grassknoted/asl-alphabet/asl_alphabet_train/asl_alphabet_train/Y/Y952.jpg,True,Y,0.920262336730957,True
Y,/kaggle/input/datasets/grassknoted/asl-alphabet/asl_alphabet_train/asl_alphabet_train/Y/Y961.jpg,True,Y,0.9173765778541565,True
Y,/kaggle/input/datasets/grassknoted/asl-alphabet/asl_alphabet_train/asl_alphabet_train/Y/Y975.jpg,True,Y,0.9254145622253418,True
Z,/kaggle/input/datasets/grassknoted/asl-alphabet/asl_alphabet_train/asl_alphabet_train/Z/Z1042.jpg,True,Z,0.9081898331642151,True
Z,/kaggle/input/datasets/grassknoted/asl-alphabet/asl_alphabet_train/asl_alphabet_train/Z/Z1054.jpg,True,Z,0.9020719528198242,True
Z,/kaggle/input/datasets/grassknoted/asl-alphabet/asl_alphabet_train/asl_alphabet_train/Z/Z1088.jpg,True,Z,0.8863444924354553,True
Z,/kaggle/input/datasets/grassknoted/asl-alphabet/asl_alphabet_train/asl_alphabet_train/Z/Z1093.jpg,True,Z,0.8797847032546997,True
Z,/kaggle/input/datasets/grassknoted/asl-alphabet/asl_alphabet_train/asl_alphabet_train/Z/Z1130.jpg,True,Z,0.885644257068634,True
Z,/kaggle/input/datasets/grassknoted/asl-alphabet/asl_alphabet_train/asl_alphabet_train/Z/Z1131.jpg,True,Z,0.8845924735069275,True
Z,/kaggle/input/datasets/grassknoted/asl-alphabet/asl_alphabet_train/asl_alphabet_train/Z/Z1139.jpg,True,Z,0.8886753916740417,True
Z,/kaggle/input/datasets/grassknoted/asl-alphabet/asl_alphabet_train/asl_alphabet_train/Z/Z1147.jpg,True,Z,0.8950200080871582,True
Z,/kaggle/input/datasets/grassknoted/asl-alphabet/asl_alphabet_train/asl_alphabet_train/Z/Z1255.jpg,True,Z,0.8792194128036499,True
Z,/kaggle/input/datasets/grassknoted/asl-alphabet/asl_alphabet_train/asl_alphabet_train/Z/Z1288.jpg,True,Z,0.8890740275382996,True
Z,/kaggle/input/datasets/grassknoted/asl-alphabet/asl_alphabet_train/asl_alphabet_train/Z/Z1315.jpg,True,Z,0.8967950344085693,True
Z,/kaggle/input/datasets/grassknoted/asl-alphabet/asl_alphabet_train/asl_alphabet_train/Z/Z1385.jpg,True,Z,0.9006468653678894,True
Z,/kaggle/input/datasets/grassknoted/asl-alphabet/asl_alphabet_train/asl_alphabet_train/Z/Z1387.jpg,True,Z,0.9094390869140625,True
Z,/kaggle/input/datasets/grassknoted/asl-alphabet/asl_alphabet_train/asl_alphabet_train/Z/Z1402.jpg,True,Z,0.9005370736122131,True
Z,/kaggle/input/datasets/grassknoted/asl-alphabet/asl_alphabet_train/asl_alphabet_train/Z/Z1434.jpg,True,Z,0.912426233291626,True
Z,/kaggle/input/datasets/grassknoted/asl-alphabet/asl_alphabet_train/asl_alphabet_train/Z/Z147.jpg,True,Z,0.8940951228141785,True
Z,/kaggle/input/datasets/grassknoted/asl-alphabet/asl_alphabet_train/asl_alphabet_train/Z/Z1489.jpg,True,Z,0.8922392725944519,True
Z,/kaggle/input/datasets/grassknoted/asl-alphabet/asl_alphabet_train/asl_alphabet_train/Z/Z1502.jpg,True,Z,0.9063795208930969,True
Z,/kaggle/input/datasets/grassknoted/asl-alphabet/asl_alphabet_train/asl_alphabet_train/Z/Z1519.jpg,True,Z,0.8908124566078186,True
Z,/kaggle/input/datasets/grassknoted/asl-alphabet/asl_alphabet_train/asl_alphabet_train/Z/Z1555.jpg,False,Z,0.8775903582572937,True
Z,/kaggle/input/datasets/grassknoted/asl-alphabet/asl_alphabet_train/asl_alphabet_train/Z/Z1572.jpg,True,Z,0.8848780989646912,True
Z,/kaggle/input/datasets/grassknoted/asl-alphabet/asl_alphabet_train/asl_alphabet_train/Z/Z1602.jpg,True,Z,0.9164190888404846,True
Z,/kaggle/input/datasets/grassknoted/asl-alphabet/asl_alphabet_train/asl_alphabet_train/Z/Z1617.jpg,True,Z,0.92502361536026,True
Z,/kaggle/input/datasets/grassknoted/asl-alphabet/asl_alphabet_train/asl_alphabet_train/Z/Z1674.jpg,True,Z,0.8945004343986511,True
Z,/kaggle/input/datasets/grassknoted/asl-alphabet/asl_alphabet_train/asl_alphabet_train/Z/Z1683.jpg,True,Z,0.9079955816268921,True
Z,/kaggle/input/datasets/grassknoted/asl-alphabet/asl_alphabet_train/asl_alphabet_train/Z/Z1730.jpg,True,Z,0.8992375731468201,True
Z,/kaggle/input/datasets/grassknoted/asl-alphabet/asl_alphabet_train/asl_alphabet_train/Z/Z178.jpg,False,Z,0.9025980234146118,True
Z,/kaggle/input/datasets/grassknoted/asl-alphabet/asl_alphabet_train/asl_alphabet_train/Z/Z1842.jpg,True,Z,0.8924990296363831,True
Z,/kaggle/input/datasets/grassknoted/asl-alphabet/asl_alphabet_train/asl_alphabet_train/Z/Z1937.jpg,True,Z,0.9056348204612732,True
Z,/kaggle/input/datasets/grassknoted/asl-alphabet/asl_alphabet_train/asl_alphabet_train/Z/Z1958.jpg,True,Z,0.9030208587646484,True
Z,/kaggle/input/datasets/grassknoted/asl-alphabet/asl_alphabet_train/asl_alphabet_train/Z/Z1983.jpg,True,Z,0.908630907535553,True
Z,/kaggle/input/datasets/grassknoted/asl-alphabet/asl_alphabet_train/asl_alphabet_train/Z/Z2050.jpg,True,Z,0.9089323282241821,True
Z,/kaggle/input/datasets/grassknoted/asl-alphabet/asl_alphabet_train/asl_alphabet_train/Z/Z2062.jpg,True,Z,0.9211402535438538,True
Z,/kaggle/input/datasets/grassknoted/asl-alphabet/asl_alphabet_train/asl_alphabet_train/Z/Z2111.jpg,False,Z,0.9156726598739624,True
Z,/kaggle/input/datasets/grassknoted/asl-alphabet/asl_alphabet_train/asl_alphabet_train/Z/Z2161.jpg,False,Z,0.9081874489784241,True
Z,/kaggle/input/datasets/grassknoted/asl-alphabet/asl_alphabet_train/asl_alphabet_train/Z/Z2225.jpg,True,Z,0.910847544670105,True
Z,/kaggle/input/datasets/grassknoted/asl-alphabet/asl_alphabet_train/asl_alphabet_train/Z/Z2310.jpg,False,Z,0.8699576258659363,True
Z,/kaggle/input/datasets/grassknoted/asl-alphabet/asl_alphabet_train/asl_alphabet_train/Z/Z237.jpg,True,Z,0.9167454838752747,True
Z,/kaggle/input/datasets/grassknoted/asl-alphabet/asl_alphabet_train/asl_alphabet_train/Z/Z2381.jpg,True,Z,0.8865247368812561,True
Z,/kaggle/input/datasets/grassknoted/asl-alphabet/asl_alphabet_train/asl_alphabet_train/Z/Z2408.jpg,True,Z,0.8851754069328308,True
Z,/kaggle/input/datasets/grassknoted/asl-alphabet/asl_alphabet_train/asl_alphabet_train/Z/Z2416.jpg,True,Z,0.8726539611816406,True
Z,/kaggle/input/datasets/grassknoted/asl-alphabet/asl_alphabet_train/asl_alphabet_train/Z/Z2445.jpg,True,Z,0.8747401833534241,True
Z,/kaggle/input/datasets/grassknoted/asl-alphabet/asl_alphabet_train/asl_alphabet_train/Z/Z245.jpg,False,Z,0.898788332939148,True
Z,/kaggle/input/datasets/grassknoted/asl-alphabet/asl_alphabet_train/asl_alphabet_train/Z/Z2461.jpg,True,Z,0.9112951159477234,True
Z,/kaggle/input/datasets/grassknoted/asl-alphabet/asl_alphabet_train/asl_alphabet_train/Z/Z2497.jpg,True,Z,0.908537745475769,True
Z,/kaggle/input/datasets/grassknoted/asl-alphabet/asl_alphabet_train/asl_alphabet_train/Z/Z2503.jpg,False,Z,0.8480420708656311,True
Z,/kaggle/input/datasets/grassknoted/asl-alphabet/asl_alphabet_train/asl_alphabet_train/Z/Z2579.jpg,False,Z,0.8414856195449829,True
Z,/kaggle/input/datasets/grassknoted/asl-alphabet/asl_alphabet_train/asl_alphabet_train/Z/Z2582.jpg,False,Z,0.865410566329956,True
Z,/kaggle/input/datasets/grassknoted/asl-alphabet/asl_alphabet_train/asl_alphabet_train/Z/Z2590.jpg,False,Z,0.8498917818069458,True
Z,/kaggle/input/datasets/grassknoted/asl-alphabet/asl_alphabet_train/asl_alphabet_train/Z/Z2651.jpg,False,Z,0.8781453967094421,True
Z,/kaggle/input/datasets/grassknoted/asl-alphabet/asl_alphabet_train/asl_alphabet_train/Z/Z2656.jpg,False,Z,0.8867782354354858,True
Z,/kaggle/input/datasets/grassknoted/asl-alphabet/asl_alphabet_train/asl_alphabet_train/Z/Z2666.jpg,False,Z,0.8919629454612732,True
Z,/kaggle/input/datasets/grassknoted/asl-alphabet/asl_alphabet_train/asl_alphabet_train/Z/Z2674.jpg,False,Z,0.8989338278770447,True
Z,/kaggle/input/datasets/grassknoted/asl-alphabet/asl_alphabet_train/asl_alphabet_train/Z/Z2687.jpg,False,Z,0.8985028862953186,True
Z,/kaggle/input/datasets/grassknoted/asl-alphabet/asl_alphabet_train/asl_alphabet_train/Z/Z2695.jpg,False,Z,0.8780829906463623,True
Z,/kaggle/input/datasets/grassknoted/asl-alphabet/asl_alphabet_train/asl_alphabet_train/Z/Z2700.jpg,False,Z,0.8736469745635986,True
Z,/kaggle/input/datasets/grassknoted/asl-alphabet/asl_alphabet_train/asl_alphabet_train/Z/Z2718.jpg,False,Z,0.8692178726196289,True
Z,/kaggle/input/datasets/grassknoted/asl-alphabet/asl_alphabet_train/asl_alphabet_train/Z/Z2742.jpg,False,Z,0.8943960070610046,True
Z,/kaggle/input/datasets/grassknoted/asl-alphabet/asl_alphabet_train/asl_alphabet_train/Z/Z2785.jpg,False,Z,0.881361186504364,True
Z,/kaggle/input/datasets/grassknoted/asl-alphabet/asl_alphabet_train/asl_alphabet_train/Z/Z28.jpg,False,Z,0.8738936185836792,True
Z,/kaggle/input/datasets/grassknoted/asl-alphabet/asl_alphabet_train/asl_alphabet_train/Z/Z281.jpg,True,Z,0.8852073550224304,True
Z,/kaggle/input/datasets/grassknoted/asl-alphabet/asl_alphabet_train/asl_alphabet_train/Z/Z2858.jpg,False,Z,0.8859590888023376,True
Z,/kaggle/input/datasets/grassknoted/asl-alphabet/asl_alphabet_train/asl_alphabet_train/Z/Z2866.jpg,False,Z,0.8485605120658875,True
Z,/kaggle/input/datasets/grassknoted/asl-alphabet/asl_alphabet_train/asl_alphabet_train/Z/Z2890.jpg,False,Z,0.8587207198143005,True
Z,/kaggle/input/datasets/grassknoted/asl-alphabet/asl_alphabet_train/asl_alphabet_train/Z/Z2962.jpg,True,Z,0.8744543194770813,True
Z,/kaggle/input/datasets/grassknoted/asl-alphabet/asl_alphabet_train/asl_alphabet_train/Z/Z335.jpg,True,Z,0.8842446804046631,True
Z,/kaggle/input/datasets/grassknoted/asl-alphabet/asl_alphabet_train/asl_alphabet_train/Z/Z361.jpg,True,Z,0.9018637537956238,True
Z,/kaggle/input/datasets/grassknoted/asl-alphabet/asl_alphabet_train/asl_alphabet_train/Z/Z367.jpg,True,Z,0.8951990008354187,True
Z,/kaggle/input/datasets/grassknoted/asl-alphabet/asl_alphabet_train/asl_alphabet_train/Z/Z394.jpg,True,Z,0.8847910761833191,True
Z,/kaggle/input/datasets/grassknoted/asl-alphabet/asl_alphabet_train/asl_alphabet_train/Z/Z407.jpg,True,Z,0.9057927131652832,True
Z,/kaggle/input/datasets/grassknoted/asl-alphabet/asl_alphabet_train/asl_alphabet_train/Z/Z454.jpg,True,Z,0.8968511819839478,True
Z,/kaggle/input/datasets/grassknoted/asl-alphabet/asl_alphabet_train/asl_alphabet_train/Z/Z459.jpg,True,Z,0.88385009765625,True
Z,/kaggle/input/datasets/grassknoted/asl-alphabet/asl_alphabet_train/asl_alphabet_train/Z/Z487.jpg,True,Z,0.9091344475746155,True
Z,/kaggle/input/datasets/grassknoted/asl-alphabet/asl_alphabet_train/asl_alphabet_train/Z/Z524.jpg,True,Z,0.8767269253730774,True
Z,/kaggle/input/datasets/grassknoted/asl-alphabet/asl_alphabet_train/asl_alphabet_train/Z/Z531.jpg,True,Z,0.8966681957244873,True
Z,/kaggle/input/datasets/grassknoted/asl-alphabet/asl_alphabet_train/asl_alphabet_train/Z/Z613.jpg,True,Z,0.8781275153160095,True
Z,/kaggle/input/datasets/grassknoted/asl-alphabet/asl_alphabet_train/asl_alphabet_train/Z/Z616.jpg,True,Z,0.887675404548645,True
Z,/kaggle/input/datasets/grassknoted/asl-alphabet/asl_alphabet_train/asl_alphabet_train/Z/Z633.jpg,True,Z,0.8810989856719971,True
Z,/kaggle/input/datasets/grassknoted/asl-alphabet/asl_alphabet_train/asl_alphabet_train/Z/Z656.jpg,True,Z,0.881170928478241,True
Z,/kaggle/input/datasets/grassknoted/asl-alphabet/asl_alphabet_train/asl_alphabet_train/Z/Z711.jpg,True,Z,0.887672483921051,True
Z,/kaggle/input/datasets/grassknoted/asl-alphabet/asl_alphabet_train/asl_alphabet_train/Z/Z719.jpg,True,Z,0.8848683834075928,True
Z,/kaggle/input/datasets/grassknoted/asl-alphabet/asl_alphabet_train/asl_alphabet_train/Z/Z72.jpg,True,Z,0.9078790545463562,True
Z,/kaggle/input/datasets/grassknoted/asl-alphabet/asl_alphabet_train/asl_alphabet_train/Z/Z737.jpg,True,Z,0.8936436772346497,True
Z,/kaggle/input/datasets/grassknoted/asl-alphabet/asl_alphabet_train/asl_alphabet_train/Z/Z740.jpg,True,Z,0.9033541679382324,True
Z,/kaggle/input/datasets/grassknoted/asl-alphabet/asl_alphabet_train/asl_alphabet_train/Z/Z742.jpg,True,Z,0.8987703919410706,True
Z,/kaggle/input/datasets/grassknoted/asl-alphabet/asl_alphabet_train/asl_alphabet_train/Z/Z748.jpg,True,Z,0.8987389206886292,True
Z,/kaggle/input/datasets/grassknoted/asl-alphabet/asl_alphabet_train/asl_alphabet_train/Z/Z750.jpg,True,Z,0.8809874057769775,True
Z,/kaggle/input/datasets/grassknoted/asl-alphabet/asl_alphabet_train/asl_alphabet_train/Z/Z779.jpg,True,Z,0.888587474822998,True
Z,/kaggle/input/datasets/grassknoted/asl-alphabet/asl_alphabet_train/asl_alphabet_train/Z/Z786.jpg,True,Z,0.8933042287826538,True
Z,/kaggle/input/datasets/grassknoted/asl-alphabet/asl_alphabet_train/asl_alphabet_train/Z/Z805.jpg,True,Z,0.8931810259819031,True
Z,/kaggle/input/datasets/grassknoted/asl-alphabet/asl_alphabet_train/asl_alphabet_train/Z/Z808.jpg,True,Z,0.8897775411605835,True
Z,/kaggle/input/datasets/grassknoted/asl-alphabet/asl_alphabet_train/asl_alphabet_train/Z/Z831.jpg,True,Z,0.8796493411064148,True
Z,/kaggle/input/datasets/grassknoted/asl-alphabet/asl_alphabet_train/asl_alphabet_train/Z/Z841.jpg,True,Z,0.8823544383049011,True
Z,/kaggle/input/datasets/grassknoted/asl-alphabet/asl_alphabet_train/asl_alphabet_train/Z/Z879.jpg,True,Z,0.8869737982749939,True
Z,/kaggle/input/datasets/grassknoted/asl-alphabet/asl_alphabet_train/asl_alphabet_train/Z/Z881.jpg,True,Z,0.8889688849449158,True
Z,/kaggle/input/datasets/grassknoted/asl-alphabet/asl_alphabet_train/asl_alphabet_train/Z/Z902.jpg,True,Z,0.9012169241905212,True
Z,/kaggle/input/datasets/grassknoted/asl-alphabet/asl_alphabet_train/asl_alphabet_train/Z/Z937.jpg,True,Z,0.901624321937561,True
Z,/kaggle/input/datasets/grassknoted/asl-alphabet/asl_alphabet_train/asl_alphabet_train/Z/Z949.jpg,True,Z,0.9084562659263611,True
Z,/kaggle/input/datasets/grassknoted/asl-alphabet/asl_alphabet_train/asl_alphabet_train/Z/Z952.jpg,True,Z,0.9246839284896851,True
Z,/kaggle/input/datasets/grassknoted/asl-alphabet/asl_alphabet_train/asl_alphabet_train/Z/Z983.jpg,True,Z,0.8904892206192017,True
del,/kaggle/input/datasets/grassknoted/asl-alphabet/asl_alphabet_train/asl_alphabet_train/del/del1081.jpg,False,nothing,0.9010435938835144,False
del,/kaggle/input/datasets/grassknoted/asl-alphabet/asl_alphabet_train/asl_alphabet_train/del/del1135.jpg,True,nothing,0.897087812423706,False
del,/kaggle/input/datasets/grassknoted/asl-alphabet/asl_alphabet_train/asl_alphabet_train/del/del1159.jpg,True,nothing,0.9135411381721497,False
del,/kaggle/input/datasets/grassknoted/asl-alphabet/asl_alphabet_train/asl_alphabet_train/del/del122.jpg,False,nothing,0.8892002105712891,False
del,/kaggle/input/datasets/grassknoted/asl-alphabet/asl_alphabet_train/asl_alphabet_train/del/del1226.jpg,True,nothing,0.8965696692466736,False
del,/kaggle/input/datasets/grassknoted/asl-alphabet/asl_alphabet_train/asl_alphabet_train/del/del1227.jpg,True,nothing,0.883205771446228,False
del,/kaggle/input/datasets/grassknoted/asl-alphabet/asl_alphabet_train/asl_alphabet_train/del/del1231.jpg,True,nothing,0.901585578918457,False
del,/kaggle/input/datasets/grassknoted/asl-alphabet/asl_alphabet_train/asl_alphabet_train/del/del1268.jpg,False,nothing,0.8939399123191833,False
del,/kaggle/input/datasets/grassknoted/asl-alphabet/asl_alphabet_train/asl_alphabet_train/del/del1324.jpg,True,nothing,0.8738719820976257,False
del,/kaggle/input/datasets/grassknoted/asl-alphabet/asl_alphabet_train/asl_alphabet_train/del/del1358.jpg,True,nothing,0.8866215944290161,False
del,/kaggle/input/datasets/grassknoted/asl-alphabet/asl_alphabet_train/asl_alphabet_train/del/del138.jpg,False,nothing,0.8734936118125916,False
del,/kaggle/input/datasets/grassknoted/asl-alphabet/asl_alphabet_train/asl_alphabet_train/del/del1399.jpg,True,nothing,0.9043111205101013,False
del,/kaggle/input/datasets/grassknoted/asl-alphabet/asl_alphabet_train/asl_alphabet_train/del/del1431.jpg,True,nothing,0.8870812058448792,False
del,/kaggle/input/datasets/grassknoted/asl-alphabet/asl_alphabet_train/asl_alphabet_train/del/del1498.jpg,True,nothing,0.8764899373054504,False
del,/kaggle/input/datasets/grassknoted/asl-alphabet/asl_alphabet_train/asl_alphabet_train/del/del1521.jpg,True,nothing,0.8824535608291626,False
del,/kaggle/input/datasets/grassknoted/asl-alphabet/asl_alphabet_train/asl_alphabet_train/del/del1524.jpg,False,nothing,0.8991639614105225,False
del,/kaggle/input/datasets/grassknoted/asl-alphabet/asl_alphabet_train/asl_alphabet_train/del/del1532.jpg,True,nothing,0.8883290886878967,False
del,/kaggle/input/datasets/grassknoted/asl-alphabet/asl_alphabet_train/asl_alphabet_train/del/del1609.jpg,True,nothing,0.8725703954696655,False
del,/kaggle/input/datasets/grassknoted/asl-alphabet/asl_alphabet_train/asl_alphabet_train/del/del1614.jpg,True,nothing,0.8960863947868347,False
del,/kaggle/input/datasets/grassknoted/asl-alphabet/asl_alphabet_train/asl_alphabet_train/del/del1647.jpg,True,nothing,0.9116724133491516,False
del,/kaggle/input/datasets/grassknoted/asl-alphabet/asl_alphabet_train/asl_alphabet_train/del/del1650.jpg,True,nothing,0.9165809750556946,False
del,/kaggle/input/datasets/grassknoted/asl-alphabet/asl_alphabet_train/asl_alphabet_train/del/del172.jpg,False,nothing,0.9008674025535583,False
del,/kaggle/input/datasets/grassknoted/asl-alphabet/asl_alphabet_train/asl_alphabet_train/del/del1774.jpg,True,nothing,0.8592763543128967,False
del,/kaggle/input/datasets/grassknoted/asl-alphabet/asl_alphabet_train/asl_alphabet_train/del/del1797.jpg,True,nothing,0.8961748480796814,False
del,/kaggle/input/datasets/grassknoted/asl-alphabet/asl_alphabet_train/asl_alphabet_train/del/del1800.jpg,True,nothing,0.8919374346733093,False
del,/kaggle/input/datasets/grassknoted/asl-alphabet/asl_alphabet_train/asl_alphabet_train/del/del1826.jpg,True,nothing,0.8627082109451294,False
del,/kaggle/input/datasets/grassknoted/asl-alphabet/asl_alphabet_train/asl_alphabet_train/del/del1918.jpg,True,nothing,0.8875272274017334,False
del,/kaggle/input/datasets/grassknoted/asl-alphabet/asl_alphabet_train/asl_alphabet_train/del/del1925.jpg,True,nothing,0.9006207585334778,False
del,/kaggle/input/datasets/grassknoted/asl-alphabet/asl_alphabet_train/asl_alphabet_train/del/del193.jpg,False,nothing,0.8890858888626099,False
del,/kaggle/input/datasets/grassknoted/asl-alphabet/asl_alphabet_train/asl_alphabet_train/del/del1936.jpg,False,nothing,0.8864607214927673,False
del,/kaggle/input/datasets/grassknoted/asl-alphabet/asl_alphabet_train/asl_alphabet_train/del/del1937.jpg,True,nothing,0.8899486660957336,False
del,/kaggle/input/datasets/grassknoted/asl-alphabet/asl_alphabet_train/asl_alphabet_train/del/del1972.jpg,True,nothing,0.9170626997947693,False
del,/kaggle/input/datasets/grassknoted/asl-alphabet/asl_alphabet_train/asl_alphabet_train/del/del2000.jpg,True,nothing,0.8960750102996826,False
del,/kaggle/input/datasets/grassknoted/asl-alphabet/asl_alphabet_train/asl_alphabet_train/del/del2050.jpg,True,nothing,0.9225653409957886,False
del,/kaggle/input/datasets/grassknoted/asl-alphabet/asl_alphabet_train/asl_alphabet_train/del/del2068.jpg,True,nothing,0.9158540964126587,False
del,/kaggle/input/datasets/grassknoted/asl-alphabet/asl_alphabet_train/asl_alphabet_train/del/del2082.jpg,False,nothing,0.9060723185539246,False
del,/kaggle/input/datasets/grassknoted/asl-alphabet/asl_alphabet_train/asl_alphabet_train/del/del2130.jpg,False,nothing,0.8677210211753845,False
del,/kaggle/input/datasets/grassknoted/asl-alphabet/asl_alphabet_train/asl_alphabet_train/del/del2148.jpg,False,nothing,0.8982571363449097,False
del,/kaggle/input/datasets/grassknoted/asl-alphabet/asl_alphabet_train/asl_alphabet_train/del/del2154.jpg,False,nothing,0.8916373252868652,False
del,/kaggle/input/datasets/grassknoted/asl-alphabet/asl_alphabet_train/asl_alphabet_train/del/del2177.jpg,True,nothing,0.9027487635612488,False
del,/kaggle/input/datasets/grassknoted/asl-alphabet/asl_alphabet_train/asl_alphabet_train/del/del2203.jpg,True,nothing,0.9391447305679321,False
del,/kaggle/input/datasets/grassknoted/asl-alphabet/asl_alphabet_train/asl_alphabet_train/del/del2220.jpg,True,nothing,0.9299200773239136,False
del,/kaggle/input/datasets/grassknoted/asl-alphabet/asl_alphabet_train/asl_alphabet_train/del/del2252.jpg,False,nothing,0.91671222448349,False
del,/kaggle/input/datasets/grassknoted/asl-alphabet/asl_alphabet_train/asl_alphabet_train/del/del2294.jpg,False,nothing,0.9022566080093384,False
del,/kaggle/input/datasets/grassknoted/asl-alphabet/asl_alphabet_train/asl_alphabet_train/del/del2300.jpg,False,nothing,0.9057801961898804,False
del,/kaggle/input/datasets/grassknoted/asl-alphabet/asl_alphabet_train/asl_alphabet_train/del/del2307.jpg,False,nothing,0.9269110560417175,False
del,/kaggle/input/datasets/grassknoted/asl-alphabet/asl_alphabet_train/asl_alphabet_train/del/del2314.jpg,False,nothing,0.9231879115104675,False
del,/kaggle/input/datasets/grassknoted/asl-alphabet/asl_alphabet_train/asl_alphabet_train/del/del2334.jpg,False,nothing,0.9065679311752319,False
del,/kaggle/input/datasets/grassknoted/asl-alphabet/asl_alphabet_train/asl_alphabet_train/del/del2377.jpg,False,nothing,0.9033483266830444,False
del,/kaggle/input/datasets/grassknoted/asl-alphabet/asl_alphabet_train/asl_alphabet_train/del/del2400.jpg,False,nothing,0.9413859248161316,False
del,/kaggle/input/datasets/grassknoted/asl-alphabet/asl_alphabet_train/asl_alphabet_train/del/del2402.jpg,False,nothing,0.9162185192108154,False
del,/kaggle/input/datasets/grassknoted/asl-alphabet/asl_alphabet_train/asl_alphabet_train/del/del2462.jpg,False,nothing,0.9065374732017517,False
del,/kaggle/input/datasets/grassknoted/asl-alphabet/asl_alphabet_train/asl_alphabet_train/del/del2487.jpg,True,nothing,0.8427953124046326,False
del,/kaggle/input/datasets/grassknoted/asl-alphabet/asl_alphabet_train/asl_alphabet_train/del/del2495.jpg,True,nothing,0.8519845008850098,False
del,/kaggle/input/datasets/grassknoted/asl-alphabet/asl_alphabet_train/asl_alphabet_train/del/del2500.jpg,True,nothing,0.8862394094467163,False
del,/kaggle/input/datasets/grassknoted/asl-alphabet/asl_alphabet_train/asl_alphabet_train/del/del2528.jpg,False,nothing,0.8958080410957336,False
del,/kaggle/input/datasets/grassknoted/asl-alphabet/asl_alphabet_train/asl_alphabet_train/del/del2562.jpg,False,nothing,0.9116674661636353,False
del,/kaggle/input/datasets/grassknoted/asl-alphabet/asl_alphabet_train/asl_alphabet_train/del/del2582.jpg,False,nothing,0.8989386558532715,False
del,/kaggle/input/datasets/grassknoted/asl-alphabet/asl_alphabet_train/asl_alphabet_train/del/del2623.jpg,False,nothing,0.8811150193214417,False
del,/kaggle/input/datasets/grassknoted/asl-alphabet/asl_alphabet_train/asl_alphabet_train/del/del2667.jpg,False,nothing,0.9132577776908875,False
del,/kaggle/input/datasets/grassknoted/asl-alphabet/asl_alphabet_train/asl_alphabet_train/del/del2697.jpg,False,nothing,0.8968167901039124,False
del,/kaggle/input/datasets/grassknoted/asl-alphabet/asl_alphabet_train/asl_alphabet_train/del/del2709.jpg,False,nothing,0.8706969022750854,False
del,/kaggle/input/datasets/grassknoted/asl-alphabet/asl_alphabet_train/asl_alphabet_train/del/del2759.jpg,False,nothing,0.8664596080780029,False
del,/kaggle/input/datasets/grassknoted/asl-alphabet/asl_alphabet_train/asl_alphabet_train/del/del2763.jpg,False,nothing,0.8736200332641602,False
del,/kaggle/input/datasets/grassknoted/asl-alphabet/asl_alphabet_train/asl_alphabet_train/del/del2798.jpg,False,nothing,0.916746973991394,False
del,/kaggle/input/datasets/grassknoted/asl-alphabet/asl_alphabet_train/asl_alphabet_train/del/del2861.jpg,True,nothing,0.8576865196228027,False
del,/kaggle/input/datasets/grassknoted/asl-alphabet/asl_alphabet_train/asl_alphabet_train/del/del2883.jpg,False,nothing,0.8961841464042664,False
del,/kaggle/input/datasets/grassknoted/asl-alphabet/asl_alphabet_train/asl_alphabet_train/del/del2913.jpg,True,nothing,0.8706087470054626,False
del,/kaggle/input/datasets/grassknoted/asl-alphabet/asl_alphabet_train/asl_alphabet_train/del/del2923.jpg,True,nothing,0.8760995864868164,False
del,/kaggle/input/datasets/grassknoted/asl-alphabet/asl_alphabet_train/asl_alphabet_train/del/del2989.jpg,False,nothing,0.9020842909812927,False
del,/kaggle/input/datasets/grassknoted/asl-alphabet/asl_alphabet_train/asl_alphabet_train/del/del307.jpg,False,nothing,0.9125322699546814,False
del,/kaggle/input/datasets/grassknoted/asl-alphabet/asl_alphabet_train/asl_alphabet_train/del/del342.jpg,False,nothing,0.904137372970581,False
del,/kaggle/input/datasets/grassknoted/asl-alphabet/asl_alphabet_train/asl_alphabet_train/del/del353.jpg,True,nothing,0.8971548676490784,False
del,/kaggle/input/datasets/grassknoted/asl-alphabet/asl_alphabet_train/asl_alphabet_train/del/del381.jpg,False,nothing,0.9031230807304382,False
del,/kaggle/input/datasets/grassknoted/asl-alphabet/asl_alphabet_train/asl_alphabet_train/del/del425.jpg,True,nothing,0.9010922908782959,False
del,/kaggle/input/datasets/grassknoted/asl-alphabet/asl_alphabet_train/asl_alphabet_train/del/del445.jpg,True,nothing,0.8999102711677551,False
del,/kaggle/input/datasets/grassknoted/asl-alphabet/asl_alphabet_train/asl_alphabet_train/del/del473.jpg,True,nothing,0.8846124410629272,False
del,/kaggle/input/datasets/grassknoted/asl-alphabet/asl_alphabet_train/asl_alphabet_train/del/del494.jpg,True,nothing,0.8837041854858398,False
del,/kaggle/input/datasets/grassknoted/asl-alphabet/asl_alphabet_train/asl_alphabet_train/del/del503.jpg,True,nothing,0.8843227028846741,False
del,/kaggle/input/datasets/grassknoted/asl-alphabet/asl_alphabet_train/asl_alphabet_train/del/del534.jpg,True,nothing,0.8850566744804382,False
del,/kaggle/input/datasets/grassknoted/asl-alphabet/asl_alphabet_train/asl_alphabet_train/del/del541.jpg,True,nothing,0.8834856748580933,False
del,/kaggle/input/datasets/grassknoted/asl-alphabet/asl_alphabet_train/asl_alphabet_train/del/del561.jpg,True,nothing,0.8833721280097961,False
del,/kaggle/input/datasets/grassknoted/asl-alphabet/asl_alphabet_train/asl_alphabet_train/del/del593.jpg,True,nothing,0.9104945063591003,False
del,/kaggle/input/datasets/grassknoted/asl-alphabet/asl_alphabet_train/asl_alphabet_train/del/del638.jpg,True,nothing,0.9048591256141663,False
del,/kaggle/input/datasets/grassknoted/asl-alphabet/asl_alphabet_train/asl_alphabet_train/del/del642.jpg,True,nothing,0.8921868801116943,False
del,/kaggle/input/datasets/grassknoted/asl-alphabet/asl_alphabet_train/asl_alphabet_train/del/del650.jpg,True,nothing,0.8944644927978516,False
del,/kaggle/input/datasets/grassknoted/asl-alphabet/asl_alphabet_train/asl_alphabet_train/del/del69.jpg,True,nothing,0.9051604270935059,False
del,/kaggle/input/datasets/grassknoted/asl-alphabet/asl_alphabet_train/asl_alphabet_train/del/del698.jpg,False,nothing,0.9181610941886902,False
del,/kaggle/input/datasets/grassknoted/asl-alphabet/asl_alphabet_train/asl_alphabet_train/del/del706.jpg,True,nothing,0.9091867804527283,False
del,/kaggle/input/datasets/grassknoted/asl-alphabet/asl_alphabet_train/asl_alphabet_train/del/del71.jpg,True,nothing,0.8947864770889282,False
del,/kaggle/input/datasets/grassknoted/asl-alphabet/asl_alphabet_train/asl_alphabet_train/del/del728.jpg,True,nothing,0.9237899780273438,False
del,/kaggle/input/datasets/grassknoted/asl-alphabet/asl_alphabet_train/asl_alphabet_train/del/del737.jpg,True,nothing,0.8850775957107544,False
del,/kaggle/input/datasets/grassknoted/asl-alphabet/asl_alphabet_train/asl_alphabet_train/del/del743.jpg,True,nothing,0.895066499710083,False
del,/kaggle/input/datasets/grassknoted/asl-alphabet/asl_alphabet_train/asl_alphabet_train/del/del763.jpg,True,nothing,0.8644304871559143,False
del,/kaggle/input/datasets/grassknoted/asl-alphabet/asl_alphabet_train/asl_alphabet_train/del/del779.jpg,True,nothing,0.9098646640777588,False
del,/kaggle/input/datasets/grassknoted/asl-alphabet/asl_alphabet_train/asl_alphabet_train/del/del793.jpg,True,nothing,0.9097062945365906,False
del,/kaggle/input/datasets/grassknoted/asl-alphabet/asl_alphabet_train/asl_alphabet_train/del/del801.jpg,True,nothing,0.8956447839736938,False
del,/kaggle/input/datasets/grassknoted/asl-alphabet/asl_alphabet_train/asl_alphabet_train/del/del864.jpg,True,nothing,0.9043480753898621,False
del,/kaggle/input/datasets/grassknoted/asl-alphabet/asl_alphabet_train/asl_alphabet_train/del/del97.jpg,False,nothing,0.8978617191314697,False
del,/kaggle/input/datasets/grassknoted/asl-alphabet/asl_alphabet_train/asl_alphabet_train/del/del984.jpg,True,nothing,0.8933366537094116,False
nothing,/kaggle/input/datasets/grassknoted/asl-alphabet/asl_alphabet_train/asl_alphabet_train/nothing/nothing1005.jpg,False,space,0.891878604888916,False
nothing,/kaggle/input/datasets/grassknoted/asl-alphabet/asl_alphabet_train/asl_alphabet_train/nothing/nothing103.jpg,False,space,0.884181022644043,False
nothing,/kaggle/input/datasets/grassknoted/asl-alphabet/asl_alphabet_train/asl_alphabet_train/nothing/nothing1055.jpg,False,space,0.8942869901657104,False
nothing,/kaggle/input/datasets/grassknoted/asl-alphabet/asl_alphabet_train/asl_alphabet_train/nothing/nothing1063.jpg,False,space,0.8915884494781494,False
nothing,/kaggle/input/datasets/grassknoted/asl-alphabet/asl_alphabet_train/asl_alphabet_train/nothing/nothing1077.jpg,False,space,0.9265720844268799,False
nothing,/kaggle/input/datasets/grassknoted/asl-alphabet/asl_alphabet_train/asl_alphabet_train/nothing/nothing1082.jpg,False,space,0.9123095870018005,False
nothing,/kaggle/input/datasets/grassknoted/asl-alphabet/asl_alphabet_train/asl_alphabet_train/nothing/nothing109.jpg,False,space,0.8846265077590942,False
nothing,/kaggle/input/datasets/grassknoted/asl-alphabet/asl_alphabet_train/asl_alphabet_train/nothing/nothing1157.jpg,False,space,0.9132260084152222,False
nothing,/kaggle/input/datasets/grassknoted/asl-alphabet/asl_alphabet_train/asl_alphabet_train/nothing/nothing1194.jpg,False,space,0.8925994038581848,False
nothing,/kaggle/input/datasets/grassknoted/asl-alphabet/asl_alphabet_train/asl_alphabet_train/nothing/nothing1365.jpg,False,space,0.9156278371810913,False
nothing,/kaggle/input/datasets/grassknoted/asl-alphabet/asl_alphabet_train/asl_alphabet_train/nothing/nothing137.jpg,False,space,0.9010114073753357,False
nothing,/kaggle/input/datasets/grassknoted/asl-alphabet/asl_alphabet_train/asl_alphabet_train/nothing/nothing1427.jpg,False,space,0.9120551347732544,False
nothing,/kaggle/input/datasets/grassknoted/asl-alphabet/asl_alphabet_train/asl_alphabet_train/nothing/nothing1432.jpg,False,space,0.8952167630195618,False
nothing,/kaggle/input/datasets/grassknoted/asl-alphabet/asl_alphabet_train/asl_alphabet_train/nothing/nothing1434.jpg,False,space,0.8974946737289429,False
nothing,/kaggle/input/datasets/grassknoted/asl-alphabet/asl_alphabet_train/asl_alphabet_train/nothing/nothing1444.jpg,False,space,0.894405722618103,False
nothing,/kaggle/input/datasets/grassknoted/asl-alphabet/asl_alphabet_train/asl_alphabet_train/nothing/nothing1448.jpg,False,space,0.8836037516593933,False
nothing,/kaggle/input/datasets/grassknoted/asl-alphabet/asl_alphabet_train/asl_alphabet_train/nothing/nothing145.jpg,False,space,0.907741129398346,False
nothing,/kaggle/input/datasets/grassknoted/asl-alphabet/asl_alphabet_train/asl_alphabet_train/nothing/nothing1469.jpg,False,space,0.8992302417755127,False
nothing,/kaggle/input/datasets/grassknoted/asl-alphabet/asl_alphabet_train/asl_alphabet_train/nothing/nothing1530.jpg,False,space,0.9069401025772095,False
nothing,/kaggle/input/datasets/grassknoted/asl-alphabet/asl_alphabet_train/asl_alphabet_train/nothing/nothing1600.jpg,False,space,0.897756814956665,False
nothing,/kaggle/input/datasets/grassknoted/asl-alphabet/asl_alphabet_train/asl_alphabet_train/nothing/nothing1607.jpg,False,space,0.901492714881897,False
nothing,/kaggle/input/datasets/grassknoted/asl-alphabet/asl_alphabet_train/asl_alphabet_train/nothing/nothing1615.jpg,False,space,0.893537700176239,False
nothing,/kaggle/input/datasets/grassknoted/asl-alphabet/asl_alphabet_train/asl_alphabet_train/nothing/nothing1621.jpg,False,space,0.9089065790176392,False
nothing,/kaggle/input/datasets/grassknoted/asl-alphabet/asl_alphabet_train/asl_alphabet_train/nothing/nothing1655.jpg,False,space,0.8989089131355286,False
nothing,/kaggle/input/datasets/grassknoted/asl-alphabet/asl_alphabet_train/asl_alphabet_train/nothing/nothing1662.jpg,False,space,0.8967512249946594,False
nothing,/kaggle/input/datasets/grassknoted/asl-alphabet/asl_alphabet_train/asl_alphabet_train/nothing/nothing1666.jpg,False,space,0.9009066820144653,False
nothing,/kaggle/input/datasets/grassknoted/asl-alphabet/asl_alphabet_train/asl_alphabet_train/nothing/nothing1672.jpg,False,space,0.9049076437950134,False
nothing,/kaggle/input/datasets/grassknoted/asl-alphabet/asl_alphabet_train/asl_alphabet_train/nothing/nothing1680.jpg,False,space,0.9052614569664001,False
nothing,/kaggle/input/datasets/grassknoted/asl-alphabet/asl_alphabet_train/asl_alphabet_train/nothing/nothing1732.jpg,False,space,0.8986349701881409,False
nothing,/kaggle/input/datasets/grassknoted/asl-alphabet/asl_alphabet_train/asl_alphabet_train/nothing/nothing1798.jpg,False,space,0.8919144868850708,False
nothing,/kaggle/input/datasets/grassknoted/asl-alphabet/asl_alphabet_train/asl_alphabet_train/nothing/nothing1802.jpg,False,space,0.8987958431243896,False
nothing,/kaggle/input/datasets/grassknoted/asl-alphabet/asl_alphabet_train/asl_alphabet_train/nothing/nothing1822.jpg,False,space,0.9059202075004578,False
nothing,/kaggle/input/datasets/grassknoted/asl-alphabet/asl_alphabet_train/asl_alphabet_train/nothing/nothing1824.jpg,False,space,0.9081467390060425,False
nothing,/kaggle/input/datasets/grassknoted/asl-alphabet/asl_alphabet_train/asl_alphabet_train/nothing/nothing1886.jpg,False,space,0.9101342558860779,False
nothing,/kaggle/input/datasets/grassknoted/asl-alphabet/asl_alphabet_train/asl_alphabet_train/nothing/nothing19.jpg,False,space,0.8804391026496887,False
nothing,/kaggle/input/datasets/grassknoted/asl-alphabet/asl_alphabet_train/asl_alphabet_train/nothing/nothing1932.jpg,False,space,0.904322624206543,False
nothing,/kaggle/input/datasets/grassknoted/asl-alphabet/asl_alphabet_train/asl_alphabet_train/nothing/nothing195.jpg,False,space,0.9083725810050964,False
nothing,/kaggle/input/datasets/grassknoted/asl-alphabet/asl_alphabet_train/asl_alphabet_train/nothing/nothing1998.jpg,False,space,0.9065861105918884,False
nothing,/kaggle/input/datasets/grassknoted/asl-alphabet/asl_alphabet_train/asl_alphabet_train/nothing/nothing2015.jpg,False,space,0.8730006217956543,False
nothing,/kaggle/input/datasets/grassknoted/asl-alphabet/asl_alphabet_train/asl_alphabet_train/nothing/nothing2021.jpg,False,space,0.8701812624931335,False
nothing,/kaggle/input/datasets/grassknoted/asl-alphabet/asl_alphabet_train/asl_alphabet_train/nothing/nothing2033.jpg,False,space,0.8653175234794617,False
nothing,/kaggle/input/datasets/grassknoted/asl-alphabet/asl_alphabet_train/asl_alphabet_train/nothing/nothing2055.jpg,False,space,0.8474376201629639,False
nothing,/kaggle/input/datasets/grassknoted/asl-alphabet/asl_alphabet_train/asl_alphabet_train/nothing/nothing2076.jpg,False,space,0.891241729259491,False
nothing,/kaggle/input/datasets/grassknoted/asl-alphabet/asl_alphabet_train/asl_alphabet_train/nothing/nothing2097.jpg,False,space,0.918895423412323,False
nothing,/kaggle/input/datasets/grassknoted/asl-alphabet/asl_alphabet_train/asl_alphabet_train/nothing/nothing2126.jpg,False,space,0.9143577814102173,False
nothing,/kaggle/input/datasets/grassknoted/asl-alphabet/asl_alphabet_train/asl_alphabet_train/nothing/nothing2145.jpg,False,space,0.9224973917007446,False
nothing,/kaggle/input/datasets/grassknoted/asl-alphabet/asl_alphabet_train/asl_alphabet_train/nothing/nothing2237.jpg,False,space,0.8887505531311035,False
nothing,/kaggle/input/datasets/grassknoted/asl-alphabet/asl_alphabet_train/asl_alphabet_train/nothing/nothing224.jpg,False,space,0.9110417366027832,False
nothing,/kaggle/input/datasets/grassknoted/asl-alphabet/asl_alphabet_train/asl_alphabet_train/nothing/nothing227.jpg,False,space,0.9127622246742249,False
nothing,/kaggle/input/datasets/grassknoted/asl-alphabet/asl_alphabet_train/asl_alphabet_train/nothing/nothing230.jpg,False,space,0.899096667766571,False
nothing,/kaggle/input/datasets/grassknoted/asl-alphabet/asl_alphabet_train/asl_alphabet_train/nothing/nothing2335.jpg,False,space,0.8937240242958069,False
nothing,/kaggle/input/datasets/grassknoted/asl-alphabet/asl_alphabet_train/asl_alphabet_train/nothing/nothing2339.jpg,False,space,0.8854498267173767,False
nothing,/kaggle/input/datasets/grassknoted/asl-alphabet/asl_alphabet_train/asl_alphabet_train/nothing/nothing2341.jpg,False,space,0.8979936838150024,False
nothing,/kaggle/input/datasets/grassknoted/asl-alphabet/asl_alphabet_train/asl_alphabet_train/nothing/nothing2367.jpg,False,space,0.8844655156135559,False
nothing,/kaggle/input/datasets/grassknoted/asl-alphabet/asl_alphabet_train/asl_alphabet_train/nothing/nothing238.jpg,False,space,0.9030717015266418,False
nothing,/kaggle/input/datasets/grassknoted/asl-alphabet/asl_alphabet_train/asl_alphabet_train/nothing/nothing2390.jpg,False,space,0.9013371467590332,False
nothing,/kaggle/input/datasets/grassknoted/asl-alphabet/asl_alphabet_train/asl_alphabet_train/nothing/nothing240.jpg,False,space,0.9096124768257141,False
nothing,/kaggle/input/datasets/grassknoted/asl-alphabet/asl_alphabet_train/asl_alphabet_train/nothing/nothing2403.jpg,False,space,0.883389949798584,False
nothing,/kaggle/input/datasets/grassknoted/asl-alphabet/asl_alphabet_train/asl_alphabet_train/nothing/nothing2426.jpg,False,space,0.8973051309585571,False
nothing,/kaggle/input/datasets/grassknoted/asl-alphabet/asl_alphabet_train/asl_alphabet_train/nothing/nothing2477.jpg,False,space,0.8955518007278442,False
nothing,/kaggle/input/datasets/grassknoted/asl-alphabet/asl_alphabet_train/asl_alphabet_train/nothing/nothing248.jpg,False,space,0.9110203385353088,False
nothing,/kaggle/input/datasets/grassknoted/asl-alphabet/asl_alphabet_train/asl_alphabet_train/nothing/nothing2485.jpg,False,space,0.8897035121917725,False
nothing,/kaggle/input/datasets/grassknoted/asl-alphabet/asl_alphabet_train/asl_alphabet_train/nothing/nothing2488.jpg,False,space,0.8817644715309143,False
nothing,/kaggle/input/datasets/grassknoted/asl-alphabet/asl_alphabet_train/asl_alphabet_train/nothing/nothing2494.jpg,False,space,0.8878099322319031,False
nothing,/kaggle/input/datasets/grassknoted/asl-alphabet/asl_alphabet_train/asl_alphabet_train/nothing/nothing26.jpg,False,space,0.8883273005485535,False
nothing,/kaggle/input/datasets/grassknoted/asl-alphabet/asl_alphabet_train/asl_alphabet_train/nothing/nothing2703.jpg,False,space,0.89707350730896,False
nothing,/kaggle/input/datasets/grassknoted/asl-alphabet/asl_alphabet_train/asl_alphabet_train/nothing/nothing2753.jpg,False,space,0.8620172739028931,False
nothing,/kaggle/input/datasets/grassknoted/asl-alphabet/asl_alphabet_train/asl_alphabet_train/nothing/nothing2774.jpg,False,space,0.74568772315979,False
nothing,/kaggle/input/datasets/grassknoted/asl-alphabet/asl_alphabet_train/asl_alphabet_train/nothing/nothing2786.jpg,False,space,0.7810297608375549,False
nothing,/kaggle/input/datasets/grassknoted/asl-alphabet/asl_alphabet_train/asl_alphabet_train/nothing/nothing2814.jpg,False,space,0.8015047311782837,False
nothing,/kaggle/input/datasets/grassknoted/asl-alphabet/asl_alphabet_train/asl_alphabet_train/nothing/nothing2874.jpg,False,space,0.8037419319152832,False
nothing,/kaggle/input/datasets/grassknoted/asl-alphabet/asl_alphabet_train/asl_alphabet_train/nothing/nothing2902.jpg,False,space,0.8491079211235046,False
nothing,/kaggle/input/datasets/grassknoted/asl-alphabet/asl_alphabet_train/asl_alphabet_train/nothing/nothing2928.jpg,False,space,0.8717520833015442,False
nothing,/kaggle/input/datasets/grassknoted/asl-alphabet/asl_alphabet_train/asl_alphabet_train/nothing/nothing2938.jpg,False,space,0.8903526663780212,False
nothing,/kaggle/input/datasets/grassknoted/asl-alphabet/asl_alphabet_train/asl_alphabet_train/nothing/nothing2985.jpg,False,space,0.9014621376991272,False
nothing,/kaggle/input/datasets/grassknoted/asl-alphabet/asl_alphabet_train/asl_alphabet_train/nothing/nothing403.jpg,False,space,0.8887532949447632,False
nothing,/kaggle/input/datasets/grassknoted/asl-alphabet/asl_alphabet_train/asl_alphabet_train/nothing/nothing423.jpg,False,space,0.8998619914054871,False
nothing,/kaggle/input/datasets/grassknoted/asl-alphabet/asl_alphabet_train/asl_alphabet_train/nothing/nothing444.jpg,False,space,0.9042368531227112,False
nothing,/kaggle/input/datasets/grassknoted/asl-alphabet/asl_alphabet_train/asl_alphabet_train/nothing/nothing453.jpg,False,space,0.8848017454147339,False
nothing,/kaggle/input/datasets/grassknoted/asl-alphabet/asl_alphabet_train/asl_alphabet_train/nothing/nothing457.jpg,False,space,0.8945297002792358,False
nothing,/kaggle/input/datasets/grassknoted/asl-alphabet/asl_alphabet_train/asl_alphabet_train/nothing/nothing498.jpg,False,space,0.9013882875442505,False
nothing,/kaggle/input/datasets/grassknoted/asl-alphabet/asl_alphabet_train/asl_alphabet_train/nothing/nothing542.jpg,False,space,0.8683713674545288,False
nothing,/kaggle/input/datasets/grassknoted/asl-alphabet/asl_alphabet_train/asl_alphabet_train/nothing/nothing559.jpg,False,space,0.8903176188468933,False
nothing,/kaggle/input/datasets/grassknoted/asl-alphabet/asl_alphabet_train/asl_alphabet_train/nothing/nothing589.jpg,False,space,0.8984197378158569,False
nothing,/kaggle/input/datasets/grassknoted/asl-alphabet/asl_alphabet_train/asl_alphabet_train/nothing/nothing592.jpg,False,space,0.8835546970367432,False
nothing,/kaggle/input/datasets/grassknoted/asl-alphabet/asl_alphabet_train/asl_alphabet_train/nothing/nothing595.jpg,False,space,0.8956228494644165,False
nothing,/kaggle/input/datasets/grassknoted/asl-alphabet/asl_alphabet_train/asl_alphabet_train/nothing/nothing660.jpg,False,space,0.9219521880149841,False
nothing,/kaggle/input/datasets/grassknoted/asl-alphabet/asl_alphabet_train/asl_alphabet_train/nothing/nothing7.jpg,False,space,0.879997968673706,False
nothing,/kaggle/input/datasets/grassknoted/asl-alphabet/asl_alphabet_train/asl_alphabet_train/nothing/nothing715.jpg,False,space,0.919003427028656,False
nothing,/kaggle/input/datasets/grassknoted/asl-alphabet/asl_alphabet_train/asl_alphabet_train/nothing/nothing763.jpg,False,space,0.9072204828262329,False
nothing,/kaggle/input/datasets/grassknoted/asl-alphabet/asl_alphabet_train/asl_alphabet_train/nothing/nothing765.jpg,False,space,0.8999241590499878,False
nothing,/kaggle/input/datasets/grassknoted/asl-alphabet/asl_alphabet_train/asl_alphabet_train/nothing/nothing782.jpg,False,space,0.9098386764526367,False
nothing,/kaggle/input/datasets/grassknoted/asl-alphabet/asl_alphabet_train/asl_alphabet_train/nothing/nothing859.jpg,False,space,0.8913556933403015,False
nothing,/kaggle/input/datasets/grassknoted/asl-alphabet/asl_alphabet_train/asl_alphabet_train/nothing/nothing879.jpg,False,space,0.8843276500701904,False
nothing,/kaggle/input/datasets/grassknoted/asl-alphabet/asl_alphabet_train/asl_alphabet_train/nothing/nothing888.jpg,False,space,0.8831288814544678,False
nothing,/kaggle/input/datasets/grassknoted/asl-alphabet/asl_alphabet_train/asl_alphabet_train/nothing/nothing923.jpg,False,space,0.894085705280304,False
nothing,/kaggle/input/datasets/grassknoted/asl-alphabet/asl_alphabet_train/asl_alphabet_train/nothing/nothing93.jpg,False,space,0.8958627581596375,False
nothing,/kaggle/input/datasets/grassknoted/asl-alphabet/asl_alphabet_train/asl_alphabet_train/nothing/nothing940.jpg,False,space,0.8992254734039307,False
nothing,/kaggle/input/datasets/grassknoted/asl-alphabet/asl_alphabet_train/asl_alphabet_train/nothing/nothing981.jpg,False,space,0.9039843082427979,False
nothing,/kaggle/input/datasets/grassknoted/asl-alphabet/asl_alphabet_train/asl_alphabet_train/nothing/nothing999.jpg,False,space,0.9031910300254822,False
space,/kaggle/input/datasets/grassknoted/asl-alphabet/asl_alphabet_train/asl_alphabet_train/space/space1023.jpg,True,del,0.9108831286430359,False
space,/kaggle/input/datasets/grassknoted/asl-alphabet/asl_alphabet_train/asl_alphabet_train/space/space1056.jpg,True,del,0.8908997774124146,False
space,/kaggle/input/datasets/grassknoted/asl-alphabet/asl_alphabet_train/asl_alphabet_train/space/space1073.jpg,True,del,0.9169175028800964,False
space,/kaggle/input/datasets/grassknoted/asl-alphabet/asl_alphabet_train/asl_alphabet_train/space/space1104.jpg,True,del,0.9107900857925415,False
space,/kaggle/input/datasets/grassknoted/asl-alphabet/asl_alphabet_train/asl_alphabet_train/space/space1117.jpg,True,del,0.9227365255355835,False
space,/kaggle/input/datasets/grassknoted/asl-alphabet/asl_alphabet_train/asl_alphabet_train/space/space1142.jpg,False,del,0.9185094237327576,False
space,/kaggle/input/datasets/grassknoted/asl-alphabet/asl_alphabet_train/asl_alphabet_train/space/space1150.jpg,True,del,0.9107375741004944,False
space,/kaggle/input/datasets/grassknoted/asl-alphabet/asl_alphabet_train/asl_alphabet_train/space/space116.jpg,True,del,0.8965269327163696,False
space,/kaggle/input/datasets/grassknoted/asl-alphabet/asl_alphabet_train/asl_alphabet_train/space/space1195.jpg,True,del,0.9079501032829285,False
space,/kaggle/input/datasets/grassknoted/asl-alphabet/asl_alphabet_train/asl_alphabet_train/space/space1212.jpg,True,del,0.9252561330795288,False
space,/kaggle/input/datasets/grassknoted/asl-alphabet/asl_alphabet_train/asl_alphabet_train/space/space1288.jpg,True,del,0.8942910432815552,False
space,/kaggle/input/datasets/grassknoted/asl-alphabet/asl_alphabet_train/asl_alphabet_train/space/space1312.jpg,False,del,0.9122182726860046,False
space,/kaggle/input/datasets/grassknoted/asl-alphabet/asl_alphabet_train/asl_alphabet_train/space/space1346.jpg,True,del,0.9240782856941223,False
space,/kaggle/input/datasets/grassknoted/asl-alphabet/asl_alphabet_train/asl_alphabet_train/space/space1438.jpg,False,del,0.9046226143836975,False
space,/kaggle/input/datasets/grassknoted/asl-alphabet/asl_alphabet_train/asl_alphabet_train/space/space1486.jpg,False,del,0.9064842462539673,False
space,/kaggle/input/datasets/grassknoted/asl-alphabet/asl_alphabet_train/asl_alphabet_train/space/space1532.jpg,False,del,0.9172059893608093,False
space,/kaggle/input/datasets/grassknoted/asl-alphabet/asl_alphabet_train/asl_alphabet_train/space/space1543.jpg,False,del,0.9064583778381348,False
space,/kaggle/input/datasets/grassknoted/asl-alphabet/asl_alphabet_train/asl_alphabet_train/space/space1550.jpg,False,del,0.9062998294830322,False
space,/kaggle/input/datasets/grassknoted/asl-alphabet/asl_alphabet_train/asl_alphabet_train/space/space1586.jpg,True,del,0.9106736779212952,False
space,/kaggle/input/datasets/grassknoted/asl-alphabet/asl_alphabet_train/asl_alphabet_train/space/space159.jpg,False,del,0.904955267906189,False
space,/kaggle/input/datasets/grassknoted/asl-alphabet/asl_alphabet_train/asl_alphabet_train/space/space1596.jpg,False,del,0.9080304503440857,False
space,/kaggle/input/datasets/grassknoted/asl-alphabet/asl_alphabet_train/asl_alphabet_train/space/space1621.jpg,True,del,0.9123866558074951,False
space,/kaggle/input/datasets/grassknoted/asl-alphabet/asl_alphabet_train/asl_alphabet_train/space/space1646.jpg,False,del,0.9215918183326721,False
space,/kaggle/input/datasets/grassknoted/asl-alphabet/asl_alphabet_train/asl_alphabet_train/space/space1657.jpg,True,del,0.9236904978752136,False
space,/kaggle/input/datasets/grassknoted/asl-alphabet/asl_alphabet_train/asl_alphabet_train/space/space1679.jpg,True,del,0.9021914601325989,False
space,/kaggle/input/datasets/grassknoted/asl-alphabet/asl_alphabet_train/asl_alphabet_train/space/space1732.jpg,True,del,0.9052123427391052,False
space,/kaggle/input/datasets/grassknoted/asl-alphabet/asl_alphabet_train/asl_alphabet_train/space/space1751.jpg,True,del,0.9125517010688782,False
space,/kaggle/input/datasets/grassknoted/asl-alphabet/asl_alphabet_train/asl_alphabet_train/space/space1768.jpg,False,del,0.9287569522857666,False
space,/kaggle/input/datasets/grassknoted/asl-alphabet/asl_alphabet_train/asl_alphabet_train/space/space187.jpg,False,del,0.8924434781074524,False
space,/kaggle/input/datasets/grassknoted/asl-alphabet/asl_alphabet_train/asl_alphabet_train/space/space1887.jpg,True,del,0.8933336138725281,False
space,/kaggle/input/datasets/grassknoted/asl-alphabet/asl_alphabet_train/asl_alphabet_train/space/space1929.jpg,True,del,0.9200403690338135,False
space,/kaggle/input/datasets/grassknoted/asl-alphabet/asl_alphabet_train/asl_alphabet_train/space/space1952.jpg,False,del,0.905502438545227,False
space,/kaggle/input/datasets/grassknoted/asl-alphabet/asl_alphabet_train/asl_alphabet_train/space/space2006.jpg,True,del,0.8975540995597839,False
space,/kaggle/input/datasets/grassknoted/asl-alphabet/asl_alphabet_train/asl_alphabet_train/space/space2110.jpg,True,del,0.8942228555679321,False
space,/kaggle/input/datasets/grassknoted/asl-alphabet/asl_alphabet_train/asl_alphabet_train/space/space2159.jpg,False,del,0.9034908413887024,False
space,/kaggle/input/datasets/grassknoted/asl-alphabet/asl_alphabet_train/asl_alphabet_train/space/space2180.jpg,False,del,0.8928000330924988,False
space,/kaggle/input/datasets/grassknoted/asl-alphabet/asl_alphabet_train/asl_alphabet_train/space/space2186.jpg,True,del,0.9110329151153564,False
space,/kaggle/input/datasets/grassknoted/asl-alphabet/asl_alphabet_train/asl_alphabet_train/space/space2190.jpg,False,del,0.9044799208641052,False
space,/kaggle/input/datasets/grassknoted/asl-alphabet/asl_alphabet_train/asl_alphabet_train/space/space2201.jpg,False,del,0.9129085540771484,False
space,/kaggle/input/datasets/grassknoted/asl-alphabet/asl_alphabet_train/asl_alphabet_train/space/space2213.jpg,False,del,0.9209438562393188,False
space,/kaggle/input/datasets/grassknoted/asl-alphabet/asl_alphabet_train/asl_alphabet_train/space/space2245.jpg,False,del,0.8950027823448181,False
space,/kaggle/input/datasets/grassknoted/asl-alphabet/asl_alphabet_train/asl_alphabet_train/space/space2247.jpg,False,del,0.8936019539833069,False
space,/kaggle/input/datasets/grassknoted/asl-alphabet/asl_alphabet_train/asl_alphabet_train/space/space2266.jpg,False,del,0.90584397315979,False
space,/kaggle/input/datasets/grassknoted/asl-alphabet/asl_alphabet_train/asl_alphabet_train/space/space2298.jpg,False,del,0.89962238073349,False
space,/kaggle/input/datasets/grassknoted/asl-alphabet/asl_alphabet_train/asl_alphabet_train/space/space2386.jpg,False,del,0.9404468536376953,False
space,/kaggle/input/datasets/grassknoted/asl-alphabet/asl_alphabet_train/asl_alphabet_train/space/space2388.jpg,False,del,0.9310040473937988,False
space,/kaggle/input/datasets/grassknoted/asl-alphabet/asl_alphabet_train/asl_alphabet_train/space/space2401.jpg,False,del,0.9117344617843628,False
space,/kaggle/input/datasets/grassknoted/asl-alphabet/asl_alphabet_train/asl_alphabet_train/space/space2403.jpg,True,del,0.9269397258758545,False
space,/kaggle/input/datasets/grassknoted/asl-alphabet/asl_alphabet_train/asl_alphabet_train/space/space2407.jpg,False,del,0.9155755043029785,False
space,/kaggle/input/datasets/grassknoted/asl-alphabet/asl_alphabet_train/asl_alphabet_train/space/space2409.jpg,False,del,0.9240710735321045,False
space,/kaggle/input/datasets/grassknoted/asl-alphabet/asl_alphabet_train/asl_alphabet_train/space/space2471.jpg,False,del,0.9081555008888245,False
space,/kaggle/input/datasets/grassknoted/asl-alphabet/asl_alphabet_train/asl_alphabet_train/space/space2487.jpg,True,del,0.9006348252296448,False
space,/kaggle/input/datasets/grassknoted/asl-alphabet/asl_alphabet_train/asl_alphabet_train/space/space2510.jpg,False,del,0.8802859783172607,False
space,/kaggle/input/datasets/grassknoted/asl-alphabet/asl_alphabet_train/asl_alphabet_train/space/space2511.jpg,False,del,0.8936207294464111,False
space,/kaggle/input/datasets/grassknoted/asl-alphabet/asl_alphabet_train/asl_alphabet_train/space/space2521.jpg,False,del,0.8855531811714172,False
space,/kaggle/input/datasets/grassknoted/asl-alphabet/asl_alphabet_train/asl_alphabet_train/space/space2573.jpg,False,del,0.8975839614868164,False
space,/kaggle/input/datasets/grassknoted/asl-alphabet/asl_alphabet_train/asl_alphabet_train/space/space2590.jpg,False,del,0.8774152994155884,False
space,/kaggle/input/datasets/grassknoted/asl-alphabet/asl_alphabet_train/asl_alphabet_train/space/space2604.jpg,False,del,0.8894028067588806,False
space,/kaggle/input/datasets/grassknoted/asl-alphabet/asl_alphabet_train/asl_alphabet_train/space/space2605.jpg,False,del,0.8920547366142273,False
space,/kaggle/input/datasets/grassknoted/asl-alphabet/asl_alphabet_train/asl_alphabet_train/space/space263.jpg,True,del,0.9064592719078064,False
space,/kaggle/input/datasets/grassknoted/asl-alphabet/asl_alphabet_train/asl_alphabet_train/space/space2647.jpg,False,del,0.9005686640739441,False
space,/kaggle/input/datasets/grassknoted/asl-alphabet/asl_alphabet_train/asl_alphabet_train/space/space2693.jpg,False,del,0.8879274725914001,False
space,/kaggle/input/datasets/grassknoted/asl-alphabet/asl_alphabet_train/asl_alphabet_train/space/space2735.jpg,False,del,0.8978345394134521,False
space,/kaggle/input/datasets/grassknoted/asl-alphabet/asl_alphabet_train/asl_alphabet_train/space/space2789.jpg,False,del,0.8362116813659668,False
space,/kaggle/input/datasets/grassknoted/asl-alphabet/asl_alphabet_train/asl_alphabet_train/space/space2793.jpg,False,del,0.77775639295578,False
space,/kaggle/input/datasets/grassknoted/asl-alphabet/asl_alphabet_train/asl_alphabet_train/space/space2803.jpg,False,del,0.8872523307800293,False
space,/kaggle/input/datasets/grassknoted/asl-alphabet/asl_alphabet_train/asl_alphabet_train/space/space2815.jpg,False,del,0.8949196338653564,False
space,/kaggle/input/datasets/grassknoted/asl-alphabet/asl_alphabet_train/asl_alphabet_train/space/space2842.jpg,True,del,0.8827341794967651,False
space,/kaggle/input/datasets/grassknoted/asl-alphabet/asl_alphabet_train/asl_alphabet_train/space/space2844.jpg,True,del,0.886204719543457,False
space,/kaggle/input/datasets/grassknoted/asl-alphabet/asl_alphabet_train/asl_alphabet_train/space/space2858.jpg,True,del,0.893415629863739,False
space,/kaggle/input/datasets/grassknoted/asl-alphabet/asl_alphabet_train/asl_alphabet_train/space/space2863.jpg,True,del,0.8934680223464966,False
space,/kaggle/input/datasets/grassknoted/asl-alphabet/asl_alphabet_train/asl_alphabet_train/space/space2936.jpg,False,del,0.8965215682983398,False
space,/kaggle/input/datasets/grassknoted/asl-alphabet/asl_alphabet_train/asl_alphabet_train/space/space2939.jpg,False,del,0.8862682580947876,False
space,/kaggle/input/datasets/grassknoted/asl-alphabet/asl_alphabet_train/asl_alphabet_train/space/space298.jpg,True,del,0.9180144667625427,False
space,/kaggle/input/datasets/grassknoted/asl-alphabet/asl_alphabet_train/asl_alphabet_train/space/space2981.jpg,True,del,0.8764944672584534,False
space,/kaggle/input/datasets/grassknoted/asl-alphabet/asl_alphabet_train/asl_alphabet_train/space/space2983.jpg,False,del,0.8943901658058167,False
space,/kaggle/input/datasets/grassknoted/asl-alphabet/asl_alphabet_train/asl_alphabet_train/space/space31.jpg,True,del,0.89128577709198,False
space,/kaggle/input/datasets/grassknoted/asl-alphabet/asl_alphabet_train/asl_alphabet_train/space/space328.jpg,True,del,0.914393961429596,False
space,/kaggle/input/datasets/grassknoted/asl-alphabet/asl_alphabet_train/asl_alphabet_train/space/space342.jpg,True,del,0.9097800850868225,False
space,/kaggle/input/datasets/grassknoted/asl-alphabet/asl_alphabet_train/asl_alphabet_train/space/space343.jpg,True,del,0.9029145240783691,False
space,/kaggle/input/datasets/grassknoted/asl-alphabet/asl_alphabet_train/asl_alphabet_train/space/space410.jpg,True,del,0.8962029814720154,False
space,/kaggle/input/datasets/grassknoted/asl-alphabet/asl_alphabet_train/asl_alphabet_train/space/space42.jpg,False,del,0.8888940811157227,False
space,/kaggle/input/datasets/grassknoted/asl-alphabet/asl_alphabet_train/asl_alphabet_train/space/space482.jpg,True,del,0.8994303345680237,False
space,/kaggle/input/datasets/grassknoted/asl-alphabet/asl_alphabet_train/asl_alphabet_train/space/space488.jpg,True,del,0.9030479192733765,False
space,/kaggle/input/datasets/grassknoted/asl-alphabet/asl_alphabet_train/asl_alphabet_train/space/space521.jpg,False,del,0.9056140780448914,False
space,/kaggle/input/datasets/grassknoted/asl-alphabet/asl_alphabet_train/asl_alphabet_train/space/space526.jpg,True,del,0.918727457523346,False
space,/kaggle/input/datasets/grassknoted/asl-alphabet/asl_alphabet_train/asl_alphabet_train/space/space53.jpg,False,del,0.8976473808288574,False
space,/kaggle/input/datasets/grassknoted/asl-alphabet/asl_alphabet_train/asl_alphabet_train/space/space535.jpg,True,del,0.906722366809845,False
space,/kaggle/input/datasets/grassknoted/asl-alphabet/asl_alphabet_train/asl_alphabet_train/space/space614.jpg,False,del,0.9062022566795349,False
space,/kaggle/input/datasets/grassknoted/asl-alphabet/asl_alphabet_train/asl_alphabet_train/space/space618.jpg,True,del,0.8965597152709961,False
space,/kaggle/input/datasets/grassknoted/asl-alphabet/asl_alphabet_train/asl_alphabet_train/space/space650.jpg,True,del,0.8906034231185913,False
space,/kaggle/input/datasets/grassknoted/asl-alphabet/asl_alphabet_train/asl_alphabet_train/space/space695.jpg,False,del,0.9201362729072571,False
space,/kaggle/input/datasets/grassknoted/asl-alphabet/asl_alphabet_train/asl_alphabet_train/space/space743.jpg,False,del,0.8852818608283997,False
space,/kaggle/input/datasets/grassknoted/asl-alphabet/asl_alphabet_train/asl_alphabet_train/space/space765.jpg,True,del,0.8980543613433838,False
space,/kaggle/input/datasets/grassknoted/asl-alphabet/asl_alphabet_train/asl_alphabet_train/space/space789.jpg,True,del,0.8796687126159668,False
space,/kaggle/input/datasets/grassknoted/asl-alphabet/asl_alphabet_train/asl_alphabet_train/space/space859.jpg,True,del,0.88583904504776,False
space,/kaggle/input/datasets/grassknoted/asl-alphabet/asl_alphabet_train/asl_alphabet_train/space/space893.jpg,False,del,0.8932960033416748,False
space,/kaggle/input/datasets/grassknoted/asl-alphabet/asl_alphabet_train/asl_alphabet_train/space/space909.jpg,False,del,0.8901602029800415,False
space,/kaggle/input/datasets/grassknoted/asl-alphabet/asl_alphabet_train/asl_alphabet_train/space/space927.jpg,False,del,0.9040528535842896,False
space,/kaggle/input/datasets/grassknoted/asl-alphabet/asl_alphabet_train/asl_alphabet_train/space/space930.jpg,True,del,0.897172749042511,False
